domain,open_page_rank,referring_domains,status,concentration_risk,concentrated_risk,ahrefs_domain_rating,wayback_snapshots,stale_snapshot,Has Full Words,Words Found,Comment,tier,composite_score,wayback_first_seen,wayback_last_seen
auraclinic.ie,,,not_found,,,39,,,Yes,clinic,,,,,
lmwebdesign.ie,0.31,0,has_data,True,True,37,140,,Yes,design,,,,2024-05-11,2026-05-19
gardencountysport.ie,1.45,7,has_data,False,False,35,3823,,,,,,,2024-07-15,2026-05-25
evolvai.ie,,,not_found,,,33,,,,,,,,,
portal.ie,0.59,1,has_data,True,True,32,2860,3266,,,,,,2003-09-21,2017-09-24
exclusion.ie,0.71,2,has_data,True,True,31,1745,,No,,,,,2021-03-04,2026-04-13
aedcabinets.ie,0.4,1,has_data,True,True,31,741,,,,,,,2012-12-04,2026-01-20
t4.ie,1.05,4,has_data,False,False,30,5000,,,,,,,2007-02-09,2026-06-12
firstpagemarketing.ie,1.82,11,has_data,False,False,28,1431,,,,,,,2023-09-16,2025-09-16
c4i.ie,0.89,3,has_data,True,True,27,1399,1685,,,,"RISK — DR score likely inflated by 1-3 sources, verify before trusting DR",32.95,2004-10-21,2022-01-22
alldublinfarmpainters.ie,0.4,1,has_data,True,True,27,426,,Yes,"dublin, paint",,,,2021-08-09,2026-05-14
gorillalocal.ie,0.24,0,has_data,True,True,27,88,,,,,,,2024-06-19,2025-11-11
petesprovisions.ie,1.24,6,has_data,False,False,26,1510,,,,,,,2021-12-20,2026-05-05
mobilewebdesign.ie,0.3,0,has_data,True,True,26,345,,,,,"RISK — DR score likely inflated by 1-3 sources, verify before trusting DR",27.5,2009-11-13,2026-05-18
youandonline.ie,,,not_found,,,26,,,Yes,online,,,,,
matherapy.ie,1.06,4,has_data,False,False,25,14,,Yes,therapy,,,,2021-12-17,2026-06-09
themediachimp.ie,0.32,0,has_data,True,True,25,17,,Yes,media,,,,2023-04-01,2026-04-19
treo.ie,0.23,0,has_data,True,True,25,2392,,,,,"RISK — DR score likely inflated by 1-3 sources, verify before trusting DR",26.15,2002-10-08,2026-04-18
rosweb.ie,0.29,0,has_data,True,True,24,47,495,,,,"RISK — DR score likely inflated by 1-3 sources, verify before trusting DR",23.45,2024-07-16,2025-04-26
zdesign.ie,0.24,0,has_data,True,True,24,3277,,,,,,,2008-06-29,2025-10-24
writeinsite.ie,0.43,1,has_data,True,True,23,5000,,,,,"RISK — DR score likely inflated by 1-3 sources, verify before trusting DR",25.65,2017-01-05,2026-05-17
billydesmond.ie,0.42,1,has_data,True,True,23,256,,,,,,,2021-04-01,2025-10-10
effectorclients.ie,0.71,2,has_data,True,True,22,349,,No,,,,,2019-02-03,2026-05-10
hhokit.ie,0.56,2,has_data,True,True,22,5000,418,No,,,,,2015-02-15,2025-07-12
thinksocial.ie,0.45,1,has_data,True,True,22,5000,1516,,,,,,2013-04-07,2022-07-10
artlinkonline.ie,0.76,2,has_data,True,True,21,1423,,Yes,online,,,,2020-05-26,2026-04-18
fineartframed.ie,0.47,1,has_data,True,True,21,5000,726,,,,,,2009-12-03,2024-09-07
latienda.ie,0.76,1,has_data,True,True,19,321,,,,,"RISK — DR score likely inflated by 1-3 sources, verify before trusting DR",23.3,2023-09-22,2026-06-10
online365.ie,0.29,0,has_data,True,True,19,2481,396,Yes,online,,"RISK — DR score likely inflated by 1-3 sources, verify before trusting DR",20.45,2006-06-18,2025-08-03
netbuilder365.ie,0.24,0,has_data,True,True,19,459,,Yes,build,,,,2020-06-08,2026-03-13
allwisepavinglandscaping.ie,0.23,0,has_data,,,19,,,Yes,"landscaping, paving",,,,,
mediarise.ie,,,not_found,,,19,,,Yes,media,,,,,
tobi.ie,0.66,2,has_data,True,True,18,40,,,,,,,2021-12-27,2026-08-12
cafollasmga.ie,0.24,0,has_data,True,True,18,418,713,,,,,,2017-11-04,2024-09-20
autoindex24.ie,,,not_found,,,18,0,,Yes,auto,,,,,
creativepals.ie,,,not_found,,,18,0,,Yes,creative,,,,,
quicktours.ie,,,not_found,,,18,,,Yes,tour,,,,,
draftstudio.ie,0.25,0,has_data,True,True,17,2195,446,,,,,,2017-06-16,2025-06-14
pjglassservices.ie,,,not_found,,,17,,,,,,,,,
bikeworkshops.ie,1.4,7,has_data,False,False,16,3234,595,Yes,Bike workshop,,,,2017-11-04,2025-01-16
easyradio.ie,0.4,1,has_data,True,True,16,2935,,,,,,,2015-09-27,2026-04-19
cillian.ie,0.31,0,has_data,True,True,16,399,,,,,"RISK — DR score likely inflated by 1-3 sources, verify before trusting DR",17.55,2006-10-23,2025-10-15
creativa.ie,0.23,0,has_data,True,True,16,1138,3844,No,,,"RISK — DR score likely inflated by 1-3 sources, verify before trusting DR",17.15,2006-06-16,2016-02-24
acarahouse.ie,1.33,6,has_data,False,False,14,1260,,,,,,,2008-12-17,2026-04-16
chooseradio.ie,0.89,3,has_data,False,False,14,3218,749,,,,SKIP — below minimum thresholds,19.95,2009-09-12,2024-08-15
airpal.ie,0.77,3,has_data,False,False,14,523,,No,,,SKIP — below minimum thresholds,19.35,2024-05-22,2025-12-14
itrustethics.ie,0.61,2,has_data,False,False,14,349,775,,,,,,2017-05-01,2024-07-20
drivingtestcancellations.ie,0.55,2,has_data,False,False,14,36,,,,,,,2025-08-07,2026-06-12
kearneyproperty.ie,0.55,2,has_data,False,False,14,5000,,,,,SKIP — below minimum thresholds,17.75,2010-07-06,2025-10-28
tgifridays.ie,0.54,1,has_data,False,False,14,361,3852,,,,,,2003-04-08,2016-02-16
mayotrails.ie,0.44,1,has_data,False,False,14,636,,Yes,mayo,,,,2011-04-19,2026-02-10
sacredjewellery.ie,0.4,1,has_data,False,False,14,2386,,,,,SKIP — below minimum thresholds,16.5,2020-08-05,2025-09-03
localgems.ie,0.24,0,has_data,False,False,14,1,,,,,SKIP — below minimum thresholds,15.2,2026-05-27,2026-05-27
devanesbutchers.ie,0.23,0,not_found,False,False,14,93,,No,,,,,2020-10-31,2026-04-21
ecmcreative.ie,,,not_found,,,14,0,,Yes,creative,,,,,
shopcountykildare.ie,0.66,2,has_data,False,False,13,5000,664,No,,,SKIP — below minimum thresholds,17.3,2020-08-04,2024-11-08
infinityhotyoga.ie,0.43,1,has_data,False,False,13,1185,1440,Yes,yoga,,,,2016-07-10,2022-09-24
elight.ie,0.41,1,has_data,False,False,13,1839,2136,No,,,,,2010-10-02,2020-10-28
scarp.ie,0.41,1,has_data,False,False,13,1160,,No,,,SKIP — below minimum thresholds,15.55,2021-12-24,2026-06-08
tymcc.ie,0.4,1,has_data,False,False,13,81,,,,,SKIP — below minimum thresholds,15.5,2022-06-25,2026-06-09
growyourbrand.ie,0.26,0,has_data,False,False,13,9,1182,Yes,brand,,,,2022-01-08,2023-06-09
headonfitness.ie,0.24,0,has_data,False,False,13,577,,Yes,fitness,,SKIP — below minimum thresholds,14.2,2020-10-22,2026-03-06
mickthechipperonline.ie,,,not_found,,,13,22,,,,,,,2021-12-17,2025-11-15
creativityandchange.ie,1.68,11,has_data,False,False,12,2016,,No,,,,,2017-09-06,2026-02-12
aestheticdublin.ie,0.78,3,has_data,False,False,12,1118,,Yes,"aesthetic, dublin",,,,2021-12-05,2026-04-18
enniscorthyshd2.ie,0.45,1,has_data,False,False,12,264,,,,,SKIP — below minimum thresholds,14.75,2022-05-01,2026-06-13
irishmedicalnegligence.ie,0.4,1,has_data,False,False,12,2532,,Yes,"medical, irish",,,,2014-04-30,2026-05-20
jennieritchie.ie,0.4,1,has_data,False,False,12,790,412,,,,,,2017-12-31,2025-07-18
webnanny.ie,0.4,1,has_data,False,False,12,3869,1187,No,,,,,2008-08-17,2023-06-04
sharpdigital.ie,0.27,0,has_data,False,False,12,0,,Yes,digital,,,,,
visionlight.ie,,,not_found,,,12,,,No,,,,,,
enchantedkingdom.ie,1.28,5,has_data,False,False,11,215,,,,,SKIP — below minimum thresholds,19.9,2024-09-15,2025-09-16
letsmakehistory.ie,1.23,3,has_data,True,True,11,5000,,,,,,,2015-05-01,2026-01-25
westclarementalhealth.ie,1.11,1,has_data,True,True,11,1244,,,,,,,2022-05-18,2026-06-10
crystalproject.ie,0.76,2,has_data,False,False,11,5000,,No,,,,,2015-07-14,2026-02-19
lainealcantara.ie,0.46,1,has_data,False,False,11,453,,,,,,,2017-11-04,2026-04-11
ballycastlerooms.ie,0.41,1,has_data,False,False,11,3386,564,,,,,,2020-08-05,2025-02-16
medicalinjuriesalliance.ie,0.28,0,has_data,False,False,11,708,441,Yes,"alliance, medical",,,,2011-12-11,2025-06-19
tradesmanonline.ie,0.26,0,has_data,False,False,11,215,,,,,,,2023-12-08,2025-12-08
lucanflowers.ie,0.24,0,has_data,False,False,11,2565,,,,,SKIP — below minimum thresholds,12.2,2017-05-15,2026-05-15
ingadi.ie,0.23,0,has_data,False,False,11,1479,,,,,,,2022-06-28,2026-02-12
midnitecasino.ie,0.23,0,has_data,False,False,11,4,,No,,,,,2025-07-20,2025-09-14
carwashlongmile.ie,,,not_found,,,11,0,,,,,,,,
fixbytemedia.ie,,,not_found,,,11,0,,,,,,,,
onevitals.ie,,,not_found,,,11,,,,,,,,,
tullaghbayequestrian.ie,0.86,3,has_data,False,False,10,1731,686,,,,,,2013-08-29,2024-10-17
virtualrecruitment.ie,0.85,3,has_data,False,False,10,4648,915,,,,,,2017-11-04,2024-03-02
affordablehome.ie,0.79,2,has_data,False,False,10,5000,,Yes,home,,,,2006-05-20,2026-05-17
thehuntedhog.ie,0.63,2,has_data,False,False,10,502,728,No,,,,,2017-04-16,2024-09-05
passporttochristmas.ie,0.6,2,has_data,False,False,10,19,,Yes,sport,,,,2025-10-09,2026-05-10
opposhop.ie,0.56,1,has_data,False,False,10,202,596,,,,,,2024-07-25,2025-01-15
bespokewebconsultancy.ie,0.25,0,has_data,False,False,10,8,,No,Bespoke Web Consultancy,,,,2018-08-29,2026-02-08
irishshirts.ie,0.23,0,has_data,False,False,10,148,,,,,SKIP — below minimum thresholds,11.15,2023-03-16,2026-06-11
bestquotebrokers.ie,,,not_found,,,10,,,,,,,,,
caravanaccessories.ie,,,not_found,,,10,0,,,,,,,,
sneemorganicwools.ie,,,not_found,,,10,,,,,,,,,
w247ss.ie,,,not_found,,,10,,,,,,,,,
assumptionwalkinstown.ie,1.17,4,has_data,False,False,9,4499,,Yes,assumption,,,,2016-05-04,2026-08-09
designcollie.ie,0.71,2,has_data,False,False,9,20,,Yes,design,,,,2024-05-03,2026-03-11
heritagetourswexford.ie,0.63,2,has_data,False,False,9,2930,476,Yes,"wexford, tour",,,,2015-08-22,2025-05-15
cobraracing.ie,0.41,1,has_data,,,9,,,No,,,,,,
scoilchroinaofaathenry.ie,0.4,1,has_data,False,False,9,5000,,,,,SKIP — below minimum thresholds,11.5,2016-03-05,2026-05-14
mybusinessaccelerator.ie,0.24,0,has_data,False,False,9,16,,,,,SKIP — below minimum thresholds,10.2,2024-11-17,2026-05-09
cd3d.ie,0.23,0,has_data,False,False,9,292,,,,,SKIP — below minimum thresholds,10.15,2024-05-23,2026-05-10
itemsforsale.ie,2.63,20,has_data,False,False,8,4199,,,,,SKIP — below minimum thresholds,31.15,2021-12-09,2026-06-06
irishrsa.ie,1.24,6,has_data,False,False,8,1373,,Yes,irish,,,,2017-11-04,2026-04-15
poetrytown.ie,1.13,5,has_data,False,False,8,0,,,,,,,,
morrisseysofdoonbeg.ie,0.99,4,has_data,False,False,8,27,,,,,SKIP — below minimum thresholds,14.95,2021-12-15,2025-12-02
cheesepressennistymon.ie,0.97,4,has_data,False,False,8,582,616,,,,,,2020-12-13,2024-12-26
oralhygiene.ie,0.96,4,has_data,False,False,8,2531,394,,,,SKIP — below minimum thresholds,14.8,2020-10-31,2025-08-05
pitmantrainingswords.ie,0.87,3,has_data,False,False,8,4508,,,,,,,2011-06-04,2025-09-07
thatslifegalway.ie,0.77,3,has_data,False,False,8,257,,Yes,galway,,SKIP — below minimum thresholds,13.35,2024-08-05,2026-06-06
endofwin10.ie,0.76,3,has_data,False,False,8,69,,,,,SKIP — below minimum thresholds,13.3,2025-07-15,2026-04-02
iyoga.ie,0.55,2,has_data,False,False,8,5000,,,,,SKIP — below minimum thresholds,11.75,2011-07-11,2026-06-09
waterwise.ie,0.42,1,has_data,False,False,8,1301,,,,,,,2008-08-01,2026-06-13
skyscrapergroup.ie,0.41,1,has_data,False,False,8,236,,Yes,group,,,,2023-03-29,2026-06-07
slowtime.ie,0.41,1,has_data,False,False,8,153,,,,,,,2021-08-05,2026-04-18
elizabeththelifecoach.ie,0.4,1,has_data,,,8,,,Yes,coach,,,,,
grocerybrandsolutions.ie,0.4,1,has_data,False,False,8,401,539,,,,,,2013-04-21,2025-03-13
plot2220.ie,0.4,1,has_data,False,False,8,149,,,,,,,2020-11-01,2026-06-09
africannurses.ie,,,not_found,,,8,48,,,,,,,2024-06-10,2025-09-15
bloominglillies.ie,,,not_found,,,8,,,No,,,,,,
spainpadeltrips.ie,,,not_found,,,8,,,No,,,,,,
avalonrc.ie,1.28,7,has_data,False,False,7,4248,,,,,SKIP — below minimum thresholds,16.9,2009-07-06,2026-02-17
margueritesbakery.ie,1.09,5,has_data,False,False,7,866,,,,,SKIP — below minimum thresholds,14.95,2017-04-01,2026-05-17
kimsharkey.ie,0.86,3,has_data,False,False,7,2590,585,No,,,,,2016-05-08,2025-01-26
novaerus.ie,0.61,2,has_data,False,False,7,929,809,,,,,,2014-12-23,2024-06-16
360crew.ie,0.56,2,has_data,False,False,7,1540,827,,,,,,2016-06-18,2024-05-29
witsu.ie,0.47,1,has_data,False,False,7,5000,,,,,,,2005-12-10,2026-04-19
lintenafarraige.ie,0.46,1,has_data,False,False,7,20,,,,,,,2024-08-08,2025-11-01
deeproutegardening.ie,0.4,1,has_data,False,False,7,4931,,,,,,,2013-05-08,2026-05-18
dreway.ie,0.4,1,has_data,False,False,7,9,783,No,,,,,2024-01-11,2024-07-12
pgw.ie,0.4,1,has_data,False,False,7,8,,No,,,,,2011-02-21,2025-11-21
louiseeshearer.ie,0.24,0,has_data,False,False,7,100,1190,,,,SKIP — below minimum thresholds,3.9,2021-05-17,2023-06-01
peace-commissioner.ie,0.24,0,not_found,False,False,7,1,,,,,,,2026-07-07,2026-07-07
bytheseaholidays.ie,0.23,0,has_data,False,False,7,2060,,,,,SKIP — below minimum thresholds,8.15,2020-11-01,2026-05-19
leinsterhearingservices.ie,0.23,0,has_data,False,False,7,2649,,,,,,,2016-07-07,2025-09-06
mdskyshots.ie,0.23,0,has_data,False,False,7,84,,,,,SKIP — below minimum thresholds,8.15,2024-02-02,2026-06-11
shs-renewables.ie,0.23,0,has_data,False,False,7,1556,,,,,,,2010-12-15,2026-02-19
enterprisingcoaching.ie,,,not_found,,,7,,,Yes,coaching,,,,,
hynesbuilding.ie,,,not_found,,,7,0,,,,,,,,
imagehomeimprovments.ie,,,not_found,,,7,,,,,,,,,
irishrevenue.ie,,,not_found,,,7,,,,,,,,,
rioservices.ie,,,not_found,,,7,,,,,,,,,
smartscale-ai.ie,,,not_found,,,7,,,,,,,,,
vertexpainting.ie,,,not_found,,,7,,,Yes,painting,,,,,
urbanoutdoordesign.ie,1.66,13,has_data,False,False,6,1715,,,,,SKIP — below minimum thresholds,20.8,2023-11-29,2025-11-25
brd.ie,1.2,5,has_data,False,False,6,1836,1438,No,,,SKIP — below minimum thresholds,14.5,1998-04-24,2022-09-26
braywomenshealthcentre.ie,0.94,2,has_data,False,False,6,3712,527,Yes,health,,SKIP — below minimum thresholds,11.7,2001-02-01,2025-03-25
sweetpotatopizza.ie,0.86,3,has_data,False,False,6,801,587,No,,,,,2017-11-04,2025-01-24
visitmalahide.ie,0.73,2,has_data,False,False,6,2276,1965,,,,SKIP — below minimum thresholds,10.65,2007-11-29,2021-04-17
cancare4living.ie,0.71,2,has_data,False,False,6,2255,,Yes,care,,,,2014-10-06,2026-06-07
opencirclearts.ie,0.68,2,has_data,False,False,6,3635,826,,,,,,2014-07-19,2024-05-30
naasfarmersmarket.ie,0.66,2,has_data,False,False,6,412,587,Yes,market,,,,2014-12-22,2025-01-24
fitzpatrickandco.ie,0.64,2,has_data,False,False,6,2000,,No,,,,,2017-03-19,2026-05-18
grandtour.ie,0.64,2,has_data,False,False,6,1792,,Yes,tour,,,,2012-12-19,2026-02-06
sensoryfoodnetworkireland.ie,0.61,2,has_data,False,False,6,2475,,Yes,"ireland, food, work",,SKIP — below minimum thresholds,10.05,2015-09-26,2026-05-16
lstouchfit.ie,0.59,2,has_data,False,False,6,141,519,No,,,,,2018-07-20,2025-04-02
chambersbar.ie,0.56,2,has_data,False,False,6,375,513,,,,,,2007-09-21,2025-04-08
lanesboroughprimaryschool.ie,0.47,1,has_data,False,False,6,0,,,,,SKIP — below minimum thresholds,8.85,,
midlandroofing.ie,0.43,1,has_data,False,False,6,269,1685,,,,SKIP — below minimum thresholds,8.65,2020-10-23,2022-01-22
nchd.ie,0.43,1,has_data,False,False,6,1251,,,,,,,2008-08-21,2026-05-16
80max.ie,0.42,1,has_data,False,False,6,5000,,,,,SKIP — below minimum thresholds,8.6,2019-03-15,2026-06-11
connemara-thatched-cottages.ie,0.42,1,has_data,False,False,6,1791,,No,,,,,2004-02-08,2025-12-06
emischool.ie,0.42,1,has_data,False,False,6,5000,1863,,,,,,2017-11-04,2021-07-28
chapterone.ie,0.41,1,has_data,False,False,6,3418,710,,,,SKIP — below minimum thresholds,8.55,2005-12-01,2024-09-23
portlandhairclinic.ie,0.41,1,not_found,False,False,6,303,528,,,,,,2020-10-21,2025-03-24
maintenanceplus4u.ie,0.4,1,has_data,False,False,6,1183,,,,,SKIP — below minimum thresholds,8.5,2017-06-24,2026-05-11
chemdryeastside.ie,0.25,0,has_data,False,False,6,153,,No,,,,,2023-09-29,2025-10-15
daveryan.ie,0.25,0,has_data,False,False,6,4711,1260,No,,,SKIP — below minimum thresholds,7.25,2010-11-28,2023-03-23
ancestralwellness.ie,0.24,0,has_data,False,False,6,228,,Yes,wellness,,,,2021-11-25,2025-09-16
haigneyrestoration.ie,0.24,0,has_data,False,False,6,2834,531,No,,,SKIP — below minimum thresholds,7.2,2010-12-17,2025-03-21
westcoastdoulas.ie,0.24,0,has_data,False,False,6,129,,,,,SKIP — below minimum thresholds,7.2,2019-07-22,2026-05-13
littlepuddleschildcare.ie,0.23,0,has_data,False,False,6,46,,,,,SKIP — below minimum thresholds,7.15,2023-02-25,2026-06-09
awsclub.ie,,,not_found,,,6,0,,,,,,,,
bonco.ie,,,not_found,,,6,0,,No,,,,,,
kellyinteriordesign.ie,,,not_found,,,6,,,,,,,,,
curlhut.ie,0.8,3,has_data,False,False,5,1997,469,,,,,,2021-06-08,2025-05-22
thestonehousebnb.ie,0.62,2,has_data,False,False,5,4515,,Yes,house,,,,2016-06-16,2026-06-06
corkdenturesurgery.ie,0.45,1,has_data,False,False,5,168,,Yes,cork,,,,2021-11-28,2025-09-12
giftboxireland.ie,0.42,1,has_data,False,False,5,1213,,,,,SKIP — below minimum thresholds,7.6,2017-11-04,2026-06-08
rocdoc.ie,0.41,1,has_data,False,False,5,4744,453,,,,SKIP — below minimum thresholds,7.55,2013-08-18,2025-06-07
railwaycountryhouse.ie,0.4,1,has_data,False,False,5,49,393,,,,,,2019-11-13,2025-08-06
doulanamara.ie,0.26,0,has_data,False,False,5,0,,,,,SKIP — below minimum thresholds,6.3,,
bellavista.ie,0.23,0,has_data,False,False,5,204,,,,,,,2007-11-29,2026-04-18
johnquinntv.ie,0.23,0,not_found,False,False,5,5000,669,No,,,,,2013-08-18,2024-11-03
thepantryatcliff.ie,0.23,0,has_data,False,False,5,450,384,,,,,,2021-07-30,2025-08-15
camelotmarquees.ie,,,not_found,,,5,,,No,,,,,,
fionachadwickcounselling.ie,,,not_found,,,5,,,,,,,,,
mobilesolutions.ie,,,not_found,,,5,,,Yes,solutions,,,,,
shorelinedesign.ie,,,not_found,,,5,,,Yes,design,,,,,
sligosummerfestival.ie,0.42,1,has_data,False,False,4.9,120,,,,,,,2017-08-02,2026-03-09
bealtainefestival.ie,0.41,1,has_data,False,False,4.9,0,,No,,,SKIP — below minimum thresholds,7.35,,
frontstepproject.ie,0.23,0,has_data,False,False,4.9,135,,No,,,SKIP — below minimum thresholds,6.05,2021-02-24,2026-05-12
gentlewarrior.ie,0.23,0,has_data,False,False,4.9,1446,,,,,,,2020-08-13,2026-05-21
wannabeproductions.ie,0.23,0,has_data,False,False,4.9,135,,,,,,,2022-06-17,2026-05-10
craigclohessy.ie,,,not_found,,,4.9,0,,No,,,,,,
legalprotectiongroup.ie,0.41,1,has_data,False,False,4.8,109,2045,Yes,"legal, group",,,,2017-11-04,2021-01-27
baby-world.ie,0.23,0,has_data,False,False,4.8,5000,,,,,,,2014-09-28,2025-11-22
gogolfireland.ie,0.23,0,has_data,,,4.8,297,,Yes,ireland,,,,2007-11-29,2026-02-18
hypnosport.ie,,,not_found,,,4.8,0,,Yes,sport,,,,,
wearefemale.ie,,,not_found,,,4.8,,,,,,,,,
theboatinn.ie,0.79,3,has_data,False,False,4.7,1512,,No,,,,,2015-09-11,2025-10-11
ulysses80.ie,0.78,3,has_data,False,False,4.7,144,515,No,,,SKIP — below minimum thresholds,10.1,2022-05-23,2025-04-06
carrowgarryfarm.ie,0.41,1,has_data,False,False,4.7,121,,,,,SKIP — below minimum thresholds,7.15,2021-11-29,2026-02-13
gullionparklrd.ie,,,not_found,,,4.7,,,No,,,,,,
dogsercise.ie,0.65,2,has_data,False,False,4.6,287,,No,,,SKIP — below minimum thresholds,8.55,2021-04-28,2026-05-17
creation.ie,0.61,2,has_data,False,False,4.6,317,,Yes,creation,,,,2004-11-26,2026-05-10
atlanticcharters.ie,0.6,2,has_data,False,False,4.6,3406,,,,,SKIP — below minimum thresholds,8.6,2009-09-27,2026-06-12
padrelagroupul.ie,0.42,1,has_data,False,False,4.6,352,585,,,,,,2020-11-28,2025-01-26
micadsecurity.ie,0.23,0,has_data,False,False,4.6,959,865,,,,SKIP — below minimum thresholds,5.75,2014-12-20,2024-04-21
theweblab.ie,,,not_found,,,4.6,,,No,,,,,,
galwaysummervibes.ie,0.59,2,has_data,False,False,4.5,202,,,,,SKIP — below minimum thresholds,8.25,2025-11-08,2025-12-27
lotusyoga.ie,0.55,2,has_data,False,False,4.5,1563,,Yes,yoga,,SKIP — below minimum thresholds,7.05,2007-01-23,2026-01-23
facilitypartners.ie,0.25,0,has_data,False,False,4.5,71,,No,facility partners,,SKIP — below minimum thresholds,5.75,2024-05-09,2025-10-12
euanbrady.ie,,,not_found,,,4.5,,,,,,,,,
boltontrust.ie,0.71,2,has_data,False,False,4.4,93,563,,,,,,2019-06-26,2025-02-17
avianworlddublin.ie,0.24,0,has_data,False,False,4.4,530,514,Yes,dublin,,,,2021-11-27,2025-04-07
corkphotobooths.ie,,,not_found,,,4.4,,,Yes,"photo, cork",,,,,
hashtagsocial.ie,,,not_found,,,4.4,0,,Yes,social,,,,,
liffey-dental.ie,,,not_found,,,4.4,,,Yes,dental,,,,,
mickeyfinn.ie,0.58,2,has_data,False,False,4.3,684,1224,,,,,,2007-03-09,2023-04-28
breendigital.ie,0.25,0,has_data,False,False,4.3,0,,Yes,digital,,,,,
knockrabo.ie,0.25,0,has_data,False,False,4.3,1033,2169,,,,SKIP — below minimum thresholds,5.55,2017-01-24,2020-09-25
electromaster.ie,0.24,0,has_data,False,False,4.3,4236,1254,No,,,SKIP — below minimum thresholds,4.1,2001-04-02,2023-03-29
kateswiftphotography.ie,,,not_found,,,4.3,,,Yes,photography,,,,,
tablewine.ie,1.19,6,has_data,False,False,4.2,18,597,,,,SKIP — below minimum thresholds,13.15,2021-12-26,2025-01-14
grassrootsgaa.ie,0.86,3,has_data,False,False,4.2,279,,No,,,,,2014-04-10,2026-06-08
ymaagorey.ie,0.24,0,has_data,False,False,4.2,1843,,,,,SKIP — below minimum thresholds,5.4,2013-08-29,2026-06-09
goldenratioclinic.ie,0.41,1,has_data,False,False,4.1,0,,,,,SKIP — below minimum thresholds,6.65,,
rossdale.ie,,,not_found,,,4.1,,,,,,,,,
visitfingal.ie,0.45,1,has_data,False,False,4,2432,2539,,,,SKIP — below minimum thresholds,6.65,2014-07-15,2019-09-21
eggchairsireland.ie,,,not_found,,,4,0,,,,,,,,
rodentshieldsystems.ie,,,not_found,,,4,,,,,,,,,
restaurantmanagement.ie,0.4,1,has_data,False,False,3.9,1340,3518,,,,SKIP — below minimum thresholds,6.4,2010-07-01,2017-01-15
smartwash.ie,0.24,0,has_data,False,False,3.9,42,,,,,SKIP — below minimum thresholds,5.1,2021-12-25,2026-06-08
chooseutherapies.ie,0.23,0,has_data,,,3.9,,,No,,,,,,
employerbrandingacademy.ie,,,not_found,,,3.9,,,,,,,,,
shiftinggears.ie,,,not_found,,,3.9,,,No,,,,,,
stonemachinery.ie,,,not_found,,,3.9,,,No,,,,,,
horseridingmonaghan.ie,1.04,4,has_data,False,False,3.8,1030,,,,,SKIP — below minimum thresholds,11,2016-03-07,2025-09-06
irishmaritimelaw.ie,0.43,1,has_data,False,False,3.8,590,,Yes,irish,,,,2017-10-10,2026-05-11
inspirementoring.ie,0.4,1,has_data,False,False,3.8,697,,No,,,,,2023-05-20,2026-06-10
sinnottsonthestrand.ie,0.4,1,has_data,False,False,3.8,223,531,,,,,,2021-02-27,2025-03-21
landdqualitycleaning.ie,0.24,0,has_data,False,False,3.8,3,557,,,,SKIP — below minimum thresholds,5,2024-08-25,2025-02-23
customoutfits.ie,0.23,0,has_data,False,False,3.8,355,,No,,,,,2019-08-23,2026-05-19
jestfest.ie,0.23,0,has_data,False,False,3.8,5000,,,,,,,2015-03-26,2025-09-09
tmrmarks.ie,0.23,0,has_data,False,False,3.8,1651,420,,,,SKIP — below minimum thresholds,4.95,2013-01-17,2025-07-10
artistworkspaces.ie,1.11,5,has_data,False,False,3.7,151,,Yes,"artist, work",,,,2020-07-16,2026-05-20
cedre.ie,0.63,2,has_data,False,False,3.7,775,,No,,,,,2017-06-09,2026-04-18
lanidor.ie,0.57,2,has_data,False,False,3.7,5000,779,No,,,,,2017-10-10,2024-07-16
carellabeautytraining.ie,0.4,1,has_data,False,False,3.7,969,,Yes,"training, beauty, care",,,,2017-09-12,2026-05-17
getvisual.ie,0.4,1,has_data,False,False,3.7,230,,,,,SKIP — below minimum thresholds,6.2,2022-06-24,2026-06-13
briannaughton.ie,0.24,0,has_data,False,False,3.7,481,1607,,,,SKIP — below minimum thresholds,3.9,2016-01-05,2022-04-10
coonanmorgan.ie,0.24,0,has_data,False,False,3.7,1902,970,,,,SKIP — below minimum thresholds,4.9,2017-06-20,2024-01-07
litoleisure.ie,,,not_found,,,3.7,,,No,,,,,,
cookingforfreedom.ie,0.97,4,has_data,False,False,3.6,55,797,No,,,SKIP — below minimum thresholds,10.45,2019-05-30,2024-06-28
atlantic-design.ie,0.74,2,has_data,False,False,3.6,67,503,,,,,,2021-11-26,2025-04-18
emeraldglamping.ie,0.47,1,has_data,False,False,3.6,393,,No,,,,,2013-06-29,2026-03-06
westierescue.ie,0.24,0,has_data,False,False,3.6,1703,,,,,,,2009-07-29,2026-04-20
couture.ie,0.23,0,has_data,,,3.6,,,No,,,,,,
dawncounselling.ie,,,not_found,,,3.6,,,No,,,,,,
lifepathdesigns.ie,,,not_found,,,3.6,,,Yes,design,,,,,
ispcctaxback.ie,0.56,1,has_data,False,False,3.5,40,,No,,,,,2021-06-15,2025-09-08
abina.ie,0.42,1,has_data,False,False,3.5,4414,426,,,,SKIP — below minimum thresholds,6.1,2017-11-03,2025-07-04
bruffparish.ie,0.41,1,has_data,False,False,3.5,311,,,,,SKIP — below minimum thresholds,6.05,2020-08-07,2026-05-17
athenacontracts.ie,0.4,1,has_data,False,False,3.5,5000,,,,,SKIP — below minimum thresholds,6,2013-01-14,2026-01-22
routefourteen.ie,0.4,1,has_data,False,False,3.5,17,,,,,SKIP — below minimum thresholds,6,2022-05-25,2026-03-17
runmyrecruitment.ie,0.4,1,has_data,False,False,3.5,134,,Yes,recruitment,,SKIP — below minimum thresholds,4,2023-09-30,2026-02-18
coboticsskillnet.ie,0.23,0,has_data,False,False,3.5,1919,,,,,SKIP — below minimum thresholds,4.65,2020-08-11,2025-09-16
sammccauley.ie,0.23,0,has_data,False,False,3.5,50,3247,,,,SKIP — below minimum thresholds,4.65,2008-03-28,2017-10-13
mentalhealththerapy.ie,,,not_found,,,3.5,0,,,,,,,,
techut.ie,,,not_found,,,3.5,,,Yes,tech,,,,,
themeath.ie,,,not_found,,,3.5,,,,,,,,,
twilight.ie,0.97,4,has_data,False,False,3.4,5000,,,,,,,2016-10-07,2026-05-18
coastalheritage.ie,0.43,1,has_data,False,False,3.4,1171,,,,,SKIP — below minimum thresholds,5.45,2007-11-29,2026-05-10
brownesofnaas.ie,0.4,1,has_data,False,False,3.4,48,862,,,,SKIP — below minimum thresholds,5.9,2021-11-27,2024-04-24
ideu.ie,0.25,0,has_data,False,False,3.4,204,,No,,,,,2017-10-29,2026-04-21
cloudsign.ie,0.24,0,has_data,False,False,3.4,657,,,,,,,2026-02-11,2026-04-21
victoriahall.ie,0.23,0,has_data,False,False,3.4,910,3214,,,,,,2003-04-07,2017-11-15
mfceilings.ie,,,not_found,,,3.4,0,,,,,,,,
theterenureinn.ie,0.56,2,has_data,False,False,3.3,415,714,No,,,,,2017-11-06,2024-09-19
oloclainnsbar.ie,0.42,1,has_data,False,False,3.3,317,537,,,,SKIP — below minimum thresholds,5.9,2023-03-31,2025-03-15
montague.ie,0.41,1,has_data,False,False,3.3,2318,,,,,,,2001-03-09,2026-05-10
cascheragames.ie,,,not_found,,,3.3,0,,Yes,game,,,,,
phatpoly.ie,0.75,3,has_data,False,False,3.2,4747,503,No,,,,,2021-02-25,2025-04-18
scoilsportg.ie,0.42,1,has_data,False,False,3.2,5000,,,,,SKIP — below minimum thresholds,5.8,2007-11-29,2026-01-05
faceminder.ie,0.26,0,has_data,False,False,3.2,10,534,No,,,SKIP — below minimum thresholds,4.5,2021-09-22,2025-03-18
m-obriens.ie,0.24,0,has_data,False,False,3.2,1415,1628,,,,SKIP — below minimum thresholds,4.3,2007-11-11,2022-03-20
ajsgardeningandpowerwashing.ie,0.23,0,has_data,False,False,3.2,21,,,,,SKIP — below minimum thresholds,4.35,2026-01-14,2026-05-16
milosmissionrescue.ie,0.23,0,has_data,False,False,3.2,83,,,,,SKIP — below minimum thresholds,4.35,2024-07-23,2026-06-06
nicewebsite.ie,,,not_found,,,3.2,,,,,,,,,
skehan.ie,,,not_found,,,3.2,,,No,,,,,,
walkercommunications.ie,,,not_found,,,3.2,,,,,,,,,
videotree.ie,1.11,3,has_data,True,True,3.1,5000,,,,,,,2013-06-13,2026-08-18
remedypilates.ie,0.56,2,has_data,False,False,3.1,3366,1184,,,,,,2012-10-10,2023-06-07
graphocolor.ie,0.43,1,has_data,False,False,3.1,841,2456,No,,,,,2001-02-27,2019-12-13
houseofshutters.ie,0.41,1,has_data,False,False,3.1,122,,Yes,house,,,,2021-12-07,2025-09-06
ragerestaurant.ie,0.41,1,has_data,False,False,3.1,0,,,,,SKIP — below minimum thresholds,5.65,,
orthopaedicsurgery.ie,0.4,1,has_data,False,False,3.1,7,1414,,,,,,2003-10-28,2022-10-20
theblazingrill.ie,0.23,0,has_data,False,False,3.1,2012,,,,,SKIP — below minimum thresholds,4.25,2011-11-12,2026-02-13
westmeathfood.ie,0.23,0,has_data,False,False,3.1,3089,,,,,SKIP — below minimum thresholds,2.55,2011-07-09,2025-09-10
rove.ie,0.76,3,has_data,False,False,3,51,1191,No,,,SKIP — below minimum thresholds,8.3,2020-09-26,2023-05-31
e-bikes.ie,0.62,2,has_data,False,False,3,615,,,,,,,2017-11-04,2025-10-15
smartfox.ie,0.57,2,has_data,False,False,3,1427,,,,,,,2017-08-31,2025-09-15
bluefirestreetfest.ie,0.41,1,has_data,False,False,3,4189,,No,,,,,2017-08-31,2026-06-07
littlestarparties.ie,0.23,0,has_data,False,False,3,5000,,No,,,,,2005-11-25,2026-06-09
diyblinds.ie,,,not_found,,,3,,,,,,,,,
intenshine.ie,,,not_found,,,3,0,,No,,,,,,
punk.ie,0.84,3,has_data,False,False,2.9,3825,543,,,,,,2005-02-06,2025-03-09
ccfe.ie,0.79,3,has_data,False,False,2.9,4622,,,,,,,2001-03-01,2026-06-09
pollybarrett.ie,0.56,2,has_data,False,False,2.9,75,742,No,,,,,2022-05-30,2024-08-22
stjamesblackrock.ie,0.55,2,has_data,False,False,2.9,12,471,,,,,,2024-10-04,2025-05-20
skymotion.ie,0.24,0,has_data,False,False,2.9,4265,,,,,,,2020-08-04,2026-04-29
chaplinsbar.ie,,,not_found,,,2.9,,,No,,,,,,
dumbphonerevolution.ie,,,not_found,,,2.9,,,,,,,,,
sleepingflags.ie,,,not_found,,,2.9,,,No,,,,,,
srtc.ie,,,not_found,,,2.9,,,No,,,,,,
leesonbridgehouse.ie,0.58,2,has_data,False,False,2.8,5000,,,,,SKIP — below minimum thresholds,6.7,2000-04-07,2025-11-06
strengthandconditioningcork.ie,0.57,2,has_data,False,False,2.8,54,530,Yes,cork,,,,2023-04-25,2025-03-22
lightadvice.ie,0.41,1,has_data,False,False,2.8,1018,,,,,SKIP — below minimum thresholds,5.35,2017-07-07,2025-09-11
infanteducation.ie,0.4,1,has_data,False,False,2.8,3497,,No,,,SKIP — below minimum thresholds,5.3,2017-10-05,2026-04-11
pulseevents.ie,0.4,1,has_data,False,False,2.8,11,,,,,SKIP — below minimum thresholds,5.3,2010-01-17,2026-04-21
thestackshack.ie,0.24,0,has_data,False,False,2.8,20,,No,,,,,2026-01-17,2026-06-12
drumconrathgfc.ie,,,not_found,,,2.8,0,,No,,,,,,
gtdetailing.ie,,,not_found,,,2.8,,,No,,,,,,
learnpayroll.ie,,,not_found,,,2.8,0,,No,,,,,,
tradetreasures.ie,0.61,2,has_data,False,False,2.7,4151,,,,,,,2023-11-07,2026-05-16
kindlefoods.ie,0.44,1,has_data,False,False,2.7,0,,Yes,food,,SKIP — below minimum thresholds,5.4,,
microcement-direct.ie,0.41,1,has_data,False,False,2.7,7,,,,,SKIP — below minimum thresholds,5.25,2025-08-10,2026-06-07
thefragrantnest.ie,0.41,1,has_data,False,False,2.7,1668,,No,,,,,2022-09-23,2026-03-07
beautifulambition.ie,0.4,1,has_data,False,False,2.7,1701,658,,,,,,2015-10-05,2024-11-14
fertilityireland.ie,0.24,0,has_data,False,False,2.7,351,3889,Yes,ireland,,SKIP — below minimum thresholds,3.4,2001-10-27,2016-01-10
mybrokerforsure.ie,0.23,0,has_data,False,False,2.7,906,470,,,,SKIP — below minimum thresholds,3.85,2017-11-04,2025-05-21
dataelectronics.ie,,,not_found,,,2.7,,,,,,,,,
waterhousetiles.ie,,,not_found,,,2.7,,,,,,,,,
mulch.ie,0.93,3,has_data,False,False,2.6,3063,1008,No,,,,,2013-05-03,2023-11-30
profotoireland.ie,0.42,1,has_data,False,False,2.6,119,503,,,,,,2019-01-17,2025-04-18
handlesandknobs.ie,0.41,1,has_data,False,False,2.6,5000,,,,,SKIP — below minimum thresholds,5.15,2021-03-06,2025-10-16
thepalletcouriers.ie,0.41,1,has_data,False,False,2.6,9,1603,No,,,,,2017-11-04,2022-04-14
blsc.ie,0.4,1,has_data,False,False,2.6,5000,2502,No,,,SKIP — below minimum thresholds,5.1,2003-10-16,2019-10-28
personal-injuries.ie,0.24,0,has_data,False,False,2.6,333,,,,,SKIP — below minimum thresholds,3.8,2019-05-23,2026-06-08
laribera.ie,0.23,0,has_data,False,False,2.6,61,,,,,SKIP — below minimum thresholds,3.75,2023-06-12,2026-05-09
connectscaffolding.ie,,,not_found,,,2.6,,,,,,,,,
sarms.ie,,,not_found,,,2.6,,,,,,,,,
scepticstravelguide.ie,0.43,1,has_data,False,False,2.5,430,,Yes,"travel, guide",,,,2023-08-27,2026-03-11
concraft.ie,0.42,1,has_data,False,False,2.5,182,,,,,SKIP — below minimum thresholds,5.1,2021-11-28,2026-06-09
myvue.ie,0.4,1,has_data,False,False,2.5,1314,2841,,,,SKIP — below minimum thresholds,5,2005-11-27,2018-11-23
terrifictrophies.ie,0.23,0,has_data,False,False,2.5,25,4273,,,,,,2011-10-21,2014-12-22
littleacorns.ie,,,not_found,,,2.5,,,No,,,,,,
solarpanelscork.ie,,,not_found,,,2.5,,,Yes,cork,,,,,
thegoodpals.ie,,,not_found,,,2.5,,,,,,,,,
littleangels.ie,0.58,2,has_data,False,False,2.4,5000,1184,,,,,,2002-09-01,2023-06-07
thebrandingofme.ie,0.43,1,has_data,False,False,2.4,2084,1544,Yes,branding,,,,2017-01-26,2022-06-12
fortherecord.ie,0.24,0,has_data,False,False,2.4,252,410,,,,,,2006-06-29,2025-07-20
laurajane.ie,0.24,0,has_data,False,False,2.4,2935,,No,,,SKIP — below minimum thresholds,3.6,2008-12-05,2026-06-09
marketclose.ie,0.24,0,has_data,False,False,2.4,1,634,Yes,market,,,,2024-12-08,2024-12-08
mcfibreglassroofing.ie,0.23,0,has_data,False,False,2.4,87,693,Yes,roofing,,SKIP — below minimum thresholds,3.55,2022-09-15,2024-10-10
etgireland.ie,0.59,2,has_data,False,False,2.3,619,390,Yes,ireland,,,,2016-03-02,2025-08-09
cbdoils.ie,0.41,1,has_data,False,False,2.3,1881,,No,,,,,2016-05-28,2026-06-11
roadready.ie,0.24,0,has_data,False,False,2.3,5000,2659,,,,SKIP — below minimum thresholds,3.5,2009-07-10,2019-05-24
platinumhairdressing.ie,0.23,0,has_data,False,False,2.3,2323,520,,,,,,2012-06-19,2025-04-01
br3security.ie,,,not_found,,,2.3,0,,,,,,,,
nursesconnect.ie,,,not_found,,,2.3,,,,,,,,,
ushighschoolonline.ie,,,not_found,,,2.3,,,,,,,,,
michaelmccarthy.ie,0.63,2,has_data,False,False,2.2,1283,1784,,,,,,2007-03-19,2021-10-15
rosesbarandkitchen.ie,0.57,2,has_data,False,False,2.2,5000,,,,,,,2017-09-19,2025-09-21
purewellbeing.ie,0.56,2,has_data,False,False,2.2,596,,,,,,,2020-01-14,2025-09-18
comedyireland.ie,0.4,1,has_data,False,False,2.2,5000,,,,,SKIP — below minimum thresholds,4.7,2009-01-04,2026-06-12
lacosanostra.ie,0.4,1,has_data,False,False,2.2,0,,No,,,SKIP — below minimum thresholds,4.7,,
tigerlilybeautysalon.ie,0.24,0,has_data,False,False,2.2,5000,387,Yes,"beauty, salon",,,,2007-11-29,2025-08-12
findmygrant.ie,,,not_found,,,2.2,,,No,grant,,,,,
selectstores.ie,1.11,5,has_data,False,False,2.1,2513,1004,No,,,SKIP — below minimum thresholds,10.15,2009-04-11,2023-12-04
cfbr.ie,0.76,3,has_data,False,False,2.1,2865,1073,No,,,,,2011-10-09,2023-09-26
v7.ie,0.58,2,has_data,False,False,2.1,868,,,,,,,2011-11-15,2026-02-13
counterculture.ie,0.55,2,has_data,False,False,2.1,619,,No,,,,,2016-03-17,2026-04-15
irishsrsandsbrtsymposium.ie,0.41,1,not_found,False,False,2.1,589,,Yes,irish,,,,2023-08-29,2025-10-16
homeandbuild.ie,0.25,0,has_data,False,False,2.1,2791,1097,Yes,"build, home",,,,2017-06-03,2023-09-02
emmamahony.ie,0.24,0,has_data,False,False,2.1,78,,No,,,,,2021-12-03,2026-06-11
mulroysclinic.ie,0.23,0,has_data,False,False,2.1,1730,,,,,SKIP — below minimum thresholds,3.25,2021-03-02,2025-09-13
inga.ie,,,not_found,,,2.1,0,,,,,,,,
kwash.ie,,,not_found,,,2.1,0,,,,,,,,
magneticsecondaryglazing.ie,,,not_found,,,2.1,,,,,,,,,
realriskrun.ie,,,not_found,,,2.1,,,,,,,,,
sildermireland.ie,,,not_found,,,2.1,,,Yes,ireland,,,,,
simplysouth.ie,,,not_found,,,2.1,,,No,,,,,,
thesaltydog.ie,,,not_found,,,2.1,,,No,,,,,,
seoproservices.ie,0.88,3,has_data,False,False,2,604,,Yes,services,,,,2021-03-02,2026-06-11
jamesfightsback.ie,0.83,2,has_data,False,False,2,16,519,,,,,,2024-02-26,2025-04-02
maven.ie,0.62,2,has_data,False,False,2,36,974,,,,SKIP — below minimum thresholds,6.1,2001-05-20,2024-01-03
prestigerugspa.ie,0.58,2,has_data,False,False,2,564,,,,,,,2019-12-16,2026-03-14
gos.ie,0.41,1,has_data,False,False,2,215,3844,No,,,,,2007-10-24,2016-02-24
isaperformance.ie,0.41,1,has_data,False,False,2,1819,1596,Yes,performance,,SKIP — below minimum thresholds,4.45,2014-08-21,2022-04-21
slaintecare.ie,0.41,1,has_data,False,False,2,3,1594,,,,,,2021-12-24,2022-04-23
pinnaclemountmerrion.ie,0.4,1,has_data,False,False,2,1018,633,,,,SKIP — below minimum thresholds,4.5,2021-07-17,2024-12-09
camrinfilms.ie,0.24,0,has_data,False,False,2,1,,,,,,,2026-02-03,2026-02-03
gardastationsolicitor.ie,0.24,0,has_data,False,False,2,22,,,,,SKIP — below minimum thresholds,3.2,2023-10-30,2026-02-11
geffireland.ie,0.24,0,has_data,False,False,2,4126,,,,,SKIP — below minimum thresholds,3.1,2022-03-17,2025-10-19
grantconnections.ie,0.24,0,has_data,False,False,2,361,,No,,,SKIP — below minimum thresholds,3,2011-04-04,2026-05-14
goreycreditunion.ie,,,not_found,,,2,0,,,,,,,,
wildatlanticwayshop.ie,0.41,1,has_data,,,1.9,35,,,Wild Atlantic Shop,,,,2023-12-01,2025-11-13
essentialenergetics.ie,0.24,0,has_data,False,False,1.9,1181,,,,,,,2014-05-19,2026-03-10
tsautostyle.ie,0.24,0,has_data,False,False,1.9,411,,Yes,auto,,,,2024-07-15,2025-10-09
dooleygroup.ie,0.23,0,has_data,False,False,1.9,2080,2301,,,,SKIP — below minimum thresholds,2.95,2010-09-07,2020-05-16
ai-expo.ie,,,not_found,,,1.9,,,,,,,,,
hamiltonparkclane.ie,,,not_found,,,1.9,0,,,,,,,,
iamalex.ie,,,not_found,,,1.9,0,,No,,,,,,
istireland.ie,,,not_found,,,1.9,0,,Yes,ireland,,,,,
xenonsecurity.ie,,,not_found,,,1.9,,,No,,,,,,
irishtaxcalculator.ie,1.85,22,has_data,False,False,1.8,3,524,,,,,,2025-01-26,2025-03-28
jessicaivy.ie,1.18,1,has_data,True,True,1.8,1647,,,,,SKIP — below minimum thresholds,8.2,2021-01-26,2026-05-17
wildwords.ie,1.11,4,has_data,False,False,1.8,3837,999,,,,SKIP — below minimum thresholds,9.35,2014-08-16,2023-12-09
fro.ie,0.96,3,has_data,False,False,1.8,226,883,,,,SKIP — below minimum thresholds,8.1,2021-12-04,2024-04-03
bfit4life.ie,0.77,3,has_data,False,False,1.8,2636,,No,,,SKIP — below minimum thresholds,7.15,2004-06-06,2025-10-06
yourhappypace.ie,0.68,2,has_data,False,False,1.8,113,,,,,,,2025-07-22,2026-04-15
commsoft.ie,0.24,0,has_data,False,False,1.8,1437,,No,,,,,2007-11-29,2026-02-14
dunlaoghairewellnesscentre.ie,0.24,0,has_data,False,False,1.8,3950,444,Yes,"wellness, hair",,SKIP — below minimum thresholds,3,2015-05-16,2025-06-16
thesmallpaintscompany.ie,0.24,0,has_data,False,False,1.8,730,385,Yes,paint,,,,2022-07-11,2025-08-14
emeraldbikes.ie,0.23,0,has_data,False,False,1.8,0,,,,,,,,
emeraldpools.ie,0.23,0,has_data,False,False,1.8,0,,,,,,,,
youngroots.ie,,,not_found,,,1.8,,,No,,,,,,
dublin-windowcleaning.ie,1.15,5,has_data,False,False,1.7,5000,,,,,SKIP — below minimum thresholds,9.85,2013-04-04,2026-06-10
ecologhouse.ie,1.06,5,has_data,False,False,1.7,1320,1235,Yes,Eco log house,,,,2021-02-22,2023-04-17
cesrd.ie,0.71,2,has_data,False,False,1.7,4781,,No,,,,,2017-02-09,2026-03-14
housingdesignforall.ie,0.41,1,has_data,False,False,1.7,630,,,,,SKIP — below minimum thresholds,4.25,2021-06-04,2026-06-12
thefork.ie,0.4,1,has_data,False,False,1.7,14,3215,,,,,,2017-11-04,2017-11-14
spirevision.ie,0.24,0,has_data,False,False,1.7,207,,No,,,,,2017-12-22,2025-12-29
venturefinancial.ie,0.24,0,not_found,False,False,1.7,280,1259,Yes,financial,,,,2017-03-10,2023-03-24
woodwork.ie,0.24,0,has_data,False,False,1.7,955,1448,,,,,,2013-07-08,2022-09-16
evenstone.ie,0.23,0,has_data,False,False,1.7,0,,,,,,,,
terraignis.ie,0.23,0,has_data,False,False,1.7,631,592,,,,SKIP — below minimum thresholds,2.85,2023-08-07,2025-01-19
agrotopia.ie,,,not_found,,,1.7,0,,,,,,,,
humanistweddings.ie,,,not_found,,,1.7,0,,Yes,human,,,,,
melthairandbeauty.ie,,,not_found,,,1.7,0,,,,,,,,
samandharrycatering.ie,,,not_found,,,1.7,,,Yes,catering,,,,,
brazilhouse.ie,0.94,4,has_data,False,False,1.6,59,,Yes,house,,,,2023-10-31,2026-05-15
ardee2040.ie,0.41,1,has_data,False,False,1.6,36,,,,,,,2021-06-23,2026-04-12
ewetube.ie,0.41,1,has_data,False,False,1.6,1467,,No,,,,,2023-12-07,2026-05-14
goldenhealthstore.ie,0.41,1,has_data,False,False,1.6,2612,1187,,,,SKIP — below minimum thresholds,4.05,2017-03-20,2023-06-04
mayfieldgaa.ie,0.41,1,has_data,False,False,1.6,5000,,,,,SKIP — below minimum thresholds,4.15,2017-11-04,2026-02-14
southeastbusiness.ie,0.35,0,has_data,False,False,1.6,4661,,Yes,business,,SKIP — below minimum thresholds,3.35,2004-12-08,2026-04-05
irishchurchstreaming.ie,0.23,0,has_data,False,False,1.6,42,,,,,,,2023-03-26,2026-05-10
n74tipperarytown.ie,0.23,0,has_data,False,False,1.6,371,,,,,,,2024-05-14,2026-06-07
teachspraoi.ie,0.23,0,has_data,False,False,1.6,956,,No,,,,,2021-10-17,2026-05-21
yourstyleyourstory.ie,0.23,0,has_data,False,False,1.6,5000,,,,,,,2022-07-11,2025-11-22
avrilbailey.ie,,,not_found,,,1.6,,,No,,,,,,
ielectron.ie,,,not_found,,,1.6,,,,,,,,,
jamiesmyth.ie,,,not_found,,,1.6,,,,,,,,,
robertwatson.ie,,,not_found,,,1.6,,,,,,,,,
cillchomaingaa.ie,0.41,1,has_data,False,False,1.5,319,,,,,,,2020-11-07,2026-05-20
frbwcork.ie,0.24,0,has_data,False,False,1.5,10,,Yes,cork,,SKIP — below minimum thresholds,2.5,2025-02-11,2025-10-15
healthhealingholistictherapies.ie,0.24,0,has_data,False,False,1.5,100,445,Yes,"holistic, healing, health",,SKIP — below minimum thresholds,2.7,2021-09-23,2025-06-15
dublinaccommodation.ie,0.23,0,has_data,False,False,1.5,4118,,Yes,"accommodation, dublin",,,,2014-05-17,2026-05-09
dublindoorrepair.ie,0.23,0,has_data,False,False,1.5,91,,,,,,,2021-11-28,2026-06-12
irelandeip.ie,0.23,0,has_data,False,False,1.5,276,396,,,,SKIP — below minimum thresholds,2.65,2019-07-18,2025-08-03
lma.ie,0.23,0,has_data,False,False,1.5,2094,1375,,,,SKIP — below minimum thresholds,2.65,2001-04-02,2022-11-28
smauto.ie,0.23,0,has_data,False,False,1.5,888,,,,,SKIP — below minimum thresholds,2.65,2014-09-12,2026-06-06
boscapizza.ie,,,not_found,,,1.5,159,544,,,,,,2022-12-08,2025-03-03
documatics.ie,,,not_found,,,1.5,,,No,,,,,,
e7.ie,,,not_found,,,1.5,,,,,,,,,
forkyeah.ie,,,not_found,,,1.5,0,,No,,,,,,
henryauctioneers.ie,,,not_found,,,1.5,0,,,,,,,,
vlogby.ie,,,not_found,,,1.5,,,,,,,,,
cvi.ie,0.78,3,has_data,False,False,1.4,2544,,No,,,,,2000-10-09,2026-03-12
recoveryroad.ie,0.44,1,has_data,False,False,1.4,92,,,,,,,2024-08-15,2026-05-08
abbeyphysio.ie,0.41,1,has_data,False,False,1.4,1299,,,,,,,2001-03-04,2026-01-15
hourkitchen.ie,0.24,0,has_data,False,False,1.4,1188,,No,,,SKIP — below minimum thresholds,2.6,2016-03-25,2025-10-06
thoughtscore.ie,0.24,0,has_data,False,False,1.4,11,,,,,,,2024-09-18,2025-10-16
courtreports.ie,0.23,0,has_data,False,False,1.4,326,,,,,,,2021-11-30,2026-06-13
gleneagle.ie,0.23,0,has_data,False,False,1.4,227,,,,,SKIP — below minimum thresholds,2.55,2007-08-12,2026-02-13
catalinainsurance.ie,,,not_found,,,1.4,,,Yes,insurance,,,,,
reconnect.ie,,,not_found,,,1.4,,,,,,,,,
roofers-dublin.ie,,,not_found,,,1.4,,,Yes,"dublin, roof",,,,,
serviceplus.ie,,,not_found,,,1.4,,,Yes,service,,,,,
shannonphotography.ie,,,not_found,,,1.4,,,Yes,photography,,,,,
online-slots.ie,0.57,2,has_data,False,False,1.3,176,865,Yes,online,,,,2016-03-30,2024-04-21
valentinesgifts.ie,0.41,1,has_data,False,False,1.3,9,541,,,,,,2020-12-05,2025-03-11
yourcompanyformations.ie,0.41,1,has_data,False,False,1.3,37,,,,,,,2024-04-16,2026-06-09
suirvalleyvintageclub.ie,0.4,1,has_data,False,False,1.3,1498,,No,,,,,2017-11-05,2026-06-07
tandemskydive.ie,0.4,1,has_data,False,False,1.3,1052,1206,,,,SKIP — below minimum thresholds,3.8,2010-04-22,2023-05-16
frontrow.ie,0.34,0,has_data,False,False,1.3,2071,2568,,,,,,2010-02-13,2019-08-23
viaequine.ie,0.25,0,has_data,False,False,1.3,3357,,,,,,,2014-09-15,2026-06-06
theelectricians.ie,0.24,0,has_data,False,False,1.3,1557,,Yes,electric,,SKIP — below minimum thresholds,2.5,2007-11-29,2026-05-11
oakmontmaintenance.ie,0.23,0,has_data,False,False,1.3,71,519,,,,SKIP — below minimum thresholds,2.15,2023-02-03,2025-04-02
redmondpropertygroup.ie,0.23,0,has_data,False,False,1.3,256,,Yes,"property, group",,,,2021-12-05,2026-05-11
iconstudios.ie,,,not_found,,,1.3,,,,,,,,,
idesignworxtestwebsite.ie,,,not_found,,,1.3,0,,Yes,"website, design",,,,,
lymphoedematreatment.ie,,,not_found,,,1.3,,,,,,,,,
markieviczsportsandfitness.ie,,,not_found,,,1.3,,,,,,,,,
murroewoodpark.ie,,,not_found,,,1.3,951,,Yes,wood,,,,2017-11-04,2026-01-16
bootleg.ie,0.83,3,has_data,False,False,1.2,3,,,,,SKIP — below minimum thresholds,6.75,2024-09-11,2025-11-20
annabellalrd.ie,0.41,1,has_data,False,False,1.2,36,,,,,SKIP — below minimum thresholds,3.45,2025-09-10,2026-06-10
footgolfmayo.ie,0.41,1,has_data,False,False,1.2,1888,598,,,,SKIP — below minimum thresholds,3.75,2014-07-21,2025-01-13
holycrosscollegelrd.ie,0.41,1,has_data,False,False,1.2,67,,,,,,,2025-08-06,2026-05-13
inspo.ie,0.41,1,has_data,False,False,1.2,5000,751,No,,,SKIP — below minimum thresholds,3.75,2017-05-08,2024-08-13
kilwoghandrivelrd.ie,0.41,1,has_data,False,False,1.2,24,,No,,,SKIP — below minimum thresholds,3.55,2025-09-14,2026-05-10
dog-house.ie,0.4,1,has_data,False,False,1.2,104,,,,,,,2022-06-29,2026-06-10
rivermoyswim.ie,0.4,1,has_data,False,False,1.2,53,529,No,,,,,2021-12-20,2025-03-23
theperfectfit.ie,0.24,0,has_data,False,False,1.2,1512,394,No,,,,,2013-10-10,2025-08-05
casanovagelato.ie,0.23,0,has_data,False,False,1.2,391,1182,No,,,SKIP — below minimum thresholds,2.25,2017-08-13,2023-06-09
connemaraclothing.ie,0.23,0,has_data,,,1.2,,,No,,,,,,
puretouch.ie,0.23,0,has_data,False,False,1.2,1995,3068,No,,,SKIP — below minimum thresholds,2.05,2017-10-04,2018-04-10
smartlegal.ie,0.23,0,has_data,False,False,1.2,338,387,,,,,,2020-12-04,2025-08-12
xsdirect.ie,0.23,0,has_data,False,False,1.2,1825,,No,,,,,2004-12-03,2026-05-21
beginnersmindcoaching.ie,,,not_found,,,1.2,,,Yes,coaching,,,,,
clarabellehairboutique.ie,,,not_found,,,1.2,0,,,,,,,,
dolphindigital.ie,,,not_found,,,1.2,0,,Yes,digital,,,,,
rangoli.ie,1.33,8,has_data,False,False,1.1,5000,,No,,,,,2001-03-09,2026-05-12
auctionxchange.ie,0.59,2,has_data,False,False,1.1,5000,,,,,SKIP — below minimum thresholds,5.05,2010-11-26,2026-05-15
essentialskills.ie,0.58,2,has_data,False,False,1.1,32,,,,,,,2025-10-31,2025-11-14
qbu.ie,0.45,1,has_data,False,False,1.1,356,,No,,,,,2017-06-20,2026-05-20
sutherlandceramics.ie,0.41,1,has_data,False,False,1.1,2,606,No,,,SKIP — below minimum thresholds,3.65,2024-09-05,2025-01-05
ballylusk.ie,0.4,1,has_data,False,False,1.1,861,,,,,,,2011-02-03,2026-05-16
barntown.ie,0.4,1,has_data,False,False,1.1,5000,829,,,,,,2017-03-29,2024-05-27
francismatthews.ie,0.4,1,has_data,False,False,1.1,378,385,,,,,,2011-10-16,2025-08-14
hardunnechristmastrees.ie,0.4,1,has_data,False,False,1.1,120,,No,,,SKIP — below minimum thresholds,3.5,2022-01-20,2026-05-10
msdl.ie,0.4,1,has_data,,,1.1,,,No,,,,,,
orientalemporium.ie,0.4,1,has_data,False,False,1.1,3479,1438,No,,,SKIP — below minimum thresholds,3.6,2009-08-01,2022-09-26
2022.ie,0.25,0,has_data,,,1.1,,,,,,,,,
brightsparkscoaching.ie,0.24,0,has_data,False,False,1.1,1499,528,,,,,,2010-10-18,2025-03-24
ecoplus.ie,0.24,0,has_data,False,False,1.1,316,595,No,,,,,2022-12-03,2025-01-16
ballindoylegrabhire.ie,0.23,0,has_data,False,False,1.1,64,1067,No,,,,,2022-10-07,2023-10-02
crossmolinafestival.ie,0.23,0,has_data,False,False,1.1,1896,,,,,SKIP — below minimum thresholds,2.15,2017-10-26,2026-06-09
emdrtraumatherapy.ie,0.23,0,has_data,False,False,1.1,19,,,,,,,2023-10-30,2025-12-12
humanist.ie,0.23,0,has_data,False,False,1.1,30,1162,,,,SKIP — below minimum thresholds,2.25,2020-09-26,2023-06-29
markhendrickcoaching.ie,,,not_found,,,1.1,0,,,,,,,,
mercylandmed.ie,,,not_found,,,1.1,0,,No,,,,,,
theblueroom.ie,,,not_found,,,1.1,,,,,,,,,
thewest.ie,,,not_found,,,1.1,,,No,,,,,,
fnag.ie,0.95,4,has_data,False,False,1,997,,No,,,,,2005-10-21,2026-05-14
avsystems.ie,0.57,2,has_data,False,False,1,4009,776,,,,,,2012-06-27,2024-07-19
solarirelandisea.ie,0.45,1,has_data,False,False,1,224,530,,,,SKIP — below minimum thresholds,3.75,2023-09-27,2025-03-22
lymphoedema.ie,0.41,1,has_data,False,False,1,1773,,,,,SKIP — below minimum thresholds,3.55,2017-11-04,2026-05-19
northstarcct.ie,0.41,1,has_data,False,False,1,28,553,,,,,,2022-03-20,2025-02-27
skerrieswatersports.ie,0.41,1,has_data,False,False,1,40,,Yes,sports,,,,2024-04-15,2026-05-10
healthintelligence.ie,0.4,1,has_data,False,False,1,443,6633,Yes,health,,SKIP — below minimum thresholds,3.5,2006-11-30,2008-07-06
parene.ie,0.4,1,has_data,False,False,1,514,1000,No,,,,,2021-07-13,2023-12-08
vitalitywisenutrition.ie,0.4,1,has_data,False,False,1,81,,,,,,,2024-11-07,2026-06-08
xit.ie,0.4,1,has_data,False,False,1,2977,572,,,,SKIP — below minimum thresholds,3.5,2013-07-21,2025-02-08
skmotors.ie,0.24,0,has_data,False,False,1,5000,1200,,,,,,2016-02-07,2023-05-22
whohasit.ie,0.24,0,has_data,False,False,1,165,4237,,,,,,2010-06-28,2015-01-27
atlanticsurgical.ie,0.23,0,has_data,False,False,1,4141,1182,,,,SKIP — below minimum thresholds,2.15,2014-11-08,2023-06-09
bitsnbobs.ie,0.23,0,has_data,False,False,1,5000,492,No,,,,,2011-10-12,2025-04-29
coach-ed.ie,0.23,0,has_data,False,False,1,2,513,Yes,coach,,SKIP — below minimum thresholds,2.15,2025-02-15,2025-04-08
declankelly.ie,0.23,0,has_data,False,False,1,57,,No,,,,,2019-12-21,2026-05-17
dsh.ie,0.23,0,has_data,False,False,1,2894,516,No,,,SKIP — below minimum thresholds,2.15,2003-03-14,2025-04-05
mindbodyconnect.ie,0.23,0,has_data,False,False,1,172,,,,,SKIP — below minimum thresholds,2.15,2017-11-04,2025-11-10
soulsauna.ie,0.23,0,has_data,False,False,1,60,,No,,,SKIP — below minimum thresholds,2.15,2024-05-29,2026-06-06
sfid.ie,,,not_found,,,1,,,,,,,,,
thatchcottagecafe.ie,,,not_found,,,1,,,Yes,cafe,,,,,
worldofwater.ie,,,not_found,,,1,,,,,,,,,
journals.ie,2.14,7,has_data,False,False,0.9,5000,546,,,,SKIP — below minimum thresholds,15.1,2006-04-15,2025-03-06
knocklongns.ie,0.4,1,has_data,False,False,0.9,0,,,,,SKIP — below minimum thresholds,3.4,,
sporthorses.ie,0.24,0,has_data,False,False,0.9,1561,,Yes,sport,,SKIP — below minimum thresholds,2.1,2008-08-09,2026-03-12
bluevista.ie,0.23,0,has_data,False,False,0.9,109,,No,,,,,2021-05-05,2026-05-10
dryagemeat.ie,0.23,0,has_data,False,False,0.9,658,,,,,,,2020-08-13,2025-11-07
marykathryns.ie,0.23,0,has_data,False,False,0.9,1107,,,,,SKIP — below minimum thresholds,2.05,2017-09-14,2026-01-13
pettura.ie,0.23,0,has_data,False,False,0.9,58,727,,,,,,2016-09-16,2024-09-06
thegdprcompany.ie,0.23,0,has_data,False,False,0.9,141,,,,,,,2021-12-26,2026-06-06
visitaran.ie,0.23,0,has_data,False,False,0.9,687,501,No,,,,,2008-02-24,2025-04-20
websitecms.ie,0.23,0,has_data,False,False,0.9,4702,506,,,,,,2013-07-17,2025-04-15
anandavibrations.ie,,,not_found,,,0.9,0,,No,,,,,,
balancefood.ie,,,not_found,,,0.9,,,Yes,food,,,,,
clarelymer.ie,,,not_found,,,0.9,,,No,,,,,,
elevateuniversal.ie,,,not_found,,,0.9,0,,No,,,,,,
jobs4u.ie,,,not_found,,,0.9,,,,,,,,,
thecuriousmagician.ie,,,not_found,,,0.9,,,No,,,,,,
geg.ie,1.56,2,has_data,True,True,0.8,224,3744,,,,SKIP — below minimum thresholds,9.6,2012-11-28,2016-06-03
darmodyarchitects.ie,0.58,2,has_data,False,False,0.8,1100,,,,,SKIP — below minimum thresholds,4.6,2012-08-18,2026-03-13
edgewood.ie,0.58,2,has_data,False,False,0.8,618,,,,,,,2007-11-29,2026-03-19
discoverclonmel.ie,0.4,1,has_data,False,False,0.8,147,,No,,,,,2024-04-18,2026-06-05
glitterbug.ie,0.4,1,has_data,False,False,0.8,4129,557,,,,,,2007-11-29,2025-02-23
mysecondear.ie,0.4,1,has_data,False,False,0.8,5000,403,No,,,SKIP — below minimum thresholds,3.3,2023-06-21,2025-07-27
octobernights.ie,0.4,1,has_data,,,0.8,,,No,,,,,,
dublinhairdressers.ie,0.24,0,has_data,False,False,0.8,50,443,Yes,"dublin, hair",,,,2020-08-14,2025-06-17
thecountyfare.ie,0.24,0,has_data,False,False,0.8,12,731,,,,,,2021-12-27,2024-09-02
fundracer.ie,0.23,0,has_data,,,0.8,,,No,,,,,,
justbreathe.ie,0.23,0,has_data,False,False,0.8,3997,2144,,,,SKIP — below minimum thresholds,1.85,2015-10-14,2020-10-20
kingsislandwalledtown.ie,0.23,0,has_data,False,False,0.8,196,,,,,SKIP — below minimum thresholds,1.95,2024-08-12,2026-06-08
leixliptidytown.ie,0.23,0,has_data,False,False,0.8,698,,No,,,,,2020-08-04,2026-05-09
paigeparker.ie,0.23,0,has_data,False,False,0.8,86,,,,,SKIP — below minimum thresholds,1.95,2022-03-31,2025-09-07
reemo.ie,0.23,0,has_data,,,0.8,,,No,,,,,,
rochesterginger.ie,0.23,0,has_data,False,False,0.8,4,,No,,,SKIP — below minimum thresholds,1.95,2025-06-16,2025-10-17
breretonstrawthatchers.ie,,,not_found,,,0.8,,,No,,,,,,
gateproperties.ie,,,not_found,,,0.8,0,,,,,,,,
havenga.ie,,,not_found,,,0.8,0,,No,,,,,,
mafc.ie,,,not_found,,,0.8,0,,,,,,,,
thecatsmeow.ie,,,not_found,,,0.8,,,No,,,,,,
mediacap.ie,0.43,1,has_data,False,False,0.7,7,,,,,SKIP — below minimum thresholds,3.35,2024-12-14,2025-09-16
atlanticscholarships.ie,0.42,1,has_data,False,False,0.7,347,,,,,,,2020-11-02,2025-11-14
collegeesports.ie,0.41,1,has_data,False,False,0.7,5000,,,,,SKIP — below minimum thresholds,3.25,2017-11-04,2025-11-13
electronicpartner.ie,0.4,1,has_data,False,False,0.7,5000,1479,,,,SKIP — below minimum thresholds,3.2,2011-06-12,2022-08-16
ferrybankchristianchurch.ie,0.4,1,has_data,False,False,0.7,874,597,,,,,,2019-07-17,2025-01-14
pipesandflutes.ie,0.4,1,has_data,False,False,0.7,3173,,No,,,SKIP — below minimum thresholds,3.2,2013-05-16,2025-09-07
minimusos.ie,0.24,0,has_data,False,False,0.7,4236,1566,,,,,,2011-02-02,2022-05-21
bproperty.ie,0.23,0,has_data,False,False,0.7,741,,,,,SKIP — below minimum thresholds,1.85,2020-10-26,2026-06-06
efttapping.ie,0.23,0,has_data,False,False,0.7,38,,,,,,,2021-05-15,2026-05-14
klimireland.ie,0.23,0,has_data,False,False,0.7,4769,703,,,,SKIP — below minimum thresholds,1.45,2018-12-15,2024-09-30
sogo.ie,0.23,0,has_data,False,False,0.7,97,,No,,,SKIP — below minimum thresholds,1.85,2010-05-03,2026-05-10
tow-republic.ie,0.23,0,has_data,False,False,0.7,4859,,,,,,,2022-08-05,2026-04-29
allaboutyourhome.ie,,,not_found,,,0.7,,,Yes,home,,,,,
simplywater.ie,,,not_found,,,0.7,,,,,,,,,
sistersadie.ie,,,not_found,,,0.7,,,,,,,,,
smitten.ie,,,not_found,,,0.7,,,,,,,,,
thedesignteam.ie,,,not_found,,,0.7,,,,,,,,,
tmrlaw.ie,,,not_found,,,0.7,,,,,,,,,
thundercutalley.ie,0.95,4,has_data,False,False,0.6,515,422,,,,SKIP — below minimum thresholds,7.35,2017-04-22,2025-07-08
lovelift.ie,0.92,4,has_data,False,False,0.6,0,,No,,,SKIP — below minimum thresholds,7.1,,
bouncycastlemeath.ie,0.56,2,has_data,False,False,0.6,473,,No,,,,,2021-09-26,2026-05-10
ezweb.ie,0.56,1,has_data,False,False,0.6,187,,No,,,,,2021-08-02,2026-05-21
deerparknursinghome.ie,0.4,1,has_data,False,False,0.6,608,,,,,,,2017-09-03,2026-06-07
kevinmcallisterelectrical.ie,0.4,1,has_data,False,False,0.6,5000,,,,,,,2020-11-12,2026-04-22
multiculturalireland.ie,0.4,1,has_data,False,False,0.6,153,,Yes,ireland,,,,2020-08-05,2026-01-13
sandymountart.ie,0.4,1,has_data,False,False,0.6,699,,No,,,,,2007-11-29,2026-03-15
scientificartslab.ie,0.4,1,has_data,False,False,0.6,736,,,,,SKIP — below minimum thresholds,3.1,2023-09-07,2026-06-13
anugrahadanceacademy.ie,0.24,0,has_data,False,False,0.6,5,,No,,,,,2024-06-17,2025-10-14
visitbirr.ie,0.24,0,has_data,False,False,0.6,2578,1561,,,,SKIP — below minimum thresholds,1.8,2018-07-16,2022-05-26
anchillsauna.ie,0.23,0,has_data,False,False,0.6,2,547,,,,SKIP — below minimum thresholds,1.75,2024-09-07,2025-03-05
clonroadgardencentre.ie,0.23,0,has_data,False,False,0.6,364,,Yes,garden,,SKIP — below minimum thresholds,1.75,2021-11-29,2026-05-16
dwello.ie,0.23,0,has_data,False,False,0.6,32,,,,,SKIP — below minimum thresholds,1.15,2025-02-09,2026-06-06
ikandi.ie,0.23,0,has_data,False,False,0.6,0,,,,,SKIP — below minimum thresholds,1.65,,
nedo.ie,0.23,0,has_data,,,0.6,,,No,,,,,,
supboards.ie,0.23,0,has_data,False,False,0.6,389,,No,,,,,2022-03-13,2026-03-05
taylorsbarennis.ie,0.23,0,has_data,False,False,0.6,86,538,No,,,SKIP — below minimum thresholds,1.75,2023-03-06,2025-03-14
corkcitypilatesandyoga.ie,,,not_found,,,0.6,,,,,,,,,
hpat.ie,,,not_found,,,0.6,,,,,,,,,
indikahealth.ie,,,not_found,,,0.6,0,,Yes,health,,,,,
slimrus.ie,,,not_found,,,0.6,,,No,,,,,,
softwarespace.ie,,,not_found,,,0.6,,,,,,,,,
jameskennedy.ie,1.35,8,has_data,False,False,0.5,1557,,,,,,,2007-11-29,2026-01-17
abc80s.ie,1.18,6,has_data,False,False,0.5,754,,,,,SKIP — below minimum thresholds,9.4,2010-12-02,2026-04-15
mfg.ie,0.58,2,has_data,False,False,0.5,1234,2532,No,,,,,2001-03-02,2019-09-28
mypad.ie,0.55,2,has_data,False,False,0.5,5000,373,No,,,SKIP — below minimum thresholds,4.25,2007-11-29,2025-08-26
activehuntingireland.ie,0.41,1,has_data,False,False,0.5,5000,379,,,,SKIP — below minimum thresholds,3.05,2008-10-12,2025-08-20
doncarey.ie,0.4,1,has_data,False,False,0.5,76,1006,Yes,care,,,,2017-06-04,2023-12-02
safetwist.ie,0.34,0,has_data,False,False,0.5,4534,,,,,SKIP — below minimum thresholds,2.2,2016-10-26,2026-04-15
bitrix24.ie,0.23,0,has_data,,,0.5,,,No,,,,,,
connectgreen.ie,0.23,0,has_data,False,False,0.5,325,497,,,,SKIP — below minimum thresholds,1.65,2024-02-20,2025-04-24
jna.ie,0.23,0,has_data,False,False,0.5,598,658,No,,,SKIP — below minimum thresholds,1.65,2013-04-12,2024-11-14
michaelcrowe.ie,0.23,0,has_data,False,False,0.5,728,1375,,,,SKIP — below minimum thresholds,1.65,2007-07-05,2022-11-28
skillbase.ie,0.23,0,has_data,,,0.5,,,No,,,,,,
viriguard.ie,0.23,0,has_data,False,False,0.5,160,,,,,SKIP — below minimum thresholds,1.65,2020-11-26,2025-12-10
andrewwalshbus.ie,,,not_found,,,0.5,0,,,,,,,,
brewing.ie,,,not_found,,,0.5,143,1859,,,,,,2013-08-18,2021-07-27
cartolytics.ie,,,not_found,,,0.5,0,,,,,,,,
dustandrock.ie,,,not_found,,,0.5,0,,No,,,,,,
equinetherapiesireland.ie,,,not_found,,,0.5,0,,Yes,ireland,,,,,
franzitawhelan.ie,,,not_found,,,0.5,,,No,,,,,,
ormondeupgrading.ie,,,not_found,,,0.5,,,,,,,,,
runforresearch.ie,,,not_found,,,0.5,,,,,,,,,
smartdentalcare.ie,,,not_found,,,0.5,,,Yes,"dental, care",,,,,
stellamaris.ie,,,not_found,,,0.5,,,,,,,,,
usabilitytesting.ie,,,not_found,,,0.5,,,,,,,,,
kali.ie,0.74,1,has_data,False,False,0.4,864,3778,,,,SKIP — below minimum thresholds,4.6,1998-11-11,2016-04-30
mybeerandwine.ie,0.57,2,has_data,False,False,0.4,5000,1730,,,,SKIP — below minimum thresholds,4.25,2010-09-21,2021-12-08
jaysprinting.ie,0.56,2,has_data,False,False,0.4,5000,378,,,,,,2011-10-21,2025-08-21
propertyclean.ie,0.56,2,has_data,False,False,0.4,182,,Yes,"property, clean",,SKIP — below minimum thresholds,4.2,2025-09-02,2026-02-02
angelrecovery.ie,0.4,1,has_data,False,False,0.4,58,,,,,SKIP — below minimum thresholds,2.9,2024-08-09,2026-04-19
playlandcasino.ie,0.4,1,has_data,False,False,0.4,562,777,No,,,,,2016-01-25,2024-07-18
turmerix.ie,0.4,1,has_data,False,False,0.4,1777,,No,,,SKIP — below minimum thresholds,2.9,2017-11-04,2026-06-12
alchemy5.ie,0.25,0,has_data,False,False,0.4,268,1072,,,,,,2021-11-25,2023-09-27
activetechnology.ie,0.23,0,has_data,False,False,0.4,0,,,,,SKIP — below minimum thresholds,1.55,,
artandhobby.ie,0.23,0,has_data,False,False,0.4,28,498,No,,,,,2017-11-03,2025-04-23
electriccircus.ie,0.23,0,has_data,False,False,0.4,20,3215,Yes,electric,,,,2017-11-04,2017-11-14
lifanmotors.ie,0.23,0,has_data,False,False,0.4,19,531,,,,,,2021-12-15,2025-03-21
ozvisa.ie,0.23,0,has_data,False,False,0.4,113,634,No,,,,,2022-03-14,2024-12-08
swooshed.ie,0.23,0,has_data,False,False,0.4,3979,,No,,,SKIP — below minimum thresholds,1.55,2023-02-16,2026-06-07
brandnerds.ie,,,not_found,,,0.4,,,Yes,brand,,,,,
denisbyrneglass.ie,,,not_found,,,0.4,0,,,,,,,,
djjarlathryan.ie,,,not_found,,,0.4,0,,No,,,,,,
fhs.ie,,,not_found,,,0.4,,,,,,,,,
jojingles.ie,,,not_found,,,0.4,,,No,,,,,,
mandysfairytails.ie,,,not_found,,,0.4,0,,,,,,,,
seodanasean.ie,,,not_found,,,0.4,,,No,,,,,,
thestudionmk.ie,,,not_found,,,0.4,,,Yes,studio,,,,,
vtosleitrim.ie,,,not_found,,,0.4,,,,,,,,,
totsamazing.ie,0.41,1,has_data,False,False,0.3,701,,Yes,amazing,,,,2017-06-04,2026-05-12
digitaltwins.ie,0.4,1,has_data,,,0.3,209,,Yes,digital,,,,2022-10-18,2025-04-11
lwe.ie,0.4,1,has_data,False,False,0.3,4,,,,,,,2024-09-10,2026-06-06
pageonechildcare.ie,0.4,1,has_data,False,False,0.3,125,1072,,,,SKIP — below minimum thresholds,2.8,2021-12-18,2023-09-27
polskieradioirlandia.ie,0.4,1,has_data,False,False,0.3,1765,1313,No,,,,,2021-04-10,2023-01-29
realfilms.ie,0.4,1,has_data,False,False,0.3,4,723,Yes,"real, film",,SKIP — below minimum thresholds,2.8,2013-06-27,2024-09-10
smenospublications.ie,0.4,1,has_data,False,False,0.3,53,,,,,SKIP — below minimum thresholds,2.8,2023-07-02,2026-04-16
soulcircle.ie,0.4,1,has_data,False,False,0.3,115,,No,,,SKIP — below minimum thresholds,2.8,2024-04-12,2025-11-17
tribesyouth.ie,0.4,1,has_data,,,0.3,,,No,,,,,,
casinobonus.ie,0.23,0,has_data,False,False,0.3,1816,1004,,,,,,2017-01-26,2023-12-04
celticjewellery.ie,0.23,0,has_data,False,False,0.3,2860,,No,,,SKIP — below minimum thresholds,1.45,2017-11-04,2026-06-06
dotsy.ie,0.23,0,has_data,False,False,0.3,699,,No,,,SKIP — below minimum thresholds,1.45,2017-11-04,2026-02-08
etxcapital.ie,0.23,0,has_data,False,False,0.3,5000,2754,,,,,,2014-07-14,2019-02-18
glassretrofits.ie,0.23,0,has_data,False,False,0.3,0,,,,,SKIP — below minimum thresholds,1.45,,
holidaycottageburtonport.ie,0.23,0,has_data,False,False,0.3,104,,,,,,,2024-01-26,2026-06-13
jacqueschauffeursandtours.ie,0.23,0,has_data,False,False,0.3,62,,,,,SKIP — below minimum thresholds,1.45,2025-01-15,2026-03-06
joycecaplice.ie,0.23,0,has_data,False,False,0.3,359,1077,No,,,SKIP — below minimum thresholds,1.45,2007-11-29,2023-09-22
mauricespillane.ie,0.23,0,has_data,False,False,0.3,246,3598,No,,,SKIP — below minimum thresholds,1.45,2015-10-11,2016-10-27
mobiba.ie,0.23,0,has_data,False,False,0.3,532,525,No,,,,,2022-04-02,2025-03-27
ontap.ie,0.23,0,has_data,,,0.3,,,,,,,,,
patoconnorart.ie,0.23,0,has_data,False,False,0.3,26,,,,,SKIP — below minimum thresholds,1.45,2025-03-21,2026-06-09
thedeliveryguys.ie,0.23,0,has_data,False,False,0.3,2864,,,,,,,2012-06-18,2026-08-19
accurofitness.ie,,,not_found,,,0.3,0,,,,,,,,
appy.ie,,,not_found,,,0.3,0,,No,,,,,,
dapper.ie,,,not_found,,,0.3,,,No,,,,,,
ecoupon.ie,,,not_found,,,0.3,0,,No,,,,,,
futureplumbing.ie,,,not_found,,,0.3,,,Yes,plumbing,,,,,
grapeandgrain.ie,,,not_found,,,0.3,,,No,,,,,,
guinnesshurling.ie,,,not_found,,,0.3,,,No,,,,,,
h2oadventure.ie,,,not_found,,,0.3,0,,,,,,,,
killeavycastle.ie,,,not_found,,,0.3,0,,,,,,,,
kingdommart.ie,,,not_found,,,0.3,,,,,,,,,
marybridgeman.ie,,,not_found,,,0.3,0,,,,,,,,
myross-yogafestival.ie,,,not_found,,,0.3,,,,,,,,,
niallmccormack.ie,,,not_found,,,0.3,982,,,,,,,2010-12-20,2026-02-08
psychologyinsport.ie,,,not_found,,,0.3,,,,,,,,,
sharonramsey.ie,,,not_found,,,0.3,,,No,,,,,,
svpfunrun.ie,,,not_found,,,0.3,,,,,,,,,
takeaim.ie,,,not_found,,,0.3,,,,,,,,,
coybig.ie,0.62,2,has_data,False,False,0.2,727,,,,,,,2013-01-20,2026-03-17
kinviro.ie,0.56,2,has_data,False,False,0.2,241,2852,No,,,,,2007-03-12,2018-11-12
weblabs.ie,0.55,2,has_data,False,False,0.2,107,,No,,,,,2020-09-27,2026-04-11
waterfordraceway.ie,0.42,1,has_data,False,False,0.2,861,,,,,,,2007-11-22,2026-05-17
doolinferries.ie,0.4,1,has_data,False,False,0.2,29,526,,,,SKIP — below minimum thresholds,2.7,2008-05-09,2025-03-26
learntodrive.ie,0.4,1,has_data,False,False,0.2,735,,No,learn to drive,,,,2004-12-24,2025-10-11
meddevicejobs.ie,0.4,1,has_data,False,False,0.2,927,1482,No,,,,,2009-07-24,2022-08-13
michaelmullinthebard.ie,0.4,1,has_data,False,False,0.2,3078,,,,,,,2017-11-04,2026-05-14
sruthnateanga.ie,0.4,1,has_data,False,False,0.2,9,559,No,,,,,2021-12-22,2025-02-21
ticara.ie,0.4,1,has_data,False,False,0.2,198,393,,,,,,2020-08-14,2025-08-06
winanewcar.ie,0.4,1,has_data,,,0.2,,,,,,,,,
blackrockswimmingclub.ie,0.23,0,has_data,False,False,0.2,1424,,No,,,SKIP — below minimum thresholds,1.35,2016-06-10,2026-06-06
bridalshower.ie,0.23,0,has_data,False,False,0.2,2770,2925,,,,SKIP — below minimum thresholds,1.35,2013-11-08,2018-08-31
emeraldheating.ie,0.23,0,has_data,False,False,0.2,34,,No,,,,,2023-10-30,2026-02-13
hairology.ie,0.23,0,has_data,False,False,0.2,33,,Yes,hair,,SKIP — below minimum thresholds,1.35,2017-11-04,2026-06-10
poppylockets.ie,0.23,0,has_data,False,False,0.2,5000,,,,,,,2016-10-14,2026-03-17
qifa.ie,0.23,0,has_data,False,False,0.2,5000,521,No,,,,,2008-06-24,2025-03-31
sensortemp.ie,0.23,0,has_data,False,False,0.2,855,716,,,,SKIP — below minimum thresholds,1.35,2017-11-05,2024-09-17
theidlehour.ie,0.23,0,has_data,False,False,0.2,20,546,No,,,,,2013-04-20,2025-03-06
ueccollege.ie,0.23,0,has_data,False,False,0.2,10,,,,,SKIP — below minimum thresholds,1.35,2025-08-04,2025-12-07
walshapplications.ie,0.23,0,has_data,False,False,0.2,3330,,Yes,application,,,,2021-11-04,2026-04-21
webbd.ie,0.23,0,has_data,False,False,0.2,277,,No,,,,,2024-11-05,2026-05-15
wineracks.ie,0.23,0,has_data,False,False,0.2,127,,No,,,,,2020-10-27,2026-01-13
bizsales.ie,,,not_found,,,0.2,0,,,,,,,,
carpentrydirect.ie,,,not_found,,,0.2,,,Yes,carpentry,,,,,
cityofdublinchamberorchestra.ie,,,not_found,,,0.2,0,,Yes,dublin,,,,,
irisheats.ie,,,not_found,,,0.2,0,,Yes,irish,,,,,
jenmurphydesignstudio.ie,,,not_found,,,0.2,,,,,,,,,
mbsonline.ie,,,not_found,,,0.2,0,,Yes,online,,,,,
propertyproducts.ie,,,not_found,,,0.2,,,Yes,property,,,,,
quickstart.ie,,,not_found,,,0.2,,,No,,,,,,
sharkswimmingclub.ie,,,not_found,,,0.2,,,,,,,,,
smartfixroofing.ie,,,not_found,,,0.2,,,Yes,roofing,,,,,
swoopfunding.ie,,,not_found,,,0.2,,,No,,,,,,
thenewdemocrat.ie,,,not_found,,,0.2,,,,,,,,,
tonedfit.ie,,,not_found,,,0.2,,,No,,,,,,
waltonflooring.ie,1.05,5,has_data,False,False,0.1,5000,,,,,SKIP — below minimum thresholds,7.85,2024-08-13,2026-06-11
bancroftviewshd.ie,0.7,2,has_data,False,False,0.1,307,440,No,,,,,2022-06-17,2025-06-20
evently.ie,0.58,2,has_data,False,False,0.1,1242,741,,,,,,2021-12-03,2024-08-23
freeones.ie,0.56,2,has_data,False,False,0.1,5000,1020,No,,,,,2007-11-29,2023-11-18
recovery24.ie,0.56,2,has_data,False,False,0.1,2068,,Yes,recovery,,,,2010-06-09,2026-01-30
websitesmadeeasy.ie,0.55,2,has_data,False,False,0.1,451,,Yes,website,,,,2010-06-13,2026-06-06
duszpasterstwopolskiewcork.ie,0.41,1,has_data,False,False,0.1,1465,,,,,,,2021-09-22,2026-06-11
allgoodthings.ie,0.4,1,has_data,False,False,0.1,40,536,,,,,,2024-04-25,2025-03-16
autobreak.ie,0.4,1,has_data,False,False,0.1,5000,1311,,,,,,2013-08-11,2023-01-31
becleansolutions.ie,0.4,1,has_data,False,False,0.1,217,775,Yes,"solutions, clean",,,,2021-02-17,2024-07-20
carmichael.ie,0.4,1,has_data,False,False,0.1,7,1721,No,,,SKIP — below minimum thresholds,2.6,2017-11-04,2021-12-17
cityofdublin.ie,0.4,1,has_data,False,False,0.1,194,,Yes,dublin,,,,2008-12-05,2026-05-15
clonsillalrd.ie,0.4,1,has_data,False,False,0.1,2,623,,,,SKIP — below minimum thresholds,2.6,2024-12-15,2024-12-19
downtherabbitholetherapies.ie,0.4,1,has_data,False,False,0.1,8,,,,,SKIP — below minimum thresholds,2.6,2026-01-15,2026-05-16
idmodels.ie,0.4,1,has_data,False,False,0.1,5000,2014,,,,SKIP — below minimum thresholds,2.6,2007-11-29,2021-02-27
instylefurniture.ie,0.4,1,has_data,False,False,0.1,1129,,No,,,SKIP — below minimum thresholds,2.6,2017-11-04,2026-05-13
lawnmowersalescork.ie,0.4,1,has_data,False,False,0.1,38,502,Yes,"sales, cork, lawnmower",,,,2021-06-23,2025-04-19
protectme.ie,0.4,1,has_data,False,False,0.1,933,,,,,,,2021-08-06,2026-06-08
velvetandfern.ie,0.4,1,has_data,False,False,0.1,3,541,,,,,,2024-08-07,2025-03-11
islandofireland.ie,0.25,0,has_data,False,False,0.1,3527,,,,,SKIP — below minimum thresholds,1.35,2020-11-01,2026-06-09
acleansweepdublin.ie,0.23,0,has_data,False,False,0.1,1104,388,,,,SKIP — below minimum thresholds,1.25,2011-09-24,2025-08-11
activityforcharity.ie,0.23,0,has_data,False,False,0.1,797,1184,,,,SKIP — below minimum thresholds,1.25,2020-12-18,2023-06-07
boxkick.ie,0.23,0,has_data,,,0.1,,,No,,,,,,
claireegan.ie,0.23,0,has_data,False,False,0.1,108,497,No,,,SKIP — below minimum thresholds,1.25,2016-01-16,2025-04-24
clayfun.ie,0.23,0,has_data,False,False,0.1,1296,,,,,,,2017-11-04,2026-06-08
countyseat.ie,0.23,0,has_data,False,False,0.1,5000,999,,,,SKIP — below minimum thresholds,1.25,2017-05-07,2023-12-09
datacables.ie,0.23,0,has_data,False,False,0.1,5000,1518,Yes,data,,SKIP — below minimum thresholds,1.25,2011-07-04,2022-07-08
debian.ie,0.23,0,has_data,False,False,0.1,51,421,,,,,,2023-02-25,2025-07-09
diligentcleaningservices.ie,0.23,0,has_data,False,False,0.1,652,,,,,SKIP — below minimum thresholds,1.25,2018-11-15,2026-06-09
dkpl.ie,0.23,0,has_data,False,False,0.1,6,417,,,,SKIP — below minimum thresholds,1.25,2024-06-19,2025-07-13
electroautomation.ie,0.23,0,has_data,False,False,0.1,634,,Yes,automation,,SKIP — below minimum thresholds,1.25,2001-03-02,2026-06-08
emmasevents.ie,0.23,0,has_data,False,False,0.1,54,,Yes,events,,,,2024-09-17,2026-05-17
facialaestheticsireland.ie,0.23,0,has_data,False,False,0.1,4083,,Yes,"aesthetics, ireland",,SKIP — below minimum thresholds,1.25,2016-09-17,2026-05-15
gfc.ie,0.23,0,has_data,False,False,0.1,1119,2551,No,,,,,2002-05-08,2019-09-09
kilkennyonline.ie,0.23,0,has_data,False,False,0.1,5000,,Yes,"kilkenny, online",,SKIP — below minimum thresholds,1.25,2017-08-27,2025-09-05
kingfood.ie,0.23,0,has_data,False,False,0.1,5000,770,Yes,food,,,,2017-10-24,2024-07-25
mindfulwellness.ie,0.23,0,has_data,False,False,0.1,125,,Yes,wellness,,SKIP — below minimum thresholds,1.25,2024-07-18,2026-02-16
northernlightschimneycleaning.ie,0.23,0,has_data,False,False,0.1,16,,Yes,cleaning,,,,2024-09-15,2026-05-18
popolsku.ie,0.23,0,has_data,False,False,0.1,1570,,No,,,,,2022-02-06,2026-04-18
singinglessonsdublin.ie,0.23,0,has_data,False,False,0.1,5000,395,,,,SKIP — below minimum thresholds,1.25,2012-09-16,2025-08-04
treasurebin.ie,0.23,0,has_data,False,False,0.1,336,1314,No,,,,,2008-07-04,2023-01-28
weddingbandireland.ie,0.23,0,has_data,False,False,0.1,1314,729,,,,,,2010-09-03,2024-09-04
biaur.ie,,,not_found,,,0.1,0,,No,,,,,,
clubshop.ie,,,not_found,,,0.1,0,,,,,,,,
contigo.ie,,,not_found,,,0.1,,,,,,,,,
earls.ie,,,not_found,,,0.1,0,,,,,,,,
electricshopping.ie,,,not_found,,,0.1,0,,Yes,electric,,,,,
esale.ie,,,not_found,,,0.1,0,,No,,,,,,
firstprintdigital.ie,,,not_found,,,0.1,,,,,,,,,
happypawws.ie,,,not_found,,,0.1,,,No,,,,,,
joy-of-art.ie,,,not_found,,,0.1,0,,No,,,,,,
konnect2clothing.ie,,,not_found,,,0.1,,,,,,,,,
lifelinestonecare.ie,,,not_found,,,0.1,,,,,,,,,
lils.ie,,,not_found,,,0.1,0,,,,,,,,
missoggi.ie,,,not_found,,,0.1,,,No,,,,,,
namastevaporizers.ie,,,not_found,,,0.1,,,No,,,,,,
no13beautyhouse.ie,,,not_found,,,0.1,,,,,,,,,
optimumhealthcoaching.ie,,,not_found,,,0.1,,,,,,,,,
retinaassociates.ie,,,not_found,,,0.1,,,,,,,,,
rols.ie,,,not_found,,,0.1,,,,,,,,,
saddlesireland.ie,,,not_found,,,0.1,,,Yes,ireland,,,,,
socialpr.ie,,,not_found,,,0.1,,,,,,,,,
solarworld.ie,,,not_found,,,0.1,,,,,,,,,
sportsman.ie,,,not_found,,,0.1,,,Yes,sports,,,,,
surpriseme.ie,,,not_found,,,0.1,,,,,,,,,
thewardrobecollective.ie,,,not_found,,,0.1,,,,,,,,,
underthecanvasco.ie,,,not_found,,,0.1,,,No,,,,,,
utpgroup.ie,,,not_found,,,0.1,,,,,,,,,
wexforddentalclinic.ie,,,not_found,,,0.1,,,,,,,,,
zachmccrossan.ie,,,not_found,,,0.1,,,,,,,,,
sparc-xr.ie,1.33,1,has_data,True,True,0,0,,,,,SKIP — below minimum thresholds,7.15,,
dalysplasteringcontractors.ie,1.29,7,has_data,False,False,0,16,819,,,,SKIP — below minimum thresholds,9.95,2022-03-06,2024-06-06
farmtrader.ie,0.9,4,has_data,False,False,0,47,1688,,,,SKIP — below minimum thresholds,6.5,2009-09-22,2022-01-19
napkins-wimmel.ie,0.86,2,has_data,False,False,0,104,450,,,,,,2021-12-18,2025-06-10
safetyinwork.ie,0.6,1,has_data,False,False,0,5000,,,,,,,2012-10-14,2026-06-10
ballawleylodge.ie,0.57,2,has_data,False,False,0,0,,,,,,,,
ibkc.ie,0.56,2,has_data,False,False,0,100,,,,,SKIP — below minimum thresholds,3.8,2017-11-04,2026-04-18
financiallogic.ie,0.55,2,has_data,False,False,0,491,761,,,,SKIP — below minimum thresholds,3.75,2017-06-25,2024-08-03
okky.ie,0.55,2,has_data,False,False,0,115,,No,,,,,2024-04-19,2026-01-12
sustainablefood.ie,0.55,2,has_data,False,False,0,5000,,Yes,food,,,,2017-07-24,2025-11-18
augusta.ie,0.46,1,has_data,False,False,0,2201,2403,,,,,,2005-05-26,2020-02-04
fuelpride.ie,0.46,1,has_data,False,False,0,0,,,,,SKIP — below minimum thresholds,2.8,,
allcorkdriveways.ie,0.45,1,has_data,False,False,0,4106,618,,,,SKIP — below minimum thresholds,2.75,2016-08-25,2024-12-24
omniplazashd.ie,0.45,1,has_data,,,0,,,No,,,,,,
leoreilly.ie,0.44,1,has_data,False,False,0,4147,,,,,,,2007-11-29,2026-04-19
nrm.ie,0.44,1,not_found,False,False,0,2244,386,No,,,,,2013-05-06,2025-08-13
discobox.ie,0.43,1,not_found,False,False,0,3,626,No,,,,,2024-06-19,2024-12-16
aercomfort.ie,0.42,1,has_data,False,False,0,3,529,,,,SKIP — below minimum thresholds,2.6,2025-02-12,2025-03-23
dublinsoccerleague.ie,0.42,1,has_data,False,False,0,4,529,Yes,dublin,,SKIP — below minimum thresholds,2.6,2023-10-30,2025-03-23
seo-service.ie,0.42,1,has_data,False,False,0,398,1245,Yes,service,,,,2013-10-10,2023-04-07
back2school.ie,0.41,1,has_data,False,False,0,949,,,,,,,2001-11-17,2026-02-07
catersafe.ie,0.41,1,has_data,False,False,0,5000,531,No,,,SKIP — below minimum thresholds,2.55,2012-06-08,2025-03-21
cpeng.ie,0.41,1,has_data,False,False,0,79,526,No,,,,,2017-11-04,2025-03-26
derrykillewrenewables.ie,0.41,1,has_data,False,False,0,766,537,,,,SKIP — below minimum thresholds,2.55,2018-11-14,2025-03-15
foodtoursireland.ie,0.41,1,has_data,False,False,0,21,416,,,,SKIP — below minimum thresholds,2.55,2023-03-31,2025-07-14
kafeu.ie,0.41,1,has_data,False,False,0,104,,No,,,,,2022-05-19,2026-04-14
lockuplive.ie,0.41,1,not_found,False,False,0,1,2132,No,,,,,2020-11-01,2020-11-01
modula.ie,0.41,1,has_data,False,False,0,1664,993,No,,,,,2013-08-19,2023-12-15
partytimerentals.ie,0.41,1,has_data,False,False,0,572,571,,,,SKIP — below minimum thresholds,2.55,2013-05-16,2025-02-09
pathwaystowellness.ie,0.41,1,has_data,False,False,0,276,,,,,SKIP — below minimum thresholds,2.55,2020-08-13,2026-05-16
themulliganroom.ie,0.41,1,has_data,False,False,0,17,,Yes,room,,SKIP — below minimum thresholds,2.55,2024-07-14,2026-03-09
vlrestaurant.ie,0.41,1,has_data,False,False,0,249,523,,,,,,2021-03-04,2025-03-29
wizardtrainexperience.ie,0.41,1,has_data,False,False,0,55,,,,,,,2024-08-14,2026-05-19
100festivals.ie,0.4,1,has_data,False,False,0,5000,,,,,SKIP — below minimum thresholds,2.5,2012-11-28,2026-06-09
22press.ie,0.4,1,has_data,False,False,0,227,722,,,,,,2023-12-08,2024-09-11
academydogtraining.ie,0.4,1,has_data,False,False,0,46,391,,,,,,2013-06-25,2025-08-08
alpha-adventures.ie,0.4,1,has_data,False,False,0,3789,,,,,SKIP — below minimum thresholds,2.5,2017-11-03,2026-06-10
alphalingo.ie,0.4,1,has_data,False,False,0,103,,,,,SKIP — below minimum thresholds,2.5,2007-11-29,2026-05-20
androidtv.ie,0.4,1,has_data,False,False,0,5000,,,,,SKIP — below minimum thresholds,2.5,2015-06-09,2026-02-08
atlanticwaychauffeurservices.ie,0.4,1,has_data,False,False,0,5000,1184,Yes,services,,,,2016-10-27,2023-06-07
aunt.ie,0.4,1,has_data,False,False,0,146,1269,No,,,,,2011-09-14,2023-03-14
badra.ie,0.4,1,has_data,False,False,0,2476,416,No,,,,,2012-06-17,2025-07-14
biosensia.ie,0.4,1,has_data,,,0,,,No,,,,,,
bizassist.ie,0.4,1,has_data,False,False,0,1731,,,,,,,2017-04-19,2026-06-22
burgerandbaolimerick.ie,0.4,1,has_data,False,False,0,23,,,,,SKIP — below minimum thresholds,2.5,2024-06-11,2025-12-09
butcherassociation.ie,0.4,1,has_data,False,False,0,6,728,Yes,association,,,,2021-11-28,2024-09-05
cfrc.ie,0.4,1,has_data,False,False,0,1430,2384,No,,,,,2012-09-17,2020-02-23
chipp.ie,0.4,1,has_data,False,False,0,8,1253,No,,,SKIP — below minimum thresholds,2.5,2019-08-20,2023-03-30
clar.ie,0.4,1,has_data,False,False,0,8,1711,No,,,SKIP — below minimum thresholds,2.5,2017-05-25,2021-12-27
clarecdb.ie,0.4,1,has_data,False,False,0,1273,660,,,,SKIP — below minimum thresholds,2.5,2001-05-19,2024-11-12
coat.ie,0.4,1,has_data,,,0,,,,,,,,,
copperfishlighting.ie,0.4,1,has_data,False,False,0,181,,,,,,,2021-11-30,2026-05-13
craftbeerspiritsexpo.ie,0.4,1,has_data,False,False,0,2365,,No,,,,,2017-07-24,2026-05-12
crossfabrication.ie,0.4,1,has_data,False,False,0,0,,,,,SKIP — below minimum thresholds,2.5,,
cyclovac.ie,0.4,1,has_data,,,0,,,No,,,,,,
dann.ie,0.4,1,not_found,False,False,0,11,1431,No,,,,,2019-07-22,2022-10-03
dek.ie,0.4,1,has_data,False,False,0,0,,No,,,,,,
earl.ie,0.4,1,has_data,False,False,0,36,,,,,SKIP — below minimum thresholds,2.5,2013-04-03,2026-03-06
empireevents.ie,0.4,1,has_data,,,0,,,Yes,events,,,,,
farmteam.ie,0.4,1,not_found,False,False,0,862,573,No,,,,,2021-01-08,2025-02-07
fitnutriplan.ie,0.4,1,has_data,False,False,0,456,,,,,,,2023-12-20,2026-05-15
floorcare.ie,0.4,1,has_data,False,False,0,1964,847,Yes,"floor, care",,,,2015-10-22,2024-05-09
go-webdesignonline.ie,0.4,1,has_data,False,False,0,4491,,Yes,"online, web design",,,,2009-03-05,2026-06-13
growpad.ie,0.4,1,has_data,False,False,0,209,,No,,,,,2020-09-03,2026-04-15
guideme.ie,0.4,1,has_data,False,False,0,147,826,Yes,guide,,SKIP — below minimum thresholds,2.5,2012-06-03,2024-05-30
guinnessxv.ie,0.4,1,has_data,False,False,0,8,1732,No,,,SKIP — below minimum thresholds,2.5,2017-11-04,2021-12-06
gullistudio.ie,0.4,1,has_data,False,False,0,30,,Yes,studio,,,,2024-03-19,2026-05-19
gutterclean.ie,0.4,1,has_data,False,False,0,268,561,,,,,,2009-04-17,2025-02-19
hutch.ie,0.4,1,has_data,False,False,0,31,2168,,,,,,2017-04-23,2020-09-26
icga.ie,0.4,1,has_data,False,False,0,7,1638,No,,,SKIP — below minimum thresholds,2.5,2021-12-08,2022-03-10
iehaulier.ie,0.4,1,has_data,,,0,,,No,,,,,,
inui.ie,0.4,1,has_data,False,False,0,53,2519,,,,SKIP — below minimum thresholds,2.5,2019-02-09,2019-10-11
irelandsilkplaster.ie,0.4,1,has_data,False,False,0,552,,,,,,,2024-09-08,2026-02-08
joyandjonah.ie,0.4,1,has_data,False,False,0,2,537,,,,,,2024-12-21,2025-03-15
keepsakes.ie,0.4,1,has_data,False,False,0,2144,721,No,,,,,2000-10-18,2024-09-12
kell.ie,0.4,1,has_data,False,False,0,46,711,,,,SKIP — below minimum thresholds,2.5,2018-05-01,2024-09-22
langans.ie,0.4,1,has_data,False,False,0,80,386,No,,,,,2024-08-17,2025-08-13
laptopclinic.ie,0.4,1,has_data,False,False,0,1712,548,Yes,clinic,,,,2020-08-15,2025-03-04
luxurycamping.ie,0.4,1,has_data,False,False,0,3895,622,No,luxury camping,,SKIP — below minimum thresholds,2.5,2014-09-14,2024-12-20
magicwand.ie,0.4,1,has_data,False,False,0,440,,No,,,,,2017-06-09,2026-05-21
mapme.ie,0.4,1,not_found,False,False,0,71,1257,No,,,,,2007-11-29,2023-03-26
mydocklands.ie,0.4,1,has_data,False,False,0,46,1638,No,,,,,2008-10-29,2022-03-10
myfirstcar.ie,0.4,1,has_data,False,False,0,104,1720,No,,,,,2007-11-29,2021-12-18
nelly.ie,0.4,1,has_data,False,False,0,4,3215,,,,SKIP — below minimum thresholds,2.5,2016-11-01,2017-11-14
nob.ie,0.4,1,has_data,False,False,0,39,,,,,,,2009-10-24,2026-05-12
nugo.ie,0.4,1,has_data,False,False,0,169,,No,,,,,2023-10-03,2026-02-08
ob.ie,0.4,1,has_data,,,0,,,,,,,,,
ovencleaner.ie,0.4,1,has_data,False,False,0,0,,,,,SKIP — below minimum thresholds,2.5,,
pandainn.ie,0.4,1,has_data,False,False,0,277,,,,,SKIP — below minimum thresholds,2.5,2017-11-04,2026-04-10
parttimejobs.ie,0.4,1,has_data,False,False,0,5000,,,,,,,2007-11-29,2026-06-08
powerwashingdublin.ie,0.4,1,has_data,False,False,0,6,4271,,,,SKIP — below minimum thresholds,2.5,2013-10-19,2014-12-24
powr2.ie,0.4,1,not_found,False,False,0,37,421,,,,,,2024-08-08,2025-07-09
prair.ie,0.4,1,has_data,,,0,,,No,,,,,,
riseuproofingandmaintenance.ie,0.4,1,has_data,False,False,0,92,,Yes,"maintenance, roofing",,SKIP — below minimum thresholds,2.5,2024-05-11,2025-10-11
roscommonwebdesign.ie,0.4,1,has_data,False,False,0,96,390,,,,SKIP — below minimum thresholds,2.5,2021-08-04,2025-08-09
steelengineering.ie,0.4,1,has_data,False,False,0,731,661,,,,,,2011-07-08,2024-11-11
storageplus.ie,0.4,1,has_data,False,False,0,987,552,No,,,,,2009-02-23,2025-02-28
suitcase.ie,0.4,1,not_found,False,False,0,2,3215,No,,,,,2017-11-04,2017-11-14
techmeout.ie,0.4,1,has_data,False,False,0,15,504,Yes,tech,,SKIP — below minimum thresholds,2.5,2024-04-15,2025-04-17
thecoffeeman.ie,0.4,1,has_data,False,False,0,818,1192,,,,SKIP — below minimum thresholds,2.5,2017-03-15,2023-05-30
thinkacoustics.ie,0.4,1,has_data,,,0,,,No,,,,,,
vanitycase.ie,0.4,1,has_data,False,False,0,191,,,,,SKIP — below minimum thresholds,2.5,2004-10-23,2025-09-12
waterkotte.ie,0.4,1,has_data,False,False,0,30,1715,,,,,,2007-11-29,2021-12-23
wexfordlakeviewairfield.ie,0.4,1,has_data,False,False,0,3,611,Yes,wexford,,,,2024-04-22,2024-12-31
plattsagriculture.ie,0.35,0,has_data,False,False,0,776,,,,,,,2020-08-09,2026-06-12
moringaactives.ie,0.27,0,has_data,False,False,0,12,,,,,SKIP — below minimum thresholds,1.35,2021-12-18,2025-09-15
orbita.ie,0.27,0,has_data,False,False,0,87,,No,,,,,2024-07-26,2026-01-23
hairandskinworld.ie,0.25,0,has_data,False,False,0,63,573,Yes,hair skin,,,,2021-12-02,2025-02-07
kimacars.ie,0.25,0,has_data,False,False,0,380,637,,,,,,2016-08-18,2024-12-05
apsireland.ie,0.24,0,has_data,False,False,0,4,2165,Yes,ireland,,,,2019-10-19,2020-09-29
colourherway.ie,0.24,0,has_data,False,False,0,156,,No,,,SKIP — below minimum thresholds,1.2,2024-05-17,2026-05-15
greenkey.ie,0.24,0,has_data,False,False,0,11,4784,Yes,green,,,,2009-05-31,2013-07-29
irpf.ie,0.24,0,has_data,False,False,0,33,,,,,SKIP — below minimum thresholds,1.2,2025-10-16,2026-05-10
self-employed.ie,0.24,0,has_data,False,False,0,2,,,,,,,2026-04-21,2026-05-19
winaudia3.ie,0.24,0,has_data,False,False,0,107,447,,,,,,2024-08-09,2025-06-13
addsystems.ie,0.23,0,has_data,False,False,0,3041,530,,,,SKIP — below minimum thresholds,1.15,2007-11-29,2025-03-22
advantbuilding.ie,0.23,0,has_data,False,False,0,0,,,,,SKIP — below minimum thresholds,1.15,,
ahmedconstructionservices.ie,0.23,0,has_data,False,False,0,0,,,,,SKIP — below minimum thresholds,1.15,,
amgtinsulations.ie,0.23,0,has_data,False,False,0,20,,,,,SKIP — below minimum thresholds,1.15,2024-04-20,2026-05-17
annapurna.ie,0.23,0,has_data,False,False,0,2135,,,,,,,2010-08-21,2026-04-21
aquagas.ie,0.23,0,has_data,False,False,0,39,,,,,,,2024-05-29,2026-06-06
ardaghglebe.ie,0.23,0,has_data,False,False,0,84,,,,,,,2023-08-19,2026-05-15
artisanandfinefood.ie,0.23,0,has_data,,,0,4565,,Yes,"artisan, food",,,,2017-07-24,2026-05-13
asdrivingschool.ie,0.23,0,has_data,,,0,,,,,,,,,
atelalarms.ie,0.23,0,has_data,False,False,0,4122,492,,,,SKIP — below minimum thresholds,1.15,2016-02-06,2025-04-29
barberry.ie,0.23,0,has_data,False,False,0,533,422,,,,SKIP — below minimum thresholds,1.15,2021-09-13,2025-07-08
bgms.ie,0.23,0,has_data,False,False,0,535,665,,,,SKIP — below minimum thresholds,1.15,2013-04-18,2024-11-07
biabox.ie,0.23,0,has_data,False,False,0,390,,,,,SKIP — below minimum thresholds,1.15,2013-06-07,2026-06-08
bizbuy.ie,0.23,0,has_data,False,False,0,0,,,,,SKIP — below minimum thresholds,1.15,,
boltsport.ie,0.23,0,has_data,False,False,0,53,,Yes,sport,,,,2024-04-19,2026-05-17
bouncycastlesparty.ie,0.23,0,has_data,False,False,0,61,,,,,SKIP — below minimum thresholds,1.15,2021-11-26,2026-04-20
boynesideconstruction.ie,0.23,0,has_data,False,False,0,27,,Yes,construction,,SKIP — below minimum thresholds,1.15,2024-09-20,2026-05-08
burgerhouse.ie,0.23,0,has_data,False,False,0,36,,Yes,house,,SKIP — below minimum thresholds,1.15,2023-09-25,2026-05-10
businessanalysis.ie,0.23,0,has_data,False,False,0,335,,Yes,"business, analysis",,SKIP — below minimum thresholds,1.15,2007-11-29,2026-06-10
cafecen.ie,0.23,0,has_data,False,False,0,12,,,,,SKIP — below minimum thresholds,1.15,2024-03-24,2026-06-10
calmccarthy.ie,0.23,0,has_data,False,False,0,127,,,,,SKIP — below minimum thresholds,1.15,2021-05-07,2026-05-11
candles4u.ie,0.23,0,has_data,False,False,0,1865,,,,,,,2020-10-01,2026-06-10
carollewis.ie,0.23,0,has_data,False,False,0,197,,,,,SKIP — below minimum thresholds,1.15,2022-10-01,2026-05-16
changebydegrees.ie,0.23,0,has_data,False,False,0,0,,,,,,,,
changingminds.ie,0.23,0,has_data,False,False,0,125,2544,No,,,SKIP — below minimum thresholds,1.15,2013-04-16,2019-09-16
chemicalservices.ie,0.23,0,has_data,False,False,0,2433,,Yes,services,,SKIP — below minimum thresholds,1.15,2001-03-01,2026-01-19
chiking.ie,0.23,0,has_data,False,False,0,44,,,,,SKIP — below minimum thresholds,1.15,2024-06-23,2026-06-06
classicbarbersdublin.ie,0.23,0,has_data,False,False,0,0,,,,,SKIP — below minimum thresholds,1.15,,
cliffsofmoherparkandride.ie,0.23,0,has_data,False,False,0,52,3215,,,,SKIP — below minimum thresholds,1.15,2015-08-03,2017-11-14
cnw-equipment.ie,0.23,0,has_data,False,False,0,55,,No,,,,,2024-07-24,2026-06-12
completepaving.ie,0.23,0,has_data,False,False,0,3412,2539,,,,SKIP — below minimum thresholds,1.15,2006-07-20,2019-09-21
coomara.ie,0.23,0,has_data,False,False,0,33,,No,,,,,2014-03-06,2026-05-10
dapahneethaimassage.ie,0.23,0,has_data,False,False,0,287,,Yes,massage,,SKIP — below minimum thresholds,1.15,2021-12-01,2026-03-22
darrenjoycegardendesign.ie,0.23,0,has_data,,,0,,,Yes,"garden, design",,,,,
dcit.ie,0.23,0,has_data,False,False,0,223,,No,,,SKIP — below minimum thresholds,1.15,2020-12-01,2026-06-10
dcroofing.ie,0.23,0,has_data,,,0,,,Yes,roofing,,,,,
deirdredonnelly.ie,0.23,0,has_data,False,False,0,1658,390,No,,,,,2016-06-19,2025-08-09
delaneysmace.ie,0.23,0,has_data,False,False,0,31,,,,,SKIP — below minimum thresholds,1.15,2024-04-18,2026-04-14
derrytahenyelectric.ie,0.23,0,has_data,False,False,0,68,,,,,SKIP — below minimum thresholds,1.15,2004-06-12,2026-06-05
digitalripple.ie,0.23,0,has_data,False,False,0,85,1181,Yes,digital,,SKIP — below minimum thresholds,1.15,2016-07-11,2023-06-10
dixoncleaning.ie,0.23,0,has_data,False,False,0,6,,Yes,cleaning,,,,2024-08-28,2026-06-11
dublinroofspecialists.ie,0.23,0,has_data,False,False,0,2568,2853,Yes,"dublin, roofing",,,,2017-05-18,2018-11-11
dulchuncinn.ie,0.23,0,has_data,,,0,,,No,,,,,,
dunnebrothers.ie,0.23,0,has_data,False,False,0,224,,No,,,,,2007-11-29,2026-06-09
edenearlylearning.ie,0.23,0,has_data,False,False,0,42,511,,,,SKIP — below minimum thresholds,1.15,2022-09-08,2025-04-10
elegantroofing.ie,0.23,0,has_data,,,0,,,Yes,roofing,,,,,
elementalyoga.ie,0.23,0,has_data,False,False,0,1200,,Yes,yoga,,SKIP — below minimum thresholds,1.15,2015-07-25,2026-06-05
euroco.ie,0.23,0,has_data,False,False,0,1721,,,,,,,2016-06-02,2026-05-14
eurolang.ie,0.23,0,has_data,False,False,0,463,,No,,,,,2021-03-02,2026-06-06
feelgoodmassage.ie,0.23,0,has_data,False,False,0,701,,,,,SKIP — below minimum thresholds,1.15,2013-05-09,2026-06-07
fitafloor.ie,0.23,0,has_data,False,False,0,5000,,Yes,floor,,,,2017-09-10,2026-02-28
foresightmedia.ie,0.23,0,has_data,False,False,0,1108,,,,,SKIP — below minimum thresholds,1.15,2022-06-05,2025-10-13
frydays.ie,0.23,0,has_data,False,False,0,94,449,,,,SKIP — below minimum thresholds,1.15,2021-03-06,2025-06-11
galwaysolicitor.ie,0.23,0,has_data,False,False,0,1161,535,Yes,"solicitor, galway",,,,2006-04-21,2025-03-17
getsolutions.ie,0.23,0,has_data,False,False,0,5000,782,,,,,,2014-03-30,2024-07-13
greenmatters.ie,0.23,0,has_data,False,False,0,1721,,Yes,green,,,,2007-11-29,2026-06-08
groomsman.ie,0.23,0,has_data,False,False,0,204,,Yes,groomsman (Weddings),,,,2013-03-23,2026-03-11
h4tuning.ie,0.23,0,has_data,False,False,0,85,,,,,SKIP — below minimum thresholds,1.15,2024-03-27,2026-06-09
hacks.ie,0.23,0,has_data,False,False,0,17,,No,,,SKIP — below minimum thresholds,1.15,2023-03-22,2026-05-11
hairformen.ie,0.23,0,has_data,False,False,0,1750,,,,,,,2016-10-29,2025-09-06
hifinity.ie,0.23,0,has_data,False,False,0,349,,No,,,SKIP — below minimum thresholds,1.15,2024-05-30,2026-03-13
homehub.ie,0.23,0,has_data,False,False,0,889,595,Yes,home,,,,2021-04-13,2025-01-16
hotelrecruitment.ie,0.23,0,has_data,False,False,0,70,915,,,,SKIP — below minimum thresholds,1.15,2007-07-03,2024-03-02
housegoals.ie,0.23,0,has_data,False,False,0,260,,,,,,,2022-01-31,2026-06-09
icarpentry.ie,0.23,0,has_data,False,False,0,46,,,,,SKIP — below minimum thresholds,1.15,2025-10-13,2026-06-10
iweb.ie,0.23,0,has_data,False,False,0,1059,2900,,,,SKIP — below minimum thresholds,1.15,2009-08-10,2018-09-25
ixone.ie,0.23,0,has_data,False,False,0,224,801,,,,SKIP — below minimum thresholds,1.15,2017-11-05,2024-06-24
jdplumbing.ie,0.23,0,has_data,False,False,0,70,,,,,,,2024-05-17,2026-06-06
johnmccarthy.ie,0.23,0,has_data,False,False,0,498,498,,,,SKIP — below minimum thresholds,1.15,2002-08-30,2025-04-23
justcoffee.ie,0.23,0,has_data,False,False,0,309,1567,,,,SKIP — below minimum thresholds,1.15,2013-11-15,2022-05-20
kinsellahomeimprovements.ie,0.23,0,has_data,False,False,0,282,,,,,SKIP — below minimum thresholds,1.15,2020-08-07,2026-05-21
kitchenking.ie,0.23,0,has_data,False,False,0,2,622,,,,SKIP — below minimum thresholds,1.15,2024-08-23,2024-12-20
larosapizzeria.ie,0.23,0,has_data,False,False,0,27,471,No,,,SKIP — below minimum thresholds,1.15,2021-12-13,2025-05-20
leanbhnua.ie,0.23,0,has_data,False,False,0,270,,No,,,SKIP — below minimum thresholds,1.15,2021-12-11,2026-06-08
limerickguttering.ie,0.23,0,has_data,False,False,0,110,,Yes,limerick,,SKIP — below minimum thresholds,1.15,2025-05-22,2026-06-06
lirbus.ie,0.23,0,has_data,False,False,0,2096,514,,,,,,2011-01-07,2025-04-07
loch.ie,0.23,0,has_data,False,False,0,33,,,,,SKIP — below minimum thresholds,1.15,2017-11-04,2026-05-15
magento.ie,0.23,0,has_data,False,False,0,454,,,,,SKIP — below minimum thresholds,1.15,2012-05-10,2026-06-09
mammy.ie,0.23,0,has_data,False,False,0,1086,,,,,SKIP — below minimum thresholds,1.15,2008-11-07,2026-04-12
measslainte.ie,0.23,0,has_data,False,False,0,688,,,,,,,2022-12-05,2025-09-29
mhfurniture.ie,0.23,0,has_data,False,False,0,1669,,,,,,,2018-12-05,2026-05-19
minaun.ie,0.23,0,has_data,False,False,0,13,,No,,,SKIP — below minimum thresholds,1.15,2022-01-28,2026-06-06
monicamonahan.ie,0.23,0,has_data,False,False,0,7,,No,,,,,2024-08-14,2025-09-13
montclare.ie,0.23,0,has_data,,,0,,,No,,,,,,
morgansfloralemporium.ie,0.23,0,has_data,False,False,0,0,,,,,,,,
movementpilates.ie,0.23,0,has_data,False,False,0,6,,,,,,,2024-04-03,2025-10-17
myhomecareangels.ie,0.23,0,has_data,,,0,438,,Yes,"angel, care, home",,,,2020-08-09,2026-05-13
nabaiji.ie,0.23,0,has_data,False,False,0,32,,No,,,SKIP — below minimum thresholds,1.15,2021-12-18,2026-06-11
nameplateservices.ie,0.23,0,has_data,False,False,0,949,,Yes,services,,,,2001-02-26,2026-03-06
newcentury.ie,0.23,0,has_data,False,False,0,346,384,,,,SKIP — below minimum thresholds,1.15,2016-06-13,2025-08-15
nolancontainers.ie,0.23,0,has_data,,,0,,,No,,,,,,
nuamoney.ie,0.23,0,has_data,False,False,0,1,389,,,,,,2025-08-10,2025-08-10
olaian.ie,0.23,0,has_data,False,False,0,27,,No,,,SKIP — below minimum thresholds,1.15,2023-10-03,2026-06-09
oldfortrdshd.ie,0.23,0,has_data,False,False,0,465,,No,,,,,2022-06-17,2026-06-06
orao.ie,0.23,0,has_data,False,False,0,31,,,,,,,2021-12-18,2026-06-07
organicdesign.ie,0.23,0,has_data,,,0,,,Yes,design,,,,,
ourdata.ie,0.23,0,has_data,False,False,0,35,,Yes,data,,SKIP — below minimum thresholds,1.15,2024-04-15,2026-05-14
paai.ie,0.23,0,has_data,False,False,0,129,,No,,,,,2022-07-05,2026-05-19
paratum.ie,0.23,0,has_data,False,False,0,37,,,,,SKIP — below minimum thresholds,1.15,2021-12-18,2026-05-19
patioking.ie,0.23,0,has_data,False,False,0,14,,,,,SKIP — below minimum thresholds,1.15,2025-11-17,2026-06-11
perfectweddings.ie,0.23,0,has_data,False,False,0,103,,,,,,,2009-04-02,2026-06-09
photoshoots.ie,0.23,0,has_data,False,False,0,5,553,Yes,photo,,SKIP — below minimum thresholds,1.15,2021-12-21,2025-02-27
pilatesclasses.ie,0.23,0,has_data,False,False,0,344,,,,,SKIP — below minimum thresholds,1.15,2009-06-19,2026-01-22
pilatesregimes.ie,0.23,0,has_data,,,0,,,Yes,pilates,,,,,
plattsanimalbedding.ie,0.23,0,has_data,False,False,0,8,,,,,,,2022-03-23,2026-02-06
playballkids.ie,0.23,0,has_data,False,False,0,482,3090,No,,,,,2016-01-20,2018-03-19
playclimbingframes.ie,0.23,0,has_data,,,0,,,No,,,,,,
precisionpainters.ie,0.23,0,has_data,False,False,0,20,,,,,SKIP — below minimum thresholds,1.15,2025-07-12,2026-04-17
quadbikes.ie,0.23,0,has_data,False,False,0,2802,2482,,,,SKIP — below minimum thresholds,1.15,2007-06-10,2019-11-17
qualityfoods.ie,0.23,0,has_data,False,False,0,1415,,,,,SKIP — below minimum thresholds,1.15,2020-09-29,2025-11-18
ratoathbouncy.ie,0.23,0,has_data,False,False,0,144,,,,,,,2022-01-28,2026-06-06
reportagecreative.ie,0.23,0,has_data,False,False,0,88,,,,,SKIP — below minimum thresholds,1.15,2022-11-27,2026-05-17
rossmorgan.ie,0.23,0,has_data,,,0,,,No,,,,,,
royalpets.ie,0.23,0,has_data,False,False,0,1,1589,,,,SKIP — below minimum thresholds,1.15,2022-04-28,2022-04-28
safetyboatsireland.ie,0.23,0,has_data,False,False,0,0,,,,,SKIP — below minimum thresholds,1.15,,
salutec.ie,0.23,0,has_data,False,False,0,1394,,,,,SKIP — below minimum thresholds,1.15,2021-12-23,2026-06-13
scottplumbingandgas.ie,0.23,0,has_data,,,0,,,Yes,plumbing,,,,,
sleepychicken.ie,0.23,0,has_data,False,False,0,496,,No,,,,,2021-12-24,2026-06-12
socialme.ie,0.23,0,has_data,,,0,1613,,Yes,social,,,,2011-06-07,2026-05-15
sophiegahancounselling.ie,0.23,0,has_data,False,False,0,33,,,,,SKIP — below minimum thresholds,1.15,2024-04-21,2026-05-21
southparkgalleries.ie,0.23,0,has_data,False,False,0,4275,,No,,,,,2005-08-10,2025-09-10
sweetpillow.ie,0.23,0,has_data,False,False,0,17,,,,,,,2022-09-17,2026-06-08
tarasbakedbouquets.ie,0.23,0,has_data,False,False,0,96,392,No,,,SKIP — below minimum thresholds,1.15,2021-08-19,2025-08-07
thedesignconsultancy.ie,0.23,0,has_data,False,False,0,1879,,,,,SKIP — below minimum thresholds,1.15,2001-09-29,2026-05-17
topbun15.ie,0.23,0,has_data,False,False,0,89,,,,,,,2021-11-30,2026-05-11
uma.ie,0.23,0,has_data,False,False,0,217,394,No,,,SKIP — below minimum thresholds,1.15,2021-12-25,2025-08-05
unaltrapastabar.ie,0.23,0,has_data,False,False,0,42,,No,,,SKIP — below minimum thresholds,1.15,2021-12-27,2026-05-20
unapower.ie,0.23,0,has_data,False,False,0,1266,396,No,,,,,2006-02-19,2025-08-03
upgrademyhome.ie,0.23,0,not_found,False,False,0,120,1183,Yes,home,,,,2016-03-10,2023-06-08
urbangorilla.ie,0.23,0,has_data,False,False,0,4874,,No,,,,,2010-12-19,2026-05-14
viscountguesthouse.ie,0.23,0,has_data,False,False,0,449,,,,,SKIP — below minimum thresholds,1.15,2020-10-30,2026-06-08
vizikid.ie,0.23,0,has_data,False,False,0,7,1612,,,,,,2021-09-20,2022-04-05
waitandseephotography.ie,0.23,0,has_data,False,False,0,521,,,,,SKIP — below minimum thresholds,1.15,2021-08-04,2026-05-15
waterfordaccountants.ie,0.23,0,has_data,False,False,0,5000,,Yes,"accountant, waterford",,,,2009-11-20,2026-05-15
waterfordroofingandhomemaintenance.ie,0.23,0,has_data,False,False,0,37,,,,,,,2024-09-29,2026-06-13
wearyourwardrobe.ie,0.23,0,has_data,False,False,0,544,,,,,,,2024-05-03,2026-02-16
wellatwork.ie,0.23,0,has_data,False,False,0,164,,,,,,,2017-11-04,2025-11-09
where2go.ie,0.23,0,has_data,False,False,0,422,,,,,SKIP — below minimum thresholds,1.15,2007-08-06,2026-04-16
wicklowplumber.ie,0.23,0,has_data,,,0,580,,Yes,"wicklow, plumb",,,,2017-05-16,2026-05-10
wildatlanticlodgelahinch.ie,0.23,0,has_data,False,False,0,33,,,,,SKIP — below minimum thresholds,1.15,2024-03-29,2025-09-09
wildemerald.ie,0.23,0,has_data,False,False,0,64,,No,,,SKIP — below minimum thresholds,1.15,2024-04-25,2026-01-18
willandi.ie,0.23,0,has_data,False,False,0,2527,,,,,SKIP — below minimum thresholds,1.15,2021-10-24,2026-05-12
wrslaw.ie,0.23,0,has_data,False,False,0,38,,No,,,SKIP — below minimum thresholds,1.15,2025-02-07,2026-03-06
xn--rna-8na.ie,0.23,0,has_data,False,False,0,143,,,,,SKIP — below minimum thresholds,1.15,2025-08-03,2025-10-13
xpertcarservice.ie,0.23,0,has_data,False,False,0,530,,Yes,service,,SKIP — below minimum thresholds,1.15,2022-01-01,2026-06-13
yennusicklegalcorner.ie,0.23,0,has_data,False,False,0,921,553,,,,SKIP — below minimum thresholds,1.15,2020-09-21,2025-02-27
011pizzaclub.ie,,,not_found,,,0,,,,,,,,,
100yearsalive.ie,,,not_found,,,0,,,,,,,,,
15189.ie,,,not_found,,,0,,,,,,,,,
1996.ie,,,not_found,,,0,,,,,,,,,
1f.ie,,,not_found,,,0,,,,,,,,,
1positivechange.ie,,,not_found,,,0,,,,,,,,,
1tv.ie,,,not_found,,,0,,,,,,,,,
1x.ie,,,not_found,,,0,,,,,,,,,
2025celbridgegaablitz.ie,,,not_found,,,0,0,,,,,,,,
21trainingclub.ie,,,not_found,,,0,0,,,,,,,,
2222.ie,,,not_found,,,0,,,,,,,,,
247clean.ie,,,not_found,,,0,,,,,,,,,
2chairs.ie,,,not_found,,,0,,,,,,,,,
2hands.ie,,,not_found,,,0,0,,,,,,,,
2healinghands4u.ie,,,not_found,,,0,0,,,,,,,,
3333.ie,,,not_found,,,0,,,,,,,,,
35bondwell.ie,,,not_found,,,0,,,,,,,,,
36vegas.ie,,,not_found,,,0,,,,,,,,,
39a.ie,,,not_found,,,0,,,,,,,,,
3dspiderfx.ie,,,not_found,,,0,,,,,,,,,
3pstudio.ie,,,not_found,,,0,,,,,,,,,
444.ie,,,not_found,,,0,,,,,,,,,
4444.ie,,,not_found,,,0,,,,,,,,,
4barbers.ie,,,not_found,,,0,0,,,,,,,,
4rgroup.ie,,,not_found,,,0,0,,,,,,,,
53hills.ie,,,not_found,,,0,,,,,,,,,
5555.ie,,,not_found,,,0,,,,,,,,,
58314.ie,,,not_found,,,0,0,,,,,,,,
5eurodeliver.ie,,,not_found,,,0,,,,,,,,,
5starcleaningsolutions.ie,,,not_found,,,0,0,,Yes,"solutions, cleaning",,,,,
6666.ie,,,not_found,,,0,,,,,,,,,
6aside.ie,,,not_found,,,0,0,,,,,,,,
71fencing.ie,,,not_found,,,0,,,,,,,,,
7777.ie,,,not_found,,,0,,,,,,,,,
789club.ie,,,not_found,,,0,,,,,,,,,
7thsanctuary.ie,,,not_found,,,0,0,,,,,,,,
8888.ie,,,not_found,,,0,,,,,,,,,
8a.ie,,,not_found,,,0,,,,,,,,,
9333.ie,,,not_found,,,0,0,,,,,,,,
98fm-spin1038.ie,,,not_found,,,0,,,,,,,,,
9999.ie,,,not_found,,,0,,,,,,,,,
a1caravansales.ie,,,not_found,,,0,0,,,,,,,,
a2btaxi.ie,,,not_found,,,0,,,,,,,,,
a2zlandscaping.ie,,,not_found,,,0,,,,,,,,,
a98.ie,,,not_found,,,0,,,,,,,,,
a98services.ie,,,not_found,,,0,,,,,,,,,
aacareersolutions.ie,,,not_found,,,0,0,,,,,,,,
aacawarenessireland.ie,,,not_found,,,0,0,,,,,,,,
aacawarness.ie,,,not_found,,,0,0,,,,,,,,
abax.ie,,,not_found,,,0,0,,,,,,,,
abbc.ie,,,not_found,,,0,0,,,,,,,,
abbeyknockmoyroadsafety.ie,,,not_found,,,0,0,,,,,,,,
abbeyleixcelebrates.ie,,,not_found,,,0,,,,,,,,,
abcoffee.ie,,,not_found,,,0,0,,,,,,,,
abditronics.ie,,,not_found,,,0,,,,,,,,,
abellomainecoon.ie,,,not_found,,,0,0,,,,,,,,
abelura.ie,,,not_found,,,0,,,,,,,,,
abhar.ie,,,not_found,,,0,,,,,,,,,
abilityatwork.ie,,,not_found,,,0,,,Yes,work,,,,,
absltd.ie,,,not_found,,,0,0,,,,,,,,
absolutecarriages.ie,,,not_found,,,0,,,,,,,,,
absolutepavingtarmacking.ie,,,not_found,,,0,46,,Yes,"tarmacking, paving",,,,2023-05-12,2025-03-13
absortech.ie,,,not_found,,,0,0,,,,,,,,
abss.ie,,,not_found,,,0,,,,,,,,,
abuckley.ie,,,not_found,,,0,,,,,,,,,
ac-design.ie,,,not_found,,,0,0,,,,,,,,
acadiainternationalinsurance.ie,,,not_found,,,0,,,,,,,,,
acaibowl4less.ie,,,not_found,,,0,,,,,,,,,
acaicontainer.ie,,,not_found,,,0,,,,,,,,,
acaicontainers.ie,,,not_found,,,0,,,,,,,,,
access-therapist.ie,,,not_found,,,0,0,,,,,,,,
accessable.ie,,,not_found,,,0,0,,,,,,,,
accessadhd.ie,,,not_found,,,0,,,Yes,"access, adhd",,,,,
accessible-ireland.ie,,,not_found,,,0,,,Yes,"accessible, ireland",,,,,
accesstherapist.ie,,,not_found,,,0,0,,,,,,,,
accidental.ie,,,not_found,,,0,0,,,,,,,,
accidentalpsychology.ie,,,not_found,,,0,,,Yes,"psychology, dental",,,,,
accompli.ie,,,not_found,,,0,,,,,,,,,
accountsmaster.ie,,,not_found,,,0,6,,Yes,accounts,,,,2021-11-25,2021-12-05
accufy.ie,,,not_found,,,0,0,,,,,,,,
accurist.ie,,,not_found,,,0,0,,,,,,,,
accusense.ie,,,not_found,,,0,,,,,,,,,
acdesign.ie,,,not_found,,,0,0,,,,,,,,
acdetailing.ie,,,not_found,,,0,,,,,,,,,
acdigital.ie,,,not_found,,,0,0,,,,,,,,
aceautocare.ie,,,not_found,,,0,0,,,,,,,,
acruise.ie,,,not_found,,,0,,,No,,,,,,
acsedu.ie,,,not_found,,,0,,,,,,,,,
actionagainstdamp.ie,,,not_found,,,0,19,,Yes,action,,,,2024-09-05,2026-01-18
actionhrservice.ie,,,not_found,,,0,,,,,,,,,
actionhrservices.ie,,,not_found,,,0,,,,,,,,,
actipatch.ie,,,not_found,,,0,0,,,,,,,,
activopet.ie,,,not_found,,,0,0,,,,,,,,
actnowgainlater.ie,,,not_found,,,0,0,,,,,,,,
acu-puncture.ie,,,not_found,,,0,0,,,,,,,,
acupressure.ie,,,not_found,,,0,0,,,,,,,,
acupuncture-council.ie,,,not_found,,,0,0,,,,,,,,
acupuncture-network.ie,,,not_found,,,0,0,,,,,,,,
acupuncture-online.ie,,,not_found,,,0,,,,,,,,,
acupuncture-register.ie,,,not_found,,,0,,,,,,,,,
acupuncturecouncil.ie,,,not_found,,,0,0,,,,,,,,
acupuncturedirectory.ie,,,not_found,,,0,0,,,,,,,,
acupuncturenetwork.ie,,,not_found,,,0,,,,,,,,,
acupunture.ie,,,not_found,,,0,0,,,,,,,,
acuratedspace.ie,,,not_found,,,0,,,No,,,,,,
acustek.ie,,,not_found,,,0,,,,,,,,,
ad-electrical.ie,,,not_found,,,0,0,,,,,,,,
adan.ie,,,not_found,,,0,0,,,,,,,,
adarehousetohome.ie,,,not_found,,,0,0,,,,,,,,
adarewhiskey.ie,,,not_found,,,0,,,,,,,,,
adclear.ie,,,not_found,,,0,0,,,,,,,,
adclearance.ie,,,not_found,,,0,0,,,,,,,,
adcoconstructionmanagement.ie,,,not_found,,,0,0,,,,,,,,
addisonspituitary.ie,,,not_found,,,0,0,,,,,,,,
adelaidewellnessclinic.ie,,,not_found,,,0,0,,,,,,,,
adenix.ie,,,not_found,,,0,0,,,,,,,,
aderval.ie,,,not_found,,,0,,,,,,,,,
adhdaccessonline.ie,,,not_found,,,0,0,,Yes,"access, online, adhd",,,,,
adolescentcounsellinglimerick.ie,,,not_found,,,0,0,,,,,,,,
adpainting.ie,,,not_found,,,0,0,,Yes,painting,,,,,
adphotography.ie,,,not_found,,,0,,,,,,,,,
adriankane.ie,,,not_found,,,0,0,,,,,,,,
adriftpilates.ie,,,not_found,,,0,,,Yes,pilates,,,,,
adscreen.ie,,,not_found,,,0,0,,,,,,,,
adstrategy.ie,,,not_found,,,0,,,No,,,,,,
advancedskinandbody.ie,,,not_found,,,0,22,,Yes,advanced,,,,2017-11-03,2022-02-05
advancedskincareclinic.ie,,,not_found,,,0,874,,Yes,"skincare, advanced, clinic",,,,2016-10-01,2025-03-20
advantagepadel.ie,,,not_found,,,0,0,,,,,,,,
advantagewater.ie,,,not_found,,,0,0,,,,,,,,
advanturecampers.ie,,,not_found,,,0,0,,,,,,,,
adventurekids.ie,,,not_found,,,0,0,,,,,,,,
advertisingagency.ie,,,not_found,,,0,11,,Yes,"advertising, agency",,,,2017-11-03,2018-11-15
advocare.ie,,,not_found,,,0,0,,Yes,care,,,,,
aercode.ie,,,not_found,,,0,0,,,,,,,,
aerobaticsireland.ie,,,not_found,,,0,89,841,,,,,,2019-07-20,2024-05-10
aesinternational.ie,,,not_found,,,0,0,,,,,,,,
aestheticadigital.ie,,,not_found,,,0,0,,,,,,,,
aestheticathlone.ie,,,not_found,,,0,3,,Yes,aesthetic,,,,2024-08-29,2025-01-30
aestheticsdublin.ie,,,not_found,,,0,0,,Yes,"aesthetics, dublin",,,,,
aesthetique.ie,,,not_found,,,0,0,,,,,,,,
affidavits.ie,,,not_found,,,0,,,Yes,affidavit,,,,,
afranga.ie,,,not_found,,,0,0,,,,,,,,
afrigold.ie,,,not_found,,,0,0,,,,,,,,
aftermatt.ie,,,not_found,,,0,,,Yes,after,,,,,
aftermattfoundation.ie,,,not_found,,,0,,,Yes,after,,,,,
afterme.ie,,,not_found,,,0,0,,,,,,,,
afterschoolacademy.ie,,,not_found,,,0,,,Yes,"school, after",,,,,
afwebdesign.ie,,,not_found,,,0,0,,,,,,,,
agatanails.ie,,,not_found,,,0,0,,,,,,,,
agate.ie,,,not_found,,,0,0,,,,,,,,
agedesigns.ie,,,not_found,,,0,0,,Yes,design,,,,,
ageingathome.ie,,,not_found,,,0,0,,,,,,,,
agentsai.ie,,,not_found,,,0,0,,,,,,,,
aginodeire.ie,,,not_found,,,0,0,,No,,,,,,
aginodeireland.ie,,,not_found,,,0,0,,Yes,ireland,,,,,
agoralandscaping.ie,,,not_found,,,0,0,,,,,,,,
agrideal.ie,,,not_found,,,0,0,,,,,,,,
agrideals.ie,,,not_found,,,0,5,1458,,,,,,2021-12-08,2022-09-01
agriglobe.ie,,,not_found,,,0,0,,,,,,,,
agriglobesolutions.ie,,,not_found,,,0,0,,,,,,,,
agrinetaccounts.ie,,,not_found,,,0,0,,,,,,,,
agtag.ie,,,not_found,,,0,0,,,,,,,,
agusagusagus.ie,,,not_found,,,0,,,No,,,,,,
ahcomeon.ie,,,not_found,,,0,0,,,,,,,,
ahconstructionireland.ie,,,not_found,,,0,0,,,,,,,,
ahelpingcommunity.ie,,,not_found,,,0,0,,,,,,,,
ahherepackitin.ie,,,not_found,,,0,,,,,,,,,
ai-guru.ie,,,not_found,,,0,0,,,,,,,,
ai-workflow.ie,,,not_found,,,0,0,,,,,,,,
ai4everyoneexpo.ie,,,not_found,,,0,,,,,,,,,
aiart.ie,,,not_found,,,0,0,,,,,,,,
aibadd.ie,,,not_found,,,0,0,,,,,,,,
aibot.ie,,,not_found,,,0,0,,No,,,,,,
aibots.ie,,,not_found,,,0,0,,No,,,,,,
aicompany.ie,,,not_found,,,0,0,,,,,,,,
aidegar.ie,,,not_found,,,0,,,,,,,,,
aido.ie,,,not_found,,,0,,,,,,,,,
aiforbusinessireland.ie,,,not_found,,,0,0,,,,,,,,
aiforeveryoneexpo.ie,,,not_found,,,0,,,No,,,,,,
aiformybusiness.ie,,,not_found,,,0,0,,,,,,,,
aiguru.ie,,,not_found,,,0,0,,,,,,,,
aiindustries.ie,,,not_found,,,0,0,,No,,,,,,
aiit.ie,,,not_found,,,0,0,,No,,,,,,
aij.ie,,,not_found,,,0,,,,,,,,,
ailegal.ie,,,not_found,,,0,,,Yes,legal,,,,,
aimdevelopmentsconstruction.ie,,,not_found,,,0,,,Yes,construction,,,,,
aims25.ie,,,not_found,,,0,0,,,,,,,,
aiofirst.ie,,,not_found,,,0,0,,,,,,,,
aipharma.ie,,,not_found,,,0,0,,,,,,,,
air-compressors.ie,,,not_found,,,0,0,,,,,,,,
airbag.ie,,,not_found,,,0,,,No,,,,,,
airconditioningireland.ie,,,not_found,,,0,,,,,,,,,
aircontrol365.ie,,,not_found,,,0,0,,,,,,,,
aireform.ie,,,not_found,,,0,,,,,,,,,
airforceireland.ie,,,not_found,,,0,0,,Yes,ireland,,,,,
airlinebusiness.ie,,,not_found,,,0,,,Yes,business,,,,,
airlockmembranes.ie,,,not_found,,,0,,,No,,,,,,
airportbustransfer.ie,,,not_found,,,0,0,,,,,,,,
airportminibus.ie,,,not_found,,,0,0,,,,,,,,
airtightnesstape.ie,,,not_found,,,0,0,,,,,,,,
aisolution.ie,,,not_found,,,0,0,,,,,,,,
aisystems.ie,,,not_found,,,0,0,,,,,,,,
aitechnology.ie,,,not_found,,,0,0,,,,,,,,
aitrainingcenter.ie,,,not_found,,,0,0,,Yes,training,,,,,
aiy.ie,,,not_found,,,0,,,,,,,,,
aizey.ie,,,not_found,,,0,0,,,,,,,,
ajtreeservices.ie,,,not_found,,,0,,,,,,,,,
akbergroup.ie,,,not_found,,,0,0,,,,,,,,
akimageconsultant.ie,,,not_found,,,0,0,,Yes,consultant,,,,,
akirahairstudio.ie,,,not_found,,,0,0,,,,,,,,
alainnbars.ie,,,not_found,,,0,,,,,,,,,
alainnbuilds.ie,,,not_found,,,0,0,,,,,,,,
alanbrowndesign.ie,,,not_found,,,0,0,,,,,,,,
alancollins.ie,,,not_found,,,0,0,,,,,,,,
alanslandscapeandmaintenece.ie,,,not_found,,,0,0,,,,,,,,
alarmdoctor.ie,,,not_found,,,0,229,,Yes,"doctor, alarm",,,,2001-02-02,2025-08-13
alcaraz.ie,,,not_found,,,0,,,No,,,,,,
aldoscrumlin.ie,,,not_found,,,0,0,,,,,,,,
aldyne.ie,,,not_found,,,0,0,,,,,,,,
aldynetechnologies.ie,,,not_found,,,0,0,,,,,,,,
alemele.ie,,,not_found,,,0,,,,,,,,,
alexandramotors.ie,,,not_found,,,0,0,,,,,,,,
alexandrite.ie,,,not_found,,,0,0,,,,,,,,
alexg.ie,,,not_found,,,0,0,,,,,,,,
alfanero.ie,,,not_found,,,0,,,,,,,,,
algoapiai.ie,,,not_found,,,0,0,,No,,,,,,
alhaus.ie,,,not_found,,,0,0,,No,,,,,,
alife.ie,,,not_found,,,0,0,,,,,,,,
aligndefine.ie,,,not_found,,,0,0,,,,,,,,
alignedevents.ie,,,not_found,,,0,0,,Yes,events,,,,,
alignerconsultant.ie,,,not_found,,,0,0,,,,,,,,
alignerconsultants.ie,,,not_found,,,0,0,,,,,,,,
alignpilatesclub.ie,,,not_found,,,0,0,,Yes,pilates,,,,,
alimaher.ie,,,not_found,,,0,,,No,,,,,,
alindustrial.ie,,,not_found,,,0,0,,,,,,,,
alineservices.ie,,,not_found,,,0,0,,Yes,services,,,,,
alinka.ie,,,not_found,,,0,0,,,,,,,,
alisevmanicure.ie,,,not_found,,,0,0,,,,,,,,
alittlekick.ie,,,not_found,,,0,0,,No,,,,,,
aljirehz.ie,,,not_found,,,0,0,,,,,,,,
all80sjukebox.ie,,,not_found,,,0,,,,,,,,,
allaboutcontent.ie,,,not_found,,,0,0,,Yes,content,,,,,
allabouthouses.ie,,,not_found,,,0,0,,,,,,,,
allaboutparenting.ie,,,not_found,,,0,161,,Yes,parenting,,,,2021-12-03,2025-03-28
allaboutthebump.ie,,,not_found,,,0,0,,No,,,,,,
allbrightdublin.ie,,,not_found,,,0,0,,,,,,,,
allcareroofing.ie,,,not_found,,,0,0,,Yes,"roofing, care",,,,,
allenbarber.ie,,,not_found,,,0,0,,Yes,barber,,,,,
allgarageparts.ie,,,not_found,,,0,0,,,,,,,,
allhealthnavigator.ie,,,not_found,,,0,2,,Yes,health,,,,2024-09-12,2024-09-16
allinforahappyending.ie,,,not_found,,,0,,,,,,,,,
allinonerenovations.ie,,,not_found,,,0,0,,,,,,,,
allirelandhotel.ie,,,not_found,,,0,0,,Yes,"ireland, hotel",,,,,
allmeaugmentation.ie,,,not_found,,,0,,,No,,,,,,
allnewfordkuga.ie,,,not_found,,,0,0,,,,,,,,
allnewkuga.ie,,,not_found,,,0,0,,,,,,,,
allolimo.ie,,,not_found,,,0,,,,,,,,,
allplasticengineering.ie,,,not_found,,,0,0,,,,,,,,
allseed.ie,,,not_found,,,0,0,,No,,,,,,
allsustainability.ie,,,not_found,,,0,,,No,,,,,,
allthingsamazon.ie,,,not_found,,,0,0,,No,,,,,,
allthingsmarketplace.ie,,,not_found,,,0,0,,,,,,,,
alltimeglow.ie,,,not_found,,,0,0,,,,,,,,
allweatherinsulationdublin.ie,,,not_found,,,0,0,,Yes,"insulation, dublin",,,,,
allweatherwiseroofingandguttering.ie,,,not_found,,,0,0,,,,,,,,
allytheia.ie,,,not_found,,,0,0,,,,,,,,
almatservices.ie,,,not_found,,,0,,,Yes,services,,,,,
almcuso.ie,,,not_found,,,0,0,,,,,,,,
aloeclear.ie,,,not_found,,,0,,,No,,,,,,
alpinegolfholidays.ie,,,not_found,,,0,0,,,,,,,,
altmedia.ie,,,not_found,,,0,0,,,,,,,,
alutechengineering.ie,,,not_found,,,0,,,,,,,,,
alutechprecisionengineering.ie,,,not_found,,,0,,,,,,,,,
aluworld.ie,,,not_found,,,0,0,,,,,,,,
amazingglazing.ie,,,not_found,,,0,0,,,,,,,,
amazoncases.ie,,,not_found,,,0,,,,,,,,,
amazoniasecrets.ie,,,not_found,,,0,0,,,,,,,,
amazons.ie,,,not_found,,,0,,,,,,,,,
ambercare.ie,,,not_found,,,0,,,,,,,,,
ambergateservices.ie,,,not_found,,,0,0,,,,,,,,
ambermoonholistic.ie,,,not_found,,,0,0,,,,,,,,
amcbs.ie,,,not_found,,,0,0,,,,,,,,
amchomeservices.ie,,,not_found,,,0,0,,,,,,,,
americanhighschool.ie,,,not_found,,,0,0,,,,,,,,
americanirishwedding.ie,,,not_found,,,0,0,,Yes,"american, irish",,,,,
amethysts.ie,,,not_found,,,0,0,,,,,,,,
amharctech.ie,,,not_found,,,0,0,,,,,,,,
amicoeco.ie,,,not_found,,,0,0,,No,,,,,,
amoeba.ie,,,not_found,,,0,0,,,,,,,,
amorehomecare.ie,,,not_found,,,0,0,,Yes,"care, home",,,,,
amorel.ie,,,not_found,,,0,,,No,,,,,,
amorous.ie,,,not_found,,,0,0,,,,,,,,
amourey.ie,,,not_found,,,0,0,,,,,,,,
amplexelectrical.ie,,,not_found,,,0,,,Yes,electrical,,,,,
amps.ie,,,not_found,,,0,0,,,,,,,,
amrire.ie,,,not_found,,,0,0,,No,,,,,,
amz.ie,,,not_found,,,0,,,,,,,,,
anafternoonwith.ie,,,not_found,,,0,,,Yes,afternoon,,,,,
anamvr.ie,,,not_found,,,0,0,,No,,,,,,
anatomyphysio.ie,,,not_found,,,0,0,,,,,,,,
anceart.ie,,,not_found,,,0,0,,,,,,,,
ancenergy.ie,,,not_found,,,0,,,No,,,,,,
andandand.ie,,,not_found,,,0,,,,,,,,,
andrewchristian.ie,,,not_found,,,0,,,,,,,,,
andrewfitzsimonshair.ie,,,not_found,,,0,,,,,,,,,
andrewmalone.ie,,,not_found,,,0,0,,,,,,,,
andrii.ie,,,not_found,,,0,,,,,,,,,
anfiain.ie,,,not_found,,,0,0,,,,,,,,
anfieldbootroom.ie,,,not_found,,,0,0,,,,,,,,
anfresh.ie,,,not_found,,,0,0,,,,,,,,
angelcruisers.ie,,,not_found,,,0,0,,,,,,,,
angelictherapy.ie,,,not_found,,,0,,,,,,,,,
angellocks.ie,,,not_found,,,0,0,,,,,,,,
angsana.ie,,,not_found,,,0,0,,,,,,,,
animis.ie,,,not_found,,,0,0,,,,,,,,
aniyl8.ie,,,not_found,,,0,0,,,,,,,,
annaghcounselling.ie,,,not_found,,,0,0,,,,,,,,
annaindata.ie,,,not_found,,,0,0,,,,,,,,
anneprinter.ie,,,not_found,,,0,,,,,,,,,
annickdoza.ie,,,not_found,,,0,0,,,,,,,,
anniversaryproductions.ie,,,not_found,,,0,0,,Yes,production,,,,,
anoiscoaching.ie,,,not_found,,,0,0,,,,,,,,
anoisuisce.ie,,,not_found,,,0,,,No,,,,,,
anotherglynnwedding.ie,,,not_found,,,0,0,,,,,,,,
anothername.ie,,,not_found,,,0,,,,,,,,,
anruta.ie,,,not_found,,,0,0,,,,,,,,
anserprocurement.ie,,,not_found,,,0,0,,No,,,,,,
antarctica.ie,,,not_found,,,0,,,Yes,arctic,,,,,
anthroirish.ie,,,not_found,,,0,0,,,,,,,,
antidietireland.ie,,,not_found,,,0,0,,,,,,,,
antitheftbollards.ie,,,not_found,,,0,0,,,,,,,,
antobarpub.ie,,,not_found,,,0,0,,No,,,,,,
anu-financial.ie,,,not_found,,,0,0,,Yes,financial,,,,,
anubank.ie,,,not_found,,,0,,,Yes,bank,,,,,
anxietyonline.ie,,,not_found,,,0,0,,Yes,"anxiety, online",,,,,
anyallewellynhomes.ie,,,not_found,,,0,0,,,,,,,,
aoifeodphysio.ie,,,not_found,,,0,0,,Yes,physio,,,,,
aoifepsychology.ie,,,not_found,,,0,,,Yes,psychology,,,,,
aoifesheehy.ie,,,not_found,,,0,0,,,,,,,,
aoshearman.ie,,,not_found,,,0,,,No,,,,,,
apartmentpumprepair.ie,,,not_found,,,0,2,,Yes,"apartment, repair",,,,2021-12-08,2022-03-11
apexdevelopement.ie,,,not_found,,,0,0,,No,,,,,,
aplus.ie,,,not_found,,,0,,,No,,,,,,
aplustutors.ie,,,not_found,,,0,,,No,,,,,,
apoh.ie,,,not_found,,,0,,,No,,,,,,
apolloproperty.ie,,,not_found,,,0,0,,Yes,property,,,,,
appdevelop.ie,,,not_found,,,0,0,,No,,,,,,
appexpress.ie,,,not_found,,,0,0,,,,,,,,
applegeern.ie,,,not_found,,,0,0,,No,,,,,,
appointux.ie,,,not_found,,,0,0,,,,,,,,
appropertygroup.ie,,,not_found,,,0,0,,Yes,"property, group",,,,,
appropriateadults.ie,,,not_found,,,0,0,,,,,,,,
appsurescanstudio.ie,,,not_found,,,0,0,,Yes,studio,,,,,
appt.ie,,,not_found,,,0,0,,No,,,,,,
aquagarden.ie,,,not_found,,,0,0,,Yes,garden,,,,,
aquamarine.ie,,,not_found,,,0,0,,,,,,,,
aquamarinestone.ie,,,not_found,,,0,0,,,,,,,,
arabicinstitute.ie,,,not_found,,,0,,,No,,,,,,
architectdesigned.ie,,,not_found,,,0,0,,,,,,,,
architecturecentre.ie,,,not_found,,,0,0,,Yes,architecture,,,,,
arclightadvisory.ie,,,not_found,,,0,0,,,,,,,,
arcsoft.ie,,,not_found,,,0,,,,,,,,,
arcwoodlandservices.ie,,,not_found,,,0,,,Yes,"services, wood",,,,,
ardabawnplumbing.ie,,,not_found,,,0,0,,,,,,,,
ardaghmmccabesolicitors.ie,,,not_found,,,0,,,,,,,,,
arde.ie,,,not_found,,,0,0,,,,,,,,
ardmaths.ie,,,not_found,,,0,,,No,,,,,,
arduhealth.ie,,,not_found,,,0,0,,,,,,,,
arduhealthcare.ie,,,not_found,,,0,0,,,,,,,,
arecaireland.ie,,,not_found,,,0,0,,Yes,ireland,,,,,
areishwellness.ie,,,not_found,,,0,0,,,,,,,,
argonautleasing.ie,,,not_found,,,0,0,,,,,,,,
arkhq.ie,,,not_found,,,0,0,,,,,,,,
arkspirerentals.ie,,,not_found,,,0,,,Yes,rental,,,,,
arkus.ie,,,not_found,,,0,,,,,,,,,
arkusfs.ie,,,not_found,,,0,,,,,,,,,
armore.ie,,,not_found,,,0,,,,,,,,,
armstronginsulation.ie,,,not_found,,,0,0,,Yes,"insulation, arms",,,,,
arnicafilms.ie,,,not_found,,,0,,,,,,,,,
aro-logistics.ie,,,not_found,,,0,,,No,,,,,,
aroniahealthscience.ie,,,not_found,,,0,,,Yes,health,,,,,
aroundwexford.ie,,,not_found,,,0,0,,Yes,"wexford, around",,,,,
arpenaz.ie,,,not_found,,,0,0,,No,,,,,,
arranmoreferryservice.ie,,,not_found,,,0,,,Yes,service,,,,,
arriveacademy.ie,,,not_found,,,0,0,,,,,,,,
artdealer.ie,,,not_found,,,0,0,,No,,,,,,
artefakthouse.ie,,,not_found,,,0,0,,Yes,house,,,,,
artegregor.ie,,,not_found,,,0,0,,,,,,,,
artemis.ie,,,not_found,,,0,0,,No,,,,,,
arteof.ie,,,not_found,,,0,0,,,,,,,,
arthistorytour.ie,,,not_found,,,0,0,,,,,,,,
arthistorytours.ie,,,not_found,,,0,0,,,,,,,,
arthousestudios.ie,,,not_found,,,0,0,,,,,,,,
arthubcork.ie,,,not_found,,,0,,,Yes,cork,,,,,
artificialintelligencecollege.ie,,,not_found,,,0,0,,Yes,artificial,,,,,
artsy.ie,,,not_found,,,0,,,Yes,arts,,,,,
arturo.ie,,,not_found,,,0,0,,,,,,,,
arulura.ie,,,not_found,,,0,,,No,,,,,,
asafecall.ie,,,not_found,,,0,2,716,,,,,,2024-09-11,2024-09-12
ascinnovation.ie,,,not_found,,,0,0,,,,,,,,
ascotdrycleaners.ie,,,not_found,,,0,0,,,,,,,,
asdshubha.ie,,,not_found,,,0,,,,,,,,,
ashastudio.ie,,,not_found,,,0,,,,,,,,,
ashbournepowerwashing.ie,,,not_found,,,0,0,,No,,,,,,
ashbourneunited.ie,,,not_found,,,0,0,,,,,,,,
ashercouncilling.ie,,,not_found,,,0,0,,,,,,,,
ashfordbay.ie,,,not_found,,,0,0,,,,,,,,
asiskin.ie,,,not_found,,,0,,,No,,,,,,
ask-thekids.ie,,,not_found,,,0,,,,,,,,,
askadam.ie,,,not_found,,,0,,,,,,,,,
askaifinder.ie,,,not_found,,,0,,,No,,,,,,
askeatoncontractingltd.ie,,,not_found,,,0,0,,Yes,contract,,,,,
askeatontown.ie,,,not_found,,,0,,,No,,,,,,
askeire.ie,,,not_found,,,0,0,,,,,,,,
askthekids.ie,,,not_found,,,0,,,,,,,,,
asktrainingservices.ie,,,not_found,,,0,0,,,,,,,,
aspireholidays.ie,,,not_found,,,0,,,Yes,aspire,,,,,
aspiretravel.ie,,,not_found,,,0,,,Yes,"aspire, travel",,,,,
assaya.ie,,,not_found,,,0,0,,,,,,,,
assemblage.ie,,,not_found,,,0,,,No,,,,,,
assembledulbin.ie,,,not_found,,,0,,,,,,,,,
astechaircondiitioning.ie,,,not_found,,,0,0,,,,,,,,
asteer.ie,,,not_found,,,0,,,No,,,,,,
astral.ie,,,not_found,,,0,,,No,,,,,,
astrostats.ie,,,not_found,,,0,,,No,,,,,,
atavola.ie,,,not_found,,,0,0,,,,,,,,
atelierbox.ie,,,not_found,,,0,0,,,,,,,,
athena-schools.ie,,,not_found,,,0,0,,,school,,,,,
athenryspirits.ie,,,not_found,,,0,0,,,,,,,,
athmos.ie,,,not_found,,,0,0,,,,,,,,
athru-nua.ie,,,not_found,,,0,0,,,,,,,,
atimetosell.ie,,,not_found,,,0,,,,,,,,,
atkis.ie,,,not_found,,,0,0,,,,,,,,
atlanticamusements.ie,,,not_found,,,0,0,,,,,,,,
atlanticonline.ie,,,not_found,,,0,5000,,Yes,online,,,,2010-05-20,2019-08-18
atlanticqs.ie,,,not_found,,,0,,,No,,,,,,
atlanticsounds.ie,,,not_found,,,0,,,No,,,,,,
atlanticsummit.ie,,,not_found,,,0,0,,,,,,,,
atlantisroundtowers.ie,,,not_found,,,0,0,,,,,,,,
atone.ie,,,not_found,,,0,0,,Yes,atone,,,,,
attainmentconsultingielimited.ie,,,not_found,,,0,,,,,,,,,
atticinsulationwicklow.ie,,,not_found,,,0,0,,,,,,,,
atwomenspace.ie,,,not_found,,,0,0,,,,,,,,
audiobalance.ie,,,not_found,,,0,0,,,,,,,,
auraandgold.ie,,,not_found,,,0,,,No,,,,,,
auramarks.ie,,,not_found,,,0,0,,,,,,,,
auroradolce.ie,,,not_found,,,0,0,,,,,,,,
australianseasonalworkersnetwork.ie,,,not_found,,,0,,,Yes,work,,,,,
authenticperspectives.ie,,,not_found,,,0,,,Yes,authentic,,,,,
authenticwellbeing.ie,,,not_found,,,0,,,Yes,"wellbeing, authentic",,,,,
autismexplained.ie,,,not_found,,,0,0,,Yes,autism,,,,,
autisticadultconsultancy.ie,,,not_found,,,0,,,Yes,"autistic, adult",,,,,
auto-shine.ie,,,not_found,,,0,0,,,,,,,,
autoagent.ie,,,not_found,,,0,5,,Yes,"agent, auto",,,,2025-07-15,2025-07-19
autoelectricworld.ie,,,not_found,,,0,0,,,,,,,,
autofamilycarwclarem.ie,,,not_found,,,0,0,,,,,,,,
autohaus.ie,,,not_found,,,0,0,,,,,,,,
autoinsure.ie,,,not_found,,,0,,,Yes,auto,,,,,
autolift.ie,,,not_found,,,0,0,,,,,,,,
automotive-b2b.ie,,,not_found,,,0,0,,Yes,automotive,,,,,
automotiveb2b.ie,,,not_found,,,0,0,,Yes,automotive,,,,,
autoservicenct.ie,,,not_found,,,0,,,,,,,,,
autosettle.ie,,,not_found,,,0,0,,Yes,auto,,,,,
autostrada.ie,,,not_found,,,0,,,Yes,auto,,,,,
autotrace.ie,,,not_found,,,0,0,,Yes,auto,,,,,
autovault.ie,,,not_found,,,0,,,,,,,,,
avaloncoparenting.ie,,,not_found,,,0,0,,,,,,,,
avalonengcon.ie,,,not_found,,,0,,,No,,,,,,
avantmotors.ie,,,not_found,,,0,,,Yes,avant,,,,,
avasnaturalcandles.ie,,,not_found,,,0,0,,,,,,,,
aviacheck.ie,,,not_found,,,0,0,,No,,,,,,
avigus.ie,,,not_found,,,0,0,,No,,,,,,
aviotix.ie,,,not_found,,,0,0,,,,,,,,
avondalefoods.ie,,,not_found,,,0,0,,Yes,food,,,,,
avondalesweets.ie,,,not_found,,,0,,,No,,,,,,
avp.ie,,,not_found,,,0,,,,,,,,,
awah.ie,,,not_found,,,0,0,,,,,,,,
awakenotwoke.ie,,,not_found,,,0,0,,,,,,,,
awarenexus.ie,,,not_found,,,0,0,,Yes,aware,,,,,
awesomegreen.ie,,,not_found,,,0,,,,,,,,,
awjsafetysolutions.ie,,,not_found,,,0,,,,,,,,,
awny.ie,,,not_found,,,0,,,No,,,,,,
awnydesigns.ie,,,not_found,,,0,,,Yes,design,,,,,
axemenforestrysupplies.ie,,,not_found,,,0,,,No,,,,,,
axisadvertising.ie,,,not_found,,,0,0,,Yes,"advertising, axis",,,,,
ayra.ie,,,not_found,,,0,0,,,,,,,,
azonjobs.ie,,,not_found,,,0,0,,,,,,,,
azonrecruitment.ie,,,not_found,,,0,0,,,,,,,,
azonrecruitmentgroup.ie,,,not_found,,,0,0,,,,,,,,
azoo.ie,,,not_found,,,0,,,No,,,,,,
b2badvertising.ie,,,not_found,,,0,,,,,,,,,
b2c.ie,,,not_found,,,0,,,,,,,,,
b52.ie,,,not_found,,,0,,,,,,,,,
b52club.ie,,,not_found,,,0,,,No,,,,,,
babarituals.ie,,,not_found,,,0,,,No,,,,,,
babybuggybootcamp.ie,,,not_found,,,0,0,,No,,,,,,
babydress.ie,,,not_found,,,0,,,,,,,,,
babydresses.ie,,,not_found,,,0,,,,,,,,,
babygo.ie,,,not_found,,,0,0,,No,,,,,,
babygrows.ie,,,not_found,,,0,,,,,,,,,
babylonstorage.ie,,,not_found,,,0,,,,,,,,,
babysleep.ie,,,not_found,,,0,0,,No,,,,,,
babystarterpacks.ie,,,not_found,,,0,0,,,,,,,,
bace.ie,,,not_found,,,0,0,,,,,,,,
bachelor-print.ie,,,not_found,,,0,,,Yes,print,,,,,
bachelorfestival.ie,,,not_found,,,0,0,,No,,,,,,
bachelorprint.ie,,,not_found,,,0,,,Yes,print,,,,,
bachmaterials.ie,,,not_found,,,0,,,No,,,,,,
backgroundremover.ie,,,not_found,,,0,,,No,,,,,,
backoffice.ie,,,not_found,,,0,0,,,,,,,,
backyardgifts.ie,,,not_found,,,0,0,,No,,,,,,
badaboom.ie,,,not_found,,,0,0,,,,,,,,
bagelbardrogheda.ie,,,not_found,,,0,,,No,,,,,,
baggotoniadublin.ie,,,not_found,,,0,,,Yes,dublin,,,,,
baggotoniaireland.ie,,,not_found,,,0,,,Yes,ireland,,,,,
baileysglide.ie,,,not_found,,,0,0,,,,,,,,
bait2plate.ie,,,not_found,,,0,,,No,,,,,,
baitbros.ie,,,not_found,,,0,0,,No,,,,,,
bakemehappy.ie,,,not_found,,,0,,,No,,,,,,
bakerpsychology.ie,,,not_found,,,0,0,,,,,,,,
balgriffin.ie,,,not_found,,,0,,,No,,,,,,
ballincleamill.ie,,,not_found,,,0,0,,No,,,,,,
ballinhassig.ie,,,not_found,,,0,0,,,,,,,,
balloonart.ie,,,not_found,,,0,0,,,,,,,,
ballrz.ie,,,not_found,,,0,,,No,,,,,,
ballycottin.ie,,,not_found,,,0,0,,,,,,,,
ballycottonharbour.ie,,,not_found,,,0,0,,,,,,,,
ballyfinbiltong.ie,,,not_found,,,0,0,,,,,,,,
ballyhourabiltong.ie,,,not_found,,,0,,,No,,,,,,
ballymore-repairs.ie,,,not_found,,,0,0,,,,,,,,
ballymoreoutdoorplay.ie,,,not_found,,,0,,,,,,,,,
ballymunrecovery.ie,,,not_found,,,0,0,,,,,,,,
ballyowenceltic.ie,,,not_found,,,0,,,,,,,,,
ballyteagueboarding.ie,,,not_found,,,0,,,No,,,,,,
baloobas.ie,,,not_found,,,0,0,,,,,,,,
balrathwindmill.ie,,,not_found,,,0,,,No,,,,,,
bambuhurleys.ie,,,not_found,,,0,,,No,,,,,,
banbua.ie,,,not_found,,,0,0,,,,,,,,
banding.ie,,,not_found,,,0,0,,,,,,,,
bandonbrewery.ie,,,not_found,,,0,0,,,,,,,,
bandontown.ie,,,not_found,,,0,0,,,,,,,,
banging.ie,,,not_found,,,0,0,,,,,,,,
bani-gala.ie,,,not_found,,,0,0,,,,,,,,
banigala.ie,,,not_found,,,0,0,,,,,,,,
banis.ie,,,not_found,,,0,,,No,,,,,,
bankoncit.ie,,,not_found,,,0,0,,,,,,,,
bannua.ie,,,not_found,,,0,0,,,,,,,,
banua.ie,,,not_found,,,0,0,,,,,,,,
banyijapanesedining.ie,,,not_found,,,0,0,,,,,,,,
barbercourses.ie,,,not_found,,,0,,,Yes,barber,,,,,
barberschool.ie,,,not_found,,,0,2,,Yes,"barber, school",,,,2017-11-03,2017-11-14
barelylab.ie,,,not_found,,,0,,,No,,,,,,
bargainshop.ie,,,not_found,,,0,0,,No,,,,,,
barkmulchcork.ie,,,not_found,,,0,0,,,,,,,,
barnsdale.ie,,,not_found,,,0,,,,,,,,,
baron72.ie,,,not_found,,,0,,,,,,,,,
barq-go.ie,,,not_found,,,0,,,No,,,,,,
barranchaladh.ie,,,not_found,,,0,0,,,,,,,,
barraur.ie,,,not_found,,,0,0,,,,,,,,
barrymurphygardening.ie,,,not_found,,,0,0,,Yes,gardening,,,,,
barstowncommercialpark.ie,,,not_found,,,0,,,No,,,,,,
basce.ie,,,not_found,,,0,,,No,,,,,,
baseagency.ie,,,not_found,,,0,,,Yes,agency,,,,,
basementpumps.ie,,,not_found,,,0,0,,,,,,,,
bathroom3d.ie,,,not_found,,,0,1,,Yes,bathroom,,,,2025-04-05,2025-04-05
bathroomrenovationireland.ie,,,not_found,,,0,0,,Yes,"renovation, ireland, bathroom",,,,,
bathroomrenovationslimerick.ie,,,not_found,,,0,0,,Yes,"renovation, limerick, bathroom",,,,,
bathroomrenovatorsandtilers.ie,,,not_found,,,0,0,,Yes,"tile, bathroom",,,,,
bathrooms365.ie,,,not_found,,,0,0,,Yes,bathroom,,,,,
bathroomsrenovationdublin.ie,,,not_found,,,0,0,,Yes,"renovation, dublin, bathroom",,,,,
baths.ie,,,not_found,,,0,,,,,,,,,
bathsafe.ie,,,not_found,,,0,0,,,,,,,,
battiganplc.ie,,,not_found,,,0,,,No,,,,,,
baukraft.ie,,,not_found,,,0,0,,,,,,,,
bausch.ie,,,not_found,,,0,0,,,,,,,,
bautask.ie,,,not_found,,,0,0,,,,,,,,
baybay.ie,,,not_found,,,0,0,,,,,,,,
bazz.ie,,,not_found,,,0,0,,,,,,,,
bbhpperformance.ie,,,not_found,,,0,,,Yes,performance,,,,,
bbq-spot.ie,,,not_found,,,0,0,,No,,,,,,
bbtransport.ie,,,not_found,,,0,0,,Yes,sport,,,,,
bdcservices.ie,,,not_found,,,0,0,,Yes,services,,,,,
beachcombingireland.ie,,,not_found,,,0,0,,,,,,,,
beaconmedicalclinic.ie,,,not_found,,,0,,,Yes,"medical, clinic",,,,,
beactivated.ie,,,not_found,,,0,0,,No,,,,,,
bearabuds.ie,,,not_found,,,0,0,,,,,,,,
bearwest.ie,,,not_found,,,0,,,No,,,,,,
beastcomedy.ie,,,not_found,,,0,,,No,,,,,,
beat2beathealth.ie,,,not_found,,,0,,,Yes,health,,,,,
beatrixpotter.ie,,,not_found,,,0,0,,No,,,,,,
beatthebanker.ie,,,not_found,,,0,,,Yes,bank,,,,,
beautyandwellnessireland.ie,,,not_found,,,0,0,,Yes,"wellness, ireland, beauty",,,,,
beautybits.ie,,,not_found,,,0,,,,,,,,,
beautycentral.ie,,,not_found,,,0,0,,Yes,beauty,,,,,
beautyevents.ie,,,not_found,,,0,0,,Yes,"events, beauty",,,,,
beautyguru.ie,,,not_found,,,0,0,,Yes,beauty,,,,,
beautytempledublin.ie,,,not_found,,,0,0,,,,,,,,
beaux-arts.ie,,,not_found,,,0,0,,,,,,,,
bechbailey.ie,,,not_found,,,0,0,,No,,,,,,
becon.ie,,,not_found,,,0,0,,,,,,,,
beechwoodgardening.ie,,,not_found,,,0,,,Yes,"gardening, wood",,,,,
beegreenhabitats.ie,,,not_found,,,0,,,Yes,green,,,,,
beerpeer.ie,,,not_found,,,0,0,,,,,,,,
beeswax.ie,,,not_found,,,0,0,,No,,,,,,
beetlebeetle.ie,,,not_found,,,0,0,,,,,,,,
beexi.ie,,,not_found,,,0,,,No,,,,,,
beforedark.ie,,,not_found,,,0,0,,No,,,,,,
begrand.ie,,,not_found,,,0,0,,No,,,,,,
begreenaware.ie,,,not_found,,,0,0,,,,,,,,
behaviouralscience.ie,,,not_found,,,0,2,,No,Behavioural science,,,,2024-09-11,2024-09-12
behost.ie,,,not_found,,,0,0,,,,,,,,
beirne.ie,,,not_found,,,0,0,,No,Beirne,,,,,
belfastcitydistillery.ie,,,not_found,,,0,,,Yes,belfast,,,,,
belindasbeauty.ie,,,not_found,,,0,,,Yes,beauty,,,,,
bella-cafe.ie,,,not_found,,,0,0,,,,,,,,
bellanapoli.ie,,,not_found,,,0,0,,,,,,,,
bellaruapotatoes.ie,,,not_found,,,0,,,No,,,,,,
bellawoodfirepizza.ie,,,not_found,,,0,0,,Yes,wood,,,,,
belleartistsstudio.ie,,,not_found,,,0,0,,,,,,,,
belzonis.ie,,,not_found,,,0,,,No,,,,,,
bendunnesgym.ie,,,not_found,,,0,0,,No,,,,,,
beneaththebreath.ie,,,not_found,,,0,0,,,,,,,,
benjamins.ie,,,not_found,,,0,0,,,,,,,,
bensmyth.ie,,,not_found,,,0,0,,No,,,,,,
berexperts.ie,,,not_found,,,0,,,,,,,,,
berndt.ie,,,not_found,,,0,0,,,,,,,,
besmartgogreen.ie,,,not_found,,,0,0,,,,,,,,
besocial.ie,,,not_found,,,0,299,,Yes,social,,,,2015-02-21,2021-04-10
bespokebyjennie.ie,,,not_found,,,0,0,,No,,,,,,
bespokeprocurement.ie,,,not_found,,,0,0,,,,,,,,
bespokesurveys.ie,,,not_found,,,0,0,,No,Bespoke Surveys,,,,,
best-choice-roofers.ie,,,not_found,,,0,,,,,,,,,
bestbookies.ie,,,not_found,,,0,,,No,,,,,,
bestbuykillybegs.ie,,,not_found,,,0,0,,,,,,,,
bestcurrykababhouse.ie,,,not_found,,,0,0,,Yes,house,,,,,
bestdeal.ie,,,not_found,,,0,97,1736,,,,,,2006-10-24,2021-11-27
bestest.ie,,,not_found,,,0,,,,,,,,,
bestiptv.ie,,,not_found,,,0,0,,No,,,,,,
bestirishcasinosites.ie,,,not_found,,,0,0,,,,,,,,
bestmassagedublin.ie,,,not_found,,,0,,,Yes,"massage, dublin",,,,,
bestpubs.ie,,,not_found,,,0,0,,,,,,,,
bestvaluelandscapingandcleaning.ie,,,not_found,,,0,,,Yes,"landscaping, cleaning",,,,,
bestwaytoconceive.ie,,,not_found,,,0,0,,No,,,,,,
bethechange.ie,,,not_found,,,0,,,No,,,,,,
betlabelcasino.ie,,,not_found,,,0,,,,,,,,,
betoffers.ie,,,not_found,,,0,,,No,,,,,,
better4all.ie,,,not_found,,,0,0,,No,,,,,,
betterhealthpharmacy.ie,,,not_found,,,0,,,Yes,"pharmacy, health",,,,,
betterplace.ie,,,not_found,,,0,,,,,,,,,
betteryoupharmacy.ie,,,not_found,,,0,,,Yes,pharmacy,,,,,
beuseful.ie,,,not_found,,,0,,,No,,,,,,
biaanama.ie,,,not_found,,,0,0,,,,,,,,
biakinsale.ie,,,not_found,,,0,,,No,,,,,,
bicyclesdelivered.ie,,,not_found,,,0,,,No,,,,,,
bid2win.ie,,,not_found,,,0,,,,,,,,,
bidtowin.ie,,,not_found,,,0,,,,,,,,,
bierne.ie,,,not_found,,,0,,,No,,,,,,
bigblu.ie,,,not_found,,,0,,,,,,,,,
bigbullpizza.ie,,,not_found,,,0,0,,,,,,,,
bigbus.ie,,,not_found,,,0,0,,No,,,,,,
bigbustours.ie,,,not_found,,,0,0,,Yes,Bus tour,,,,,
bigchef.ie,,,not_found,,,0,0,,,,,,,,
bigger.ie,,,not_found,,,0,0,,No,,,,,,
biggs.ie,,,not_found,,,0,,,,,,,,,
bigraffles.ie,,,not_found,,,0,,,,,,,,,
bigworld.ie,,,not_found,,,0,0,,No,,,,,,
bikeaboutdublin.ie,,,not_found,,,0,,,Yes,dublin,,,,,
bikersireland.ie,,,not_found,,,0,0,,Yes,ireland,,,,,
bilibili.ie,,,not_found,,,0,,,,,,,,,
bin-ed.ie,,,not_found,,,0,,,No,,,,,,
binghatti.ie,,,not_found,,,0,0,,No,,,,,,
bingorave.ie,,,not_found,,,0,0,,,,,,,,
bingoravefundraiser.ie,,,not_found,,,0,0,,,,,,,,
bingowingo.ie,,,not_found,,,0,0,,No,,,,,,
binky.ie,,,not_found,,,0,,,No,,,,,,
binside.ie,,,not_found,,,0,,,No,,,,,,
binthebottle.ie,,,not_found,,,0,,,No,,,,,,
bioage.ie,,,not_found,,,0,0,,,,,,,,
biocarbon.ie,,,not_found,,,0,0,,,,,,,,
biocharlab.ie,,,not_found,,,0,0,,,,,,,,
biocharlabs.ie,,,not_found,,,0,0,,,,,,,,
biofarmacija.ie,,,not_found,,,0,0,,,,,,,,
biofireplaces.ie,,,not_found,,,0,0,,,,,,,,
biokin.ie,,,not_found,,,0,0,,No,,,,,,
biologicaldentist.ie,,,not_found,,,0,0,,,,,,,,
biopod.ie,,,not_found,,,0,,,No,,,,,,
bioprimera.ie,,,not_found,,,0,,,No,,,,,,
bipolarorder.ie,,,not_found,,,0,,,,,,,,,
birdsoreire.ie,,,not_found,,,0,0,,,,,,,,
birthinjurysolicitors.ie,,,not_found,,,0,,,,,,,,,
birthstone.ie,,,not_found,,,0,0,,,,,,,,
birthstones.ie,,,not_found,,,0,0,,,,,,,,
birthyearcellar.ie,,,not_found,,,0,,,No,,,,,,
bismarck.ie,,,not_found,,,0,0,,No,,,,,,
bitless.ie,,,not_found,,,0,,,No,,,,,,
biztribe.ie,,,not_found,,,0,0,,,,,,,,
bkwealth.ie,,,not_found,,,0,0,,,,,,,,
black-pepper.ie,,,not_found,,,0,0,,,,,,,,
blackbird-design.ie,,,not_found,,,0,,,,,,,,,
blackdiamond.ie,,,not_found,,,0,,,No,,,,,,
blackloughconstruction.ie,,,not_found,,,0,,,Yes,construction,,,,,
blackmountainrecords.ie,,,not_found,,,0,0,,,,,,,,
blackrockboutique.ie,,,not_found,,,0,0,,No,,,,,,
bladecuttingedgekitchens.ie,,,not_found,,,0,,,No,,,,,,
blairsnest.ie,,,not_found,,,0,0,,,,,,,,
blaithindooley.ie,,,not_found,,,0,0,,No,,,,,,
blakeslandscapingwest.ie,,,not_found,,,0,0,,Yes,landscaping,,,,,
blanksononiahs.ie,,,not_found,,,0,0,,No,,,,,,
blascatering.ie,,,not_found,,,0,0,,,,,,,,
blayneybistro.ie,,,not_found,,,0,0,,,,,,,,
blizz.ie,,,not_found,,,0,0,,,,,,,,
blocki-custom.ie,,,not_found,,,0,,,,,,,,,
blockseal.ie,,,not_found,,,0,0,,,,,,,,
blokkup.ie,,,not_found,,,0,0,,No,,,,,,
blomea.ie,,,not_found,,,0,0,,No,,,,,,
bloodstone.ie,,,not_found,,,0,0,,,,,,,,
bloodstones.ie,,,not_found,,,0,0,,,,,,,,
bloombase.ie,,,not_found,,,0,0,,,,,,,,
bloomcbd.ie,,,not_found,,,0,0,,,,,,,,
bloominggardenlawncare.ie,,,not_found,,,0,0,,Yes,"garden, care",,,,,
blossomsocial.ie,,,not_found,,,0,0,,,,,,,,
blu-3.ie,,,not_found,,,0,,,No,,,,,,
bluegrassdunmore.ie,,,not_found,,,0,0,,,,,,,,
bluenose.ie,,,not_found,,,0,0,,,,,,,,
bluerift.ie,,,not_found,,,0,,,No,,,,,,
bluerobinbakery.ie,,,not_found,,,0,,,No,,,,,,
bmlaw.ie,,,not_found,,,0,,,No,,,,,,
bmllp.ie,,,not_found,,,0,,,No,,,,,,
bmsmachinery.ie,,,not_found,,,0,,,No,,,,,,
boardandbloom.ie,,,not_found,,,0,0,,,,,,,,
boatiful.ie,,,not_found,,,0,0,,,,,,,,
boatschool.ie,,,not_found,,,0,0,,Yes,Boat school,,,,,
boconceptdublin.ie,,,not_found,,,0,0,,Yes,dublin,,,,,
bodiesinmotion.ie,,,not_found,,,0,0,,,,,,,,
bodybasics.ie,,,not_found,,,0,,,No,,,,,,
bodyworxcentreforalternativemedicine.ie,,,not_found,,,0,0,,Yes,"alternative, medicine",,,,,
bogearrai.ie,,,not_found,,,0,,,No,,,,,,
bohahyland.ie,,,not_found,,,0,0,,,,,,,,
bohen.ie,,,not_found,,,0,0,,,,,,,,
boherguystud.ie,,,not_found,,,0,,,No,,,,,,
bohullion.ie,,,not_found,,,0,,,No,,,,,,
bombaybox.ie,,,not_found,,,0,,,,,,,,,
bonitolacookies.ie,,,not_found,,,0,0,,,,,,,,
bonjourcork.ie,,,not_found,,,0,0,,,,,,,,
bonnet.ie,,,not_found,,,0,0,,,,,,,,
bonniebeau-tique.ie,,,not_found,,,0,0,,,,,,,,
bonuses.ie,,,not_found,,,0,,,No,,,,,,
bookascan.ie,,,not_found,,,0,0,,No,book a scan,,,,,
boombrush.ie,,,not_found,,,0,0,,No,,,,,,
boomfisher.ie,,,not_found,,,0,0,,No,,,,,,
boorganics.ie,,,not_found,,,0,0,,,,,,,,
boostdrinks.ie,,,not_found,,,0,,,No,,,,,,
bootsonline.ie,,,not_found,,,0,,,Yes,online,,,,,
borelandwebdesign.ie,,,not_found,,,0,0,,Yes,design,,,,,
boris.ie,,,not_found,,,0,1,529,,,,,,2025-03-18,2025-03-18
borrisokanedigital.ie,,,not_found,,,0,0,,,,,,,,
boruspares.ie,,,not_found,,,0,0,,No,,,,,,
borvo.ie,,,not_found,,,0,0,,No,,,,,,
boscaa.ie,,,not_found,,,0,0,,No,,,,,,
bosch-gso.ie,,,not_found,,,0,0,,No,,,,,,
bosscaddi.ie,,,not_found,,,0,0,,No,,,,,,
bossfab.ie,,,not_found,,,0,,,,,,,,,
bostashop.ie,,,not_found,,,0,0,,,,,,,,
botodata.ie,,,not_found,,,0,0,,,,,,,,
bottlebox.ie,,,not_found,,,0,,,No,,,,,,
bouncingpillows.ie,,,not_found,,,0,,,No,,,,,,
bouncycastledublin.ie,,,not_found,,,0,,,Yes,dublin,,,,,
boutenkoglobal.ie,,,not_found,,,0,0,,,,,,,,
boutiqueimpressions.ie,,,not_found,,,0,0,,,,,,,,
bovedas.ie,,,not_found,,,0,,,No,,,,,,
bowieaesthetics.ie,,,not_found,,,0,0,,,,,,,,
bowman.ie,,,not_found,,,0,,,No,,,,,,
boxchain.ie,,,not_found,,,0,0,,,,,,,,
boxerchips.ie,,,not_found,,,0,0,,,,,,,,
boxtree.ie,,,not_found,,,0,,,,,,,,,
boyledental.ie,,,not_found,,,0,,,,,,,,,
boyo.ie,,,not_found,,,0,0,,,,,,,,
bpcleaningservices.ie,,,not_found,,,0,,,,,,,,,
bradstoneallington.ie,,,not_found,,,0,0,,No,,,,,,
bradysbutcher.ie,,,not_found,,,0,0,,,,,,,,
braids.ie,,,not_found,,,0,,,No,,,,,,
braintech.ie,,,not_found,,,0,21,3271,,,,,,2008-10-11,2017-09-14
branaganelectrical.ie,,,not_found,,,0,0,,,,,,,,
brandaware.ie,,,not_found,,,0,0,,,,,,,,
brandcoach.ie,,,not_found,,,0,0,,,,,,,,
brandless.ie,,,not_found,,,0,,,Yes,brand,,,,,
brandmanagers.ie,,,not_found,,,0,,,Yes,"manager, brand",,,,,
brandpartners.ie,,,not_found,,,0,0,,Yes,brand,,,,,
bravaro.ie,,,not_found,,,0,,,,,,,,,
bravenewworld.ie,,,not_found,,,0,0,,No,,,,,,
braytowncentre.ie,,,not_found,,,0,0,,,,,,,,
braziltoeurope.ie,,,not_found,,,0,0,,,,,,,,
breadbasketfoundation.ie,,,not_found,,,0,,,No,,,,,,
breakupcoach.ie,,,not_found,,,0,0,,Yes,coach,,,,,
breastfeedingwaterford.ie,,,not_found,,,0,,,Yes,waterford,,,,,
breathandcore.ie,,,not_found,,,0,,,,,,,,,
brendanbrady.ie,,,not_found,,,0,,,No,,,,,,
brennanplumbing.ie,,,not_found,,,0,0,,Yes,plumbing,,,,,
breo.ie,,,not_found,,,0,,,No,,,,,,
brewbearproductions.ie,,,not_found,,,0,0,,,,,,,,
brewno1lager.ie,,,not_found,,,0,0,,,,,,,,
brianomahoneymusic.ie,,,not_found,,,0,,,Yes,music,,,,,
brianosullivan.ie,,,not_found,,,0,0,,No,,,,,,
brianshelpdesk.ie,,,not_found,,,0,0,,,,,,,,
brianwinters.ie,,,not_found,,,0,0,,,,,,,,
bricktingsmon.ie,,,not_found,,,0,0,,,,,,,,
bridalshowers.ie,,,not_found,,,0,0,,,,,,,,
bridetobe.ie,,,not_found,,,0,0,,,,,,,,
brightfinance.ie,,,not_found,,,0,,,Yes,finance,,,,,
brightfoundation.ie,,,not_found,,,0,0,,No,,,,,,
brightliferecruitment.ie,,,not_found,,,0,,,,,,,,,
brightsideclothing.ie,,,not_found,,,0,,,No,,,,,,
brightspotstrategy.ie,,,not_found,,,0,0,,,,,,,,
brightspotstrategyandconsulting.ie,,,not_found,,,0,0,,,,,,,,
brittasbaycaravanpark.ie,,,not_found,,,0,,,No,,,,,,
briva.ie,,,not_found,,,0,0,,,,,,,,
brlinen.ie,,,not_found,,,0,0,,No,,,,,,
broadbandcompare.ie,,,not_found,,,0,,,Yes,broadband,,,,,
broadwaypizzaballinagh.ie,,,not_found,,,0,0,,No,,,,,,
broken-arrow.ie,,,not_found,,,0,,,Yes,arrow,,,,,
brokenarrow.ie,,,not_found,,,0,,,Yes,arrow,,,,,
bron.ie,,,not_found,,,0,,,No,,,,,,
broomhall.ie,,,not_found,,,0,,,Yes,room,,,,,
brownbear.ie,,,not_found,,,0,0,,No,,,,,,
brownessalonsupplies.ie,,,not_found,,,0,,,Yes,salon,,,,,
brownl.ie,,,not_found,,,0,,,No,,,,,,
btcirl.ie,,,not_found,,,0,,,,,,,,,
btob.ie,,,not_found,,,0,,,,,,,,,
bubbabear.ie,,,not_found,,,0,,,,,,,,,
buddybet.ie,,,not_found,,,0,,,,,,,,,
budgetireland.ie,,,not_found,,,0,,,Yes,ireland,,,,,
budmail.ie,,,not_found,,,0,0,,No,,,,,,
budweisercompetitions.ie,,,not_found,,,0,,,,,,,,,
buffaloranch.ie,,,not_found,,,0,,,No,,,,,,
buildconfidence.ie,,,not_found,,,0,,,Yes,build,,,,,
buildersworkwear.ie,,,not_found,,,0,,,,,,,,,
buildingshtuff.ie,,,not_found,,,0,,,Yes,building,,,,,
buildmybrand.ie,,,not_found,,,0,,,,,,,,,
buildord.ie,,,not_found,,,0,,,,,,,,,
buildpal.ie,,,not_found,,,0,0,,Yes,build,,,,,
buildtogether.ie,,,not_found,,,0,0,,Yes,build,,,,,
buildworks.ie,,,not_found,,,0,,,Yes,"build, work",,,,,
buildyourdreams.ie,,,not_found,,,0,0,,Yes,build,,,,,
builtbyelevate.ie,,,not_found,,,0,,,No,,,,,,
bulbensystems.ie,,,not_found,,,0,0,,,,,,,,
bullshot.ie,,,not_found,,,0,0,,,,,,,,
bumbleberry.ie,,,not_found,,,0,,,,,,,,,
buncar.ie,,,not_found,,,0,0,,,,,,,,
buncrana-gaa.ie,,,not_found,,,0,,,No,,,,,,
bunrattywhiskey.ie,,,not_found,,,0,,,,,,,,,
burrenadventuretours.ie,,,not_found,,,0,,,Yes,tour,,,,,
burrowandbloom.ie,,,not_found,,,0,0,,,,,,,,
busi.ie,,,not_found,,,0,0,,,,,,,,
business-association.ie,,,not_found,,,0,,,Yes,"association, business",,,,,
business-directory.ie,,,not_found,,,0,,,Yes,business,,,,,
businessautomation.ie,,,not_found,,,0,0,,,,,,,,
businessfinance365.ie,,,not_found,,,0,0,,,,,,,,
businesshealthcaresolutions.ie,,,not_found,,,0,0,,,,,,,,
businessphonesystems.ie,,,not_found,,,0,0,,Yes,business,,,,,
businessplans.ie,,,not_found,,,0,,,,,,,,,
businessplansoftware.ie,,,not_found,,,0,0,,Yes,"business, software",,,,,
businesspracticalsolutions.ie,,,not_found,,,0,0,,Yes,"solutions, business",,,,,
businessschool.ie,,,not_found,,,0,0,,,,,,,,
bustomarlaypark.ie,,,not_found,,,0,,,No,,,,,,
butcherguild.ie,,,not_found,,,0,,,No,,,,,,
butcheronline.ie,,,not_found,,,0,0,,,,,,,,
butchersguild.ie,,,not_found,,,0,,,No,,,,,,
butchersonline.ie,,,not_found,,,0,0,,,,,,,,
buycoffeeonline.ie,,,not_found,,,0,,,Yes,online,,,,,
buycruzdetailing.ie,,,not_found,,,0,0,,No,,,,,,
buygoldireland.ie,,,not_found,,,0,0,,,,,,,,
buyitonline.ie,,,not_found,,,0,0,,,,,,,,
buylifelink.ie,,,not_found,,,0,,,No,,,,,,
buylocallaois.ie,,,not_found,,,0,,,Yes,laois,,,,,
buymybiz.ie,,,not_found,,,0,0,,,,,,,,
buyraisingthegamebeef.ie,,,not_found,,,0,0,,Yes,game,,,,,
buysnus.ie,,,not_found,,,0,,,No,,,,,,
buzzgiveaways.ie,,,not_found,,,0,0,,,,,,,,
buzzgum.ie,,,not_found,,,0,,,No,,,,,,
bwcatering.ie,,,not_found,,,0,0,,Yes,catering,,,,,
bwl.ie,,,not_found,,,0,,,,,,,,,
bwrttraining.ie,,,not_found,,,0,0,,,,,,,,
bwtrainingsolutions.ie,,,not_found,,,0,0,,Yes,"solutions, training",,,,,
bydbatterybox.ie,,,not_found,,,0,0,,No,,,,,,
byddirect.ie,,,not_found,,,0,0,,,,,,,,
bydmotors.ie,,,not_found,,,0,0,,No,,,,,,
byfportarlington.ie,,,not_found,,,0,,,No,,,,,,
byjuno.ie,,,not_found,,,0,0,,No,,,,,,
bymakayla.ie,,,not_found,,,0,,,No,,,,,,
byrainie.ie,,,not_found,,,0,,,,,,,,,
bysofelle.ie,,,not_found,,,0,,,No,,,,,,
bytebuddies.ie,,,not_found,,,0,0,,,,,,,,
c4.ie,,,not_found,,,0,,,,,,,,,
cabinworld.ie,,,not_found,,,0,0,,,,,,,,
cablingsolutions.ie,,,not_found,,,0,0,,Yes,Cabling solutions,,,,,
cadencecoach.ie,,,not_found,,,0,,,Yes,coach,,,,,
caelum.ie,,,not_found,,,0,,,No,,,,,,
cafebeva.ie,,,not_found,,,0,,,,,,,,,
cafeclub.ie,,,not_found,,,0,,,Yes,cafe,,,,,
cairdeandco.ie,,,not_found,,,0,0,,No,,,,,,
cairdeco.ie,,,not_found,,,0,0,,No,,,,,,
cairdecoaching.ie,,,not_found,,,0,,,Yes,coaching,,,,,
cait.ie,,,not_found,,,0,0,,,,,,,,
caitlinhestercounselling.ie,,,not_found,,,0,0,,,,,,,,
cakeessentials.ie,,,not_found,,,0,,,No,,,,,,
cakesbygill.ie,,,not_found,,,0,0,,,,,,,,
caldwellscoffeehatch.ie,,,not_found,,,0,,,,,,,,,
caliberconsulting.ie,,,not_found,,,0,0,,Yes,consulting,,,,,
calicodesigns.ie,,,not_found,,,0,,,Yes,design,,,,,
calloutcalendar.ie,,,not_found,,,0,2,621,,,,,,2024-06-11,2024-12-16
calmminds.ie,,,not_found,,,0,0,,No,,,,,,
calvarychristianfellowship.ie,,,not_found,,,0,,,No,,,,,,
camaie.ie,,,not_found,,,0,,,No,,,,,,
camdenquarterdublin.ie,,,not_found,,,0,0,,,,,,,,
camdenstreetdublin.ie,,,not_found,,,0,0,,,,,,,,
cameronjames.ie,,,not_found,,,0,,,,,,,,,
campervanparts.ie,,,not_found,,,0,,,Yes,"Campervan, parts",,,,,
camplunasa.ie,,,not_found,,,0,0,,No,,,,,,
canapebox.ie,,,not_found,,,0,0,,No,,,,,,
canaveral.ie,,,not_found,,,0,0,,,,,,,,
candidcat.ie,,,not_found,,,0,0,,No,,,,,,
candyjar.ie,,,not_found,,,0,0,,No,,,,,,
canicross.ie,,,not_found,,,0,0,,No,,,,,,
cannabisproducts.ie,,,not_found,,,0,,,No,,,,,,
cannabisproductsireland.ie,,,not_found,,,0,,,Yes,ireland,,,,,
canningshg.ie,,,not_found,,,0,,,,,,,,,
cannonapp.ie,,,not_found,,,0,0,,,,,,,,
canoetrails.ie,,,not_found,,,0,0,,,,,,,,
canua.ie,,,not_found,,,0,,,No,,,,,,
canyonstore.ie,,,not_found,,,0,0,,,,,,,,
caoine.ie,,,not_found,,,0,0,,No,,,,,,
capacitylaw.ie,,,not_found,,,0,0,,No,,,,,,
capewell.ie,,,not_found,,,0,,,No,,,,,,
capitalexchange.ie,,,not_found,,,0,0,,No,capital exchange,,,,,
captivatesocial.ie,,,not_found,,,0,,,,,,,,,
capturingclare.ie,,,not_found,,,0,,,No,,,,,,
capturingireland.ie,,,not_found,,,0,,,Yes,ireland,,,,,
car-guy.ie,,,not_found,,,0,0,,No,,,,,,
caracv.ie,,,not_found,,,0,0,,,,,,,,
caravancare.ie,,,not_found,,,0,0,,,,,,,,
carberyai.ie,,,not_found,,,0,0,,,,,,,,
carbon-emission-test-elevate-iadt.ie,,,not_found,,,0,,,,,,,,,
carboncyclepartner.ie,,,not_found,,,0,,,No,,,,,,
carburycomputing.ie,,,not_found,,,0,,,No,,,,,,
cardeliveryireland.ie,,,not_found,,,0,0,,Yes,Car delivery ireland,,,,,
cardhero.ie,,,not_found,,,0,0,,,,,,,,
cardiac.ie,,,not_found,,,0,0,,No,cardiac,,,,,
careerconnect.ie,,,not_found,,,0,,,Yes,care,,,,,
carelab.ie,,,not_found,,,0,,,,,,,,,
careplusyou.ie,,,not_found,,,0,0,,,,,,,,
carguy.ie,,,not_found,,,0,0,,No,,,,,,
carkeydublin.ie,,,not_found,,,0,,,,,,,,,
carlingfordloughcruises.ie,,,not_found,,,0,,,No,,,,,,
carlingfordloughecotours.ie,,,not_found,,,0,,,Yes,tour,,,,,
carlislelrd.ie,,,not_found,,,0,0,,,,,,,,
carlowtradfest.ie,,,not_found,,,0,,,Yes,carlow,,,,,
carngreencare.ie,,,not_found,,,0,0,,Yes,"green, care",,,,,
carolinesbeautyroom.ie,,,not_found,,,0,0,,Yes,"beauty, room",,,,,
carolscabs.ie,,,not_found,,,0,0,,,,,,,,
carpetfitting.ie,,,not_found,,,0,,,,,,,,,
carpetsflooringblinds.ie,,,not_found,,,0,,,Yes,"flooring, carpet",,,,,
carrauntoohilcoffeehut.ie,,,not_found,,,0,,,No,,,,,,
carricktownselfcatering.ie,,,not_found,,,0,0,,,,,,,,
carrollcoldstoredoors.ie,,,not_found,,,0,,,No,,,,,,
carrolls-comps.ie,,,not_found,,,0,0,,,,,,,,
carrollscomp.ie,,,not_found,,,0,0,,,,,,,,
carstickersdirect.ie,,,not_found,,,0,,,No,,,,,,
cartiromanesti.ie,,,not_found,,,0,,,No,,,,,,
cartoncreative.ie,,,not_found,,,0,,,Yes,creative,,,,,
cartowingdublin.ie,,,not_found,,,0,,,,,,,,,
cartwheelcyclecafe.ie,,,not_found,,,0,0,,,,,,,,
carwise.ie,,,not_found,,,0,0,,,,,,,,
casanovapizza.ie,,,not_found,,,0,,,,,,,,,
cashdesk.ie,,,not_found,,,0,0,,No,cash desk,,,,,
casino24.ie,,,not_found,,,0,,,,,,,,,
casinocompare.ie,,,not_found,,,0,,,No,,,,,,
casinolounge.ie,,,not_found,,,0,0,,No,,,,,,
castbuild.ie,,,not_found,,,0,0,,Yes,build,,,,,
castelemartin.ie,,,not_found,,,0,,,No,,,,,,
castlerockhaulage.ie,,,not_found,,,0,0,,,,,,,,
caststone.ie,,,not_found,,,0,0,,No,,,,,,
catalyst-ud.ie,,,not_found,,,0,,,No,,,,,,
categoryfirst.ie,,,not_found,,,0,0,,,,,,,,
cathalbrugha.ie,,,not_found,,,0,,,No,,,,,,
cathedraleye.ie,,,not_found,,,0,0,,,,,,,,
catherinebuckley.ie,,,not_found,,,0,0,,No,,,,,,
catori.ie,,,not_found,,,0,,,No,,,,,,
cb-keystone.ie,,,not_found,,,0,0,,No,,,,,,
cbtrading.ie,,,not_found,,,0,,,Yes,trading,,,,,
cbwindowcleaning.ie,,,not_found,,,0,0,,,,,,,,
cc4web.ie,,,not_found,,,0,,,,,,,,,
ccbathrooms.ie,,,not_found,,,0,0,,,,,,,,
ccelectrics.ie,,,not_found,,,0,0,,Yes,electric,,,,,
cctvcloud.ie,,,not_found,,,0,,,Yes,cloud,,,,,
cdmconsulting.ie,,,not_found,,,0,0,,Yes,consulting,,,,,
ceadline.ie,,,not_found,,,0,,,No,,,,,,
cedarn.ie,,,not_found,,,0,,,,,,,,,
cedartreeservices.ie,,,not_found,,,0,0,,,,,,,,
ceforders.ie,,,not_found,,,0,0,,,,,,,,
ceiba.ie,,,not_found,,,0,,,No,,,,,,
cel-criticalpower.ie,,,not_found,,,0,0,,,,,,,,
cel-datacentre.ie,,,not_found,,,0,0,,,,,,,,
cel-dc.ie,,,not_found,,,0,0,,,,,,,,
celavista.ie,,,not_found,,,0,0,,No,,,,,,
celbridge-u11-hurling-festival.ie,,,not_found,,,0,0,,,,,,,,
celebratethetree.ie,,,not_found,,,0,,,No,,,,,,
celexa.ie,,,not_found,,,0,0,,No,,,,,,
celticelopements.ie,,,not_found,,,0,,,No,,,,,,
celticfiddles.ie,,,not_found,,,0,0,,,,,,,,
celticforestbathing.ie,,,not_found,,,0,0,,,,,,,,
celticlegacy.ie,,,not_found,,,0,,,,,,,,,
celticluxe.ie,,,not_found,,,0,,,No,,,,,,
celticmythprints.ie,,,not_found,,,0,0,,Yes,print,,,,,
celticpouch.ie,,,not_found,,,0,,,No,,,,,,
celtictools.ie,,,not_found,,,0,0,,,,,,,,
celticvikingtours.ie,,,not_found,,,0,,,Yes,tour,,,,,
celticweddings.ie,,,not_found,,,0,,,No,,,,,,
centralcampus.ie,,,not_found,,,0,,,No,,,,,,
centralshoestores.ie,,,not_found,,,0,,,,,,,,,
centuriesoftrial.ie,,,not_found,,,0,,,No,,,,,,
cerebral.ie,,,not_found,,,0,0,,,,,,,,
ceremon.ie,,,not_found,,,0,,,No,,,,,,
ceremoniesbyjo.ie,,,not_found,,,0,0,,,,,,,,
ceremonysounds.ie,,,not_found,,,0,0,,No,,,,,,
certeire.ie,,,not_found,,,0,,,,,,,,,
certie.ie,,,not_found,,,0,,,,,,,,,
certifiedcoeliacsireland.ie,,,not_found,,,0,,,Yes,Coeliacs ireland,,,,,
certifiedsafetycourses.ie,,,not_found,,,0,0,,,,,,,,
cfitzgerald.ie,,,not_found,,,0,0,,No,,,,,,
cflogistics.ie,,,not_found,,,0,0,,No,,,,,,
cfml.ie,,,not_found,,,0,0,,No,,,,,,
cfwbproperty.ie,,,not_found,,,0,0,,,,,,,,
cghconstruction.ie,,,not_found,,,0,0,,,,,,,,
cgpay.ie,,,not_found,,,0,,,No,,,,,,
chainofimpact.ie,,,not_found,,,0,,,No,,,,,,
chalk.ie,,,not_found,,,0,0,,No,,,,,,
champagnesupernova.ie,,,not_found,,,0,,,,,,,,,
changeforum.ie,,,not_found,,,0,0,,,,,,,,
changegrowlive.ie,,,not_found,,,0,,,,,,,,,
chaoscork.ie,,,not_found,,,0,0,,,,,,,,
chapterrecruitment.ie,,,not_found,,,0,0,,Yes,recruitment,,,,,
characterhouse.ie,,,not_found,,,0,0,,,,,,,,
characters.ie,,,not_found,,,0,0,,,,,,,,
charitycomply.ie,,,not_found,,,0,,,No,,,,,,
charlesmccarthy.ie,,,not_found,,,0,,,No,,,,,,
charlevillecarecentre.ie,,,not_found,,,0,0,,Yes,care,,,,,
charlevillegolfclub.ie,,,not_found,,,0,0,,,,,,,,
charliebrowns.ie,,,not_found,,,0,0,,No,,,,,,
charlies.ie,,,not_found,,,0,,,,,,,,,
charmedaf.ie,,,not_found,,,0,,,No,,,,,,
chatahoot.ie,,,not_found,,,0,0,,No,,,,,,
chatlegal.ie,,,not_found,,,0,,,Yes,legal,,,,,
chatvox.ie,,,not_found,,,0,,,No,,,,,,
chatwithourdentist.ie,,,not_found,,,0,0,,,,,,,,
chauffeursdublin.ie,,,not_found,,,0,0,,Yes,"dublin, chauffeurs",,,,,
cheapsheds.ie,,,not_found,,,0,0,,,,,,,,
cheekychickenco.ie,,,not_found,,,0,0,,,,,,,,
cheezitpringlescomps.ie,,,not_found,,,0,,,,,,,,,
chefzion.ie,,,not_found,,,0,0,,,,,,,,
cheltenhambets.ie,,,not_found,,,0,,,No,,,,,,
chemion.ie,,,not_found,,,0,,,No,,,,,,
cherryblossoms.ie,,,not_found,,,0,0,,No,,,,,,
cherrycomedyclub.ie,,,not_found,,,0,0,,,,,,,,
cherrypickers.ie,,,not_found,,,0,0,,,,,,,,
chesolutions.ie,,,not_found,,,0,0,,Yes,solutions,,,,,
chickenfilletrollcollective.ie,,,not_found,,,0,,,No,,,,,,
chickkin.ie,,,not_found,,,0,0,,No,,,,,,
chillipartyevents.ie,,,not_found,,,0,0,,Yes,events,,,,,
chinese-herbal-medicine.ie,,,not_found,,,0,,,Yes,"medicine, herbal",,,,,
chineseherbalmedicine.ie,,,not_found,,,0,,,Yes,"medicine, herbal",,,,,
chinternational.ie,,,not_found,,,0,,,No,,,,,,
chirag.ie,,,not_found,,,0,0,,,,,,,,
chirocraft.ie,,,not_found,,,0,0,,,,,,,,
chiropracticcollegeireland.ie,,,not_found,,,0,0,,Yes,"chiropractic, ireland",,,,,
chirpyco.ie,,,not_found,,,0,,,No,,,,,,
chisler.ie,,,not_found,,,0,0,,,,,,,,
chkde.ie,,,not_found,,,0,0,,,,,,,,
chkdexpress.ie,,,not_found,,,0,0,,,,,,,,
chocodiles.ie,,,not_found,,,0,0,,,,,,,,
choker.ie,,,not_found,,,0,0,,,,,,,,
chokers.ie,,,not_found,,,0,0,,,,,,,,
choosehealth.ie,,,not_found,,,0,,,Yes,health,,,,,
choppingboards.ie,,,not_found,,,0,0,,,,,,,,
chopsticksdublin.ie,,,not_found,,,0,0,,Yes,dublin,,,,,
chowdhurysolicitors.ie,,,not_found,,,0,0,,Yes,solicitor,,,,,
chp.ie,,,not_found,,,0,,,No,,,,,,
chqproperty.ie,,,not_found,,,0,,,,,,,,,
chrisd.ie,,,not_found,,,0,0,,,,,,,,
chroma.ie,,,not_found,,,0,,,No,,,,,,
churchofirelandmidkerry.ie,,,not_found,,,0,,,,,,,,,
ciana.ie,,,not_found,,,0,,,,,,,,,
cianseo.ie,,,not_found,,,0,0,,,,,,,,
ciaraeganjewellery.ie,,,not_found,,,0,0,,,,,,,,
ciaranhynes.ie,,,not_found,,,0,0,,No,,,,,,
cifjournal.ie,,,not_found,,,0,,,,,,,,,
cigg.ie,,,not_found,,,0,,,No,,,,,,
cilldaraclothing.ie,,,not_found,,,0,,,No,,,,,,
cillin.ie,,,not_found,,,0,0,,No,,,,,,
cinemap.ie,,,not_found,,,0,0,,No,,,,,,
cintegvalet.ie,,,not_found,,,0,,,No,,,,,,
cipa.ie,,,not_found,,,0,,,,,,,,,
circularai.ie,,,not_found,,,0,,,,,,,,,
citadel-fa.ie,,,not_found,,,0,0,,No,,,,,,
citizenenergy.ie,,,not_found,,,0,,,No,,,,,,
citrushr.ie,,,not_found,,,0,,,No,,,,,,
citybike.ie,,,not_found,,,0,0,,No,,,,,,
citymovers.ie,,,not_found,,,0,,,No,movers,,,,,
cjmee.ie,,,not_found,,,0,,,,,,,,,
ckenergysolutions.ie,,,not_found,,,0,,,,,,,,,
clacademy.ie,,,not_found,,,0,,,No,,,,,,
claddaghmusicagency.ie,,,not_found,,,0,,,Yes,"agency, music",,,,,
claimmanagement.ie,,,not_found,,,0,0,,Yes,Claim management,,,,,
claimmanagementcompany.ie,,,not_found,,,0,,,Yes,Claim management,,,,,
claimsolutions.ie,,,not_found,,,0,0,,Yes,Claim solutions,,,,,
clairemarietherapy.ie,,,not_found,,,0,0,,Yes,therapy,,,,,
clareparking.ie,,,not_found,,,0,0,,,,,,,,
clarescraftycreations.ie,,,not_found,,,0,0,,Yes,creation,,,,,
clarity-consulting.ie,,,not_found,,,0,,,Yes,consulting,,,,,
clarkskidsshoes.ie,,,not_found,,,0,0,,No,,,,,,
claro.ie,,,not_found,,,0,0,,No,,,,,,
classicaleducation.ie,,,not_found,,,0,0,,,,,,,,
classiccampers.ie,,,not_found,,,0,,,No,,,,,,
classiccoaches.ie,,,not_found,,,0,0,,,,,,,,
classified.ie,,,not_found,,,0,,,,,,,,,
classroomwinners.ie,,,not_found,,,0,0,,Yes,classroom,,,,,
clausegrid.ie,,,not_found,,,0,0,,No,,,,,,
claws.ie,,,not_found,,,0,,,,,,,,,
cleanasyougo24h.ie,,,not_found,,,0,0,,,,,,,,
cleanbnb.ie,,,not_found,,,0,,,Yes,clean B n,B,,,,
cleancanine.ie,,,not_found,,,0,0,,Yes,clean,,,,,
cleancardublin.ie,,,not_found,,,0,0,,Yes,"dublin, clean",,,,,
cleanerex.ie,,,not_found,,,0,,,Yes,clean,,,,,
cleaningservicedublin.ie,,,not_found,,,0,,,Yes,"cleaning, service, dublin",,,,,
cleanroomstainless.ie,,,not_found,,,0,,,,,,,,,
cleanrr.ie,,,not_found,,,0,0,,,,,,,,
cleansealcarlow.ie,,,not_found,,,0,,,Yes,"carlow, clean",,,,,
cleansealdublin.ie,,,not_found,,,0,,,Yes,"dublin, clean",,,,,
cleanseallaois.ie,,,not_found,,,0,,,Yes,"clean, laois",,,,,
cleansealoffaly.ie,,,not_found,,,0,,,Yes,"offaly, clean",,,,,
cleansealwaterford.ie,,,not_found,,,0,,,Yes,"waterford, clean",,,,,
cleansealwestmeath.ie,,,not_found,,,0,,,Yes,"westmeath, clean",,,,,
cleansealwexford.ie,,,not_found,,,0,,,Yes,"wexford, clean",,,,,
cleansealwicklow.ie,,,not_found,,,0,,,Yes,"wicklow, clean",,,,,
cleanvio.ie,,,not_found,,,0,,,Yes,clean,,,,,
cleanwindows.ie,,,not_found,,,0,,,Yes,clean,,,,,
clearesg.ie,,,not_found,,,0,,,No,,,,,,
clearlyorganisedhomes.ie,,,not_found,,,0,0,,,,,,,,
clearneuro.ie,,,not_found,,,0,,,,,,,,,
clearviewcoaching.ie,,,not_found,,,0,0,,Yes,coaching,,,,,
clearviewgardening.ie,,,not_found,,,0,0,,,,,,,,
clerysquarterdublin.ie,,,not_found,,,0,,,,,,,,,
cleverbuild.ie,,,not_found,,,0,0,,,,,,,,
cleverco.ie,,,not_found,,,0,0,,,,,,,,
clevercuckoo.ie,,,not_found,,,0,,,No,,,,,,
clevercustoms.ie,,,not_found,,,0,0,,No,,,,,,
clew.ie,,,not_found,,,0,0,,No,,,,,,
clewbaykayaking.ie,,,not_found,,,0,,,No,,,,,,
clickbuild.ie,,,not_found,,,0,0,,,,,,,,
clickphyseo.ie,,,not_found,,,0,0,,,,,,,,
clickrebels.ie,,,not_found,,,0,,,No,,,,,,
clientgenie.ie,,,not_found,,,0,0,,No,,,,,,
clifdenconnemara.ie,,,not_found,,,0,,,No,,,,,,
cliffcollection.ie,,,not_found,,,0,,,No,,,,,,
cliffvillageatlyons.ie,,,not_found,,,0,,,No,,,,,,
climateaccelerator.ie,,,not_found,,,0,0,,,,,,,,
clinicoaesthetics.ie,,,not_found,,,0,0,,Yes,"aesthetics, clinic",,,,,
clinicsinireland.ie,,,not_found,,,0,0,,,,,,,,
clippersandscissors.ie,,,not_found,,,0,0,,No,,,,,,
cllrjohnstephens.ie,,,not_found,,,0,,,,,,,,,
clodaghdaly.ie,,,not_found,,,0,,,No,,,,,,
clonakiltypainrelief.ie,,,not_found,,,0,0,,,,,,,,
cloncawhouse.ie,,,not_found,,,0,0,,,,,,,,
clonmelhouseswords.ie,,,not_found,,,0,0,,Yes,house,,,,,
clonmelregionalsportshub.ie,,,not_found,,,0,0,,,,,,,,
clonneuromuscular.ie,,,not_found,,,0,,,No,,,,,,
cloonadesign.ie,,,not_found,,,0,0,,Yes,design,,,,,
clostudio.ie,,,not_found,,,0,0,,Yes,studio,,,,,
cloudconsulting.ie,,,not_found,,,0,,,Yes,"consulting, cloud",,,,,
cloudfinops.ie,,,not_found,,,0,,,Yes,cloud,,,,,
cloudopswizard.ie,,,not_found,,,0,,,Yes,cloud,,,,,
cloudsentry.ie,,,not_found,,,0,,,Yes,cloud,,,,,
cloverchildcare.ie,,,not_found,,,0,,,,,,,,,
cloverlead.ie,,,not_found,,,0,0,,No,,,,,,
clubcall.ie,,,not_found,,,0,0,,,,,,,,
clubhousecafe.ie,,,not_found,,,0,0,,Yes,"house, cafe",,,,,
clubsport.ie,,,not_found,,,0,0,,Yes,Club sport,,,,,
clubtshirts.ie,,,not_found,,,0,,,,,,,,,
clubtv.ie,,,not_found,,,0,0,,,,,,,,
clubzone.ie,,,not_found,,,0,0,,,,,,,,
cluckitrotisserie.ie,,,not_found,,,0,0,,,,,,,,
cmcrecovery.ie,,,not_found,,,0,0,,,,,,,,
cmdplumbing.ie,,,not_found,,,0,,,,,,,,,
cnboardingkennels.ie,,,not_found,,,0,0,,No,,,,,,
cnch.ie,,,not_found,,,0,0,,,,,,,,
co-ach.ie,,,not_found,,,0,0,,,,,,,,
coachingacademy.ie,,,not_found,,,0,,,,,,,,,
coachingwithdebs.ie,,,not_found,,,0,0,,,,,,,,
coachsupply.ie,,,not_found,,,0,0,,,,,,,,
coalbunkerathlone.ie,,,not_found,,,0,,,No,,,,,,
coastalproperties.ie,,,not_found,,,0,0,,Yes,properties,,,,,
coastandcolour.ie,,,not_found,,,0,0,,No,,,,,,
cobrey.ie,,,not_found,,,0,,,No,,,,,,
cocktailcabin.ie,,,not_found,,,0,,,,,,,,,
cocoboba.ie,,,not_found,,,0,0,,No,,,,,,
cococha.ie,,,not_found,,,0,,,,,,,,,
cococleaners.ie,,,not_found,,,0,,,,,,,,,
cocoscreperie.ie,,,not_found,,,0,,,No,,,,,,
codecamps.ie,,,not_found,,,0,0,,No,code camps (activities),,,,,
codeforgood.ie,,,not_found,,,0,0,,No,,,,,,
codeireland.ie,,,not_found,,,0,0,,Yes,ireland,,,,,
coeliacs.ie,,,not_found,,,0,,,No,coeliacs,,,,,
coeliacsireland.ie,,,not_found,,,0,,,Yes,ireland,,,,,
coffeeattheedge.ie,,,not_found,,,0,,,,,,,,,
coffeeconnection.ie,,,not_found,,,0,0,,No,,,,,,
coffeedelivered.ie,,,not_found,,,0,,,No,Coffee delivered,,,,,
coffeehub.ie,,,not_found,,,0,,,No,,,,,,
coffeemax.ie,,,not_found,,,0,,,,,,,,,
coffeeoir.ie,,,not_found,,,0,,,,,,,,,
cognicares.ie,,,not_found,,,0,,,Yes,care,,,,,
cogniexpo.ie,,,not_found,,,0,,,No,,,,,,
cognisummit.ie,,,not_found,,,0,,,No,,,,,,
cognitherapeutics.ie,,,not_found,,,0,,,No,,,,,,
coincidence.ie,,,not_found,,,0,,,No,,,,,,
coincidences.ie,,,not_found,,,0,,,No,,,,,,
colanguage.ie,,,not_found,,,0,0,,No,,,,,,
coldstorage.ie,,,not_found,,,0,,,No,cold storage,,,,,
colinsmerch.ie,,,not_found,,,0,,,,,,,,,
collaborativerobotics.ie,,,not_found,,,0,,,No,,,,,,
collanmoreisland.ie,,,not_found,,,0,0,,No,,,,,,
collawest.ie,,,not_found,,,0,0,,No,,,,,,
colourvinylrecords.ie,,,not_found,,,0,0,,No,,,,,,
comedyevents.ie,,,not_found,,,0,,,,,,,,,
comedygigs.ie,,,not_found,,,0,,,,,,,,,
comhramedia.ie,,,not_found,,,0,,,Yes,media,,,,,
comixcafecork.ie,,,not_found,,,0,0,,Yes,"cafe, cork",,,,,
commemordates.ie,,,not_found,,,0,,,No,,,,,,
commercialrealestate.ie,,,not_found,,,0,0,,Yes,"estate, real",,,,,
communityhall.ie,,,not_found,,,0,,,No,community hall,,,,,
company-rescue.ie,,,not_found,,,0,0,,No,,,,,,
companypurchasesolicitors.ie,,,not_found,,,0,0,,Yes,solicitor,,,,,
compasscoaching.ie,,,not_found,,,0,,,,,,,,,
competencyvirtualschool.ie,,,not_found,,,0,0,,Yes,school,,,,,
complaitech.ie,,,not_found,,,0,,,,,,,,,
completebusiness.ie,,,not_found,,,0,0,,Yes,business,,,,,
complycharity.ie,,,not_found,,,0,,,No,,,,,,
complynow.ie,,,not_found,,,0,0,,No,,,,,,
compostdirect.ie,,,not_found,,,0,0,,No,,,,,,
computerclean.ie,,,not_found,,,0,,,,,,,,,
computerweb4u.ie,,,not_found,,,0,,,No,,,,,,
conceptual.ie,,,not_found,,,0,,,No,,,,,,
conciergeireland.ie,,,not_found,,,0,,,Yes,ireland consierge,,,,,
condoherty.ie,,,not_found,,,0,,,No,,,,,,
condongrass.ie,,,not_found,,,0,,,,,,,,,
confidentglow.ie,,,not_found,,,0,,,,,,,,,
connachtflowerfarm.ie,,,not_found,,,0,,,,,,,,,
connachtflowerfields.ie,,,not_found,,,0,0,,No,,,,,,
connectdrivertraining.ie,,,not_found,,,0,,,Yes,Driver training,,,,,
connectedcoaching.ie,,,not_found,,,0,,,,,,,,,
connectedregions.ie,,,not_found,,,0,,,,,,,,,
connectivity.ie,,,not_found,,,0,,,,,,,,,
connectnowservices.ie,,,not_found,,,0,,,Yes,services,,,,,
connellretailoperations.ie,,,not_found,,,0,0,,No,,,,,,
connemaraeventsguide.ie,,,not_found,,,0,,,,,,,,,
conorludlow.ie,,,not_found,,,0,,,,,,,,,
conranimports.ie,,,not_found,,,0,,,,,,,,,
conroycoaching.ie,,,not_found,,,0,,,Yes,coaching,,,,,
consciousguideireland.ie,,,not_found,,,0,,,,,,,,,
consierge.ie,,,not_found,,,0,,,No,consierge,,,,,
consistntfitness.ie,,,not_found,,,0,0,,Yes,fitness,,,,,
consolidatedhealthcare.ie,,,not_found,,,0,,,,,,,,,
constructionhire.ie,,,not_found,,,0,0,,Yes,construction,,,,,
constructive.ie,,,not_found,,,0,,,,,,,,,
consumersunited.ie,,,not_found,,,0,,,,,,,,,
contentfactory.ie,,,not_found,,,0,0,,Yes,content,,,,,
contourlandscaping.ie,,,not_found,,,0,0,,Yes,"landscaping, tour",,,,,
contractorsafety.ie,,,not_found,,,0,,,Yes,contractor,,,,,
conveyexchange.ie,,,not_found,,,0,,,,,,,,,
coolbridge.ie,,,not_found,,,0,0,,No,,,,,,
cooledsolutions.ie,,,not_found,,,0,,,Yes,solutions,,,,,
coologi.ie,,,not_found,,,0,,,,,,,,,
coolpaws.ie,,,not_found,,,0,,,,,,,,,
copperandfernevents.ie,,,not_found,,,0,0,,Yes,events,,,,,
coppercoastanalytics.ie,,,not_found,,,0,,,Yes,analytics,,,,,
coppercoastkayakclub.ie,,,not_found,,,0,0,,No,,,,,,
coraconsulting.ie,,,not_found,,,0,,,,,,,,,
core-energy.ie,,,not_found,,,0,0,,No,,,,,,
core-global.ie,,,not_found,,,0,0,,No,,,,,,
core-group.ie,,,not_found,,,0,0,,Yes,group,,,,,
core-power.ie,,,not_found,,,0,0,,No,,,,,,
corecruit.ie,,,not_found,,,0,,,No,,,,,,
corelogistics.ie,,,not_found,,,0,0,,No,,,,,,
coreloopautomation.ie,,,not_found,,,0,,,Yes,automation,,,,,
corevisual.ie,,,not_found,,,0,,,No,,,,,,
corinastaunton.ie,,,not_found,,,0,,,,,,,,,
corio-cargo.ie,,,not_found,,,0,,,,,,,,,
cork-distillery.ie,,,not_found,,,0,0,,Yes,cork,,,,,
cork4ai.ie,,,not_found,,,0,0,,Yes,cork,,,,,
corkaccountants.ie,,,not_found,,,0,,,,,,,,,
corkai.ie,,,not_found,,,0,0,,Yes,cork,,,,,
corkbarkmulch.ie,,,not_found,,,0,,,,,,,,,
corkbutchers.ie,,,not_found,,,0,,,,,,,,,
corkchildrensclinic.ie,,,not_found,,,0,,,Yes,"clinic, cork",,,,,
corkcitycounselling.ie,,,not_found,,,0,,,,,,,,,
corkcompanyformation.ie,,,not_found,,,0,,,Yes,cork,,,,,
corkdistillery.ie,,,not_found,,,0,0,,Yes,cork,,,,,
corkfinesoap.ie,,,not_found,,,0,,,,,,,,,
corkfinesoapcompany.ie,,,not_found,,,0,,,,,,,,,
corkhomecleaning.ie,,,not_found,,,0,,,,,,,,,
corkmotorzcentre.ie,,,not_found,,,0,0,,Yes,cork,,,,,
corkpainter.ie,,,not_found,,,0,0,,Yes,"paint, cork",,,,,
corkschoolofdance.ie,,,not_found,,,0,,,,,,,,,
corkspiritualcelebrations.ie,,,not_found,,,0,,,Yes,cork,,,,,
corkspiritualceremonies.ie,,,not_found,,,0,,,Yes,cork,,,,,
corkwhiskeydistillery.ie,,,not_found,,,0,0,,Yes,cork,,,,,
corlea.ie,,,not_found,,,0,0,,No,,,,,,
corlealivestock.ie,,,not_found,,,0,,,No,,,,,,
corlesspharmacy.ie,,,not_found,,,0,0,,,,,,,,
cornflowermoon.ie,,,not_found,,,0,0,,No,,,,,,
corporateexperiences.ie,,,not_found,,,0,0,,,,,,,,
corporateroofing.ie,,,not_found,,,0,0,,,,,,,,
corporatewellnesstraining.ie,,,not_found,,,0,0,,Yes,"training, wellness",,,,,
corpser.ie,,,not_found,,,0,,,No,,,,,,
corribsingers.ie,,,not_found,,,0,,,No,,,,,,
corsium.ie,,,not_found,,,0,,,No,,,,,,
corsiumsuite.ie,,,not_found,,,0,,,No,,,,,,
cortex.ie,,,not_found,,,0,,,,,,,,,
cortexai.ie,,,not_found,,,0,0,,,,,,,,
corveragolf.ie,,,not_found,,,0,0,,,,,,,,
coservpro.ie,,,not_found,,,0,0,,,,,,,,
cosimo.ie,,,not_found,,,0,0,,No,,,,,,
cospacecoaching.ie,,,not_found,,,0,,,Yes,coaching,,,,,
costellos.ie,,,not_found,,,0,,,No,,,,,,
costmetricsdc.ie,,,not_found,,,0,0,,,,,,,,
cosyroom.ie,,,not_found,,,0,,,,,,,,,
countiesofireland.ie,,,not_found,,,0,0,,Yes,ireland,,,,,
countyclub.ie,,,not_found,,,0,,,,,,,,,
countywidedomestics.ie,,,not_found,,,0,,,,,,,,,
court-finder.ie,,,not_found,,,0,,,No,,,,,,
courtpix.ie,,,not_found,,,0,,,No,,,,,,
covebespoke.ie,,,not_found,,,0,,,No,,,,,,
covecabins.ie,,,not_found,,,0,0,,,,,,,,
coverd.ie,,,not_found,,,0,0,,No,,,,,,
coversure.ie,,,not_found,,,0,,,No,,,,,,
coveryourface.ie,,,not_found,,,0,0,,No,,,,,,
covidcover.ie,,,not_found,,,0,0,,No,,,,,,
cozyhomesdublin.ie,,,not_found,,,0,,,Yes,"dublin, home",,,,,
cpcases.ie,,,not_found,,,0,,,No,,,,,,
cpdireland.ie,,,not_found,,,0,0,,Yes,Cpd ireland (professional development),,,,,
cpiwholesale.ie,,,not_found,,,0,,,No,,,,,,
crackitstudy.ie,,,not_found,,,0,0,,No,,,,,,
craftcreation.ie,,,not_found,,,0,,,Yes,creation,,,,,
craftedspaces.ie,,,not_found,,,0,,,No,,,,,,
craftera.ie,,,not_found,,,0,0,,,,,,,,
craftybyme.ie,,,not_found,,,0,0,,,,,,,,
craftyclasses.ie,,,not_found,,,0,,,,,,,,,
craftyme.ie,,,not_found,,,0,0,,,,,,,,
craiconthecase.ie,,,not_found,,,0,0,,,,,,,,
craigkane.ie,,,not_found,,,0,0,,,,,,,,
craigmcshane.ie,,,not_found,,,0,,,No,,,,,,
crampease.ie,,,not_found,,,0,0,,,,,,,,
cranecrew.ie,,,not_found,,,0,0,,,,,,,,
craniosacraltraining.ie,,,not_found,,,0,0,,,,,,,,
crash-repairs.ie,,,not_found,,,0,,,,,,,,,
craving.ie,,,not_found,,,0,0,,No,,,,,,
crazyglazing.ie,,,not_found,,,0,,,No,,,,,,
crazyprices.ie,,,not_found,,,0,,,No,crazy prices,,,,,
creanltd.ie,,,not_found,,,0,0,,No,,,,,,
creatingmagic.ie,,,not_found,,,0,0,,,,,,,,
creationmove.ie,,,not_found,,,0,0,,Yes,creation,,,,,
creativechameleon.ie,,,not_found,,,0,0,,,,,,,,
creativecove.ie,,,not_found,,,0,,,Yes,creative,,,,,
creativepathways.ie,,,not_found,,,0,,,Yes,creative,,,,,
creativeplantscapes.ie,,,not_found,,,0,,,,,,,,,
creativewebsitedesign.ie,,,not_found,,,0,,,Yes,"creative, website, design",,,,,
creatly.ie,,,not_found,,,0,,,No,,,,,,
creditinsurance.ie,,,not_found,,,0,0,,,,,,,,
creditservicing.ie,,,not_found,,,0,0,,,,,,,,
cremationsgalway.ie,,,not_found,,,0,,,Yes,galway,,,,,
creminsolarenergy.ie,,,not_found,,,0,0,,No,,,,,,
crepecare.ie,,,not_found,,,0,,,Yes,care,,,,,
criminalsolicitors.ie,,,not_found,,,0,,,,,,,,,
crimsondecor.ie,,,not_found,,,0,0,,,,,,,,
criticalfriend.ie,,,not_found,,,0,,,No,,,,,,
criticalthinking.ie,,,not_found,,,0,0,,No,critical thinking,,,,,
croc.ie,,,not_found,,,0,,,No,,,,,,
croninconsulting.ie,,,not_found,,,0,,,Yes,consulting,,,,,
crossarch.ie,,,not_found,,,0,0,,No,,,,,,
crottyscorner.ie,,,not_found,,,0,0,,No,,,,,,
croughwoodretreat.ie,,,not_found,,,0,0,,Yes,wood,,,,,
crowdmanagement.ie,,,not_found,,,0,,,Yes,management,,,,,
crown-roofing.ie,,,not_found,,,0,0,,Yes,roofing,,,,,
crowtract.ie,,,not_found,,,0,0,,,,,,,,
crtr.ie,,,not_found,,,0,,,No,,,,,,
cruachanglan.ie,,,not_found,,,0,0,,,,,,,,
cruisesuite.ie,,,not_found,,,0,0,,,,,,,,
cruisetrips.ie,,,not_found,,,0,0,,,,,,,,
crush.ie,,,not_found,,,0,,,,,,,,,
crustandflame.ie,,,not_found,,,0,0,,,,,,,,
cryopromedical.ie,,,not_found,,,0,,,Yes,medical,,,,,
crystalcarlow.ie,,,not_found,,,0,,,Yes,carlow,,,,,
crystalhealer.ie,,,not_found,,,0,,,,,,,,,
crystaljewellersireland.ie,,,not_found,,,0,0,,,,,,,,
csfitness.ie,,,not_found,,,0,,,,,,,,,
csproject.ie,,,not_found,,,0,,,No,,,,,,
ctswholesaleireland.ie,,,not_found,,,0,,,Yes,ireland,,,,,
cualm.ie,,,not_found,,,0,0,,,,,,,,
cuanpractise.ie,,,not_found,,,0,0,,,,,,,,
cuetips.ie,,,not_found,,,0,0,,,,,,,,
cullinanewilliamscarsales.ie,,,not_found,,,0,,,Yes,sales,,,,,
culturebeat.ie,,,not_found,,,0,0,,,,,,,,
culturecatching.ie,,,not_found,,,0,0,,,,,,,,
cunninghamsofwestport.ie,,,not_found,,,0,,,,,,,,,
cunode.ie,,,not_found,,,0,,,No,,,,,,
cupcake.ie,,,not_found,,,0,0,,No,cup cake,,,,,
curamglas.ie,,,not_found,,,0,0,,,,,,,,
curraghhistory.ie,,,not_found,,,0,,,No,,,,,,
curryleafonline.ie,,,not_found,,,0,0,,,,,,,,
curvycouture.ie,,,not_found,,,0,,,No,,,,,,
custom3d.ie,,,not_found,,,0,,,No,,,,,,
customdecor.ie,,,not_found,,,0,0,,,,,,,,
cut-your-own-hair.ie,,,not_found,,,0,,,Yes,hair,,,,,
cvsvets.ie,,,not_found,,,0,,,,,,,,,
cxeireland.ie,,,not_found,,,0,,,Yes,ireland,,,,,
cyanite.ie,,,not_found,,,0,,,No,,,,,,
cyberfluent.ie,,,not_found,,,0,0,,,,,,,,
cybernetics.ie,,,not_found,,,0,0,,No,,,,,,
cybersecurityawardsireland.ie,,,not_found,,,0,,,Yes,"ireland, award",,,,,
cybersthool-moodle.ie,,,not_found,,,0,0,,,,,,,,
cycuda.ie,,,not_found,,,0,0,,,,,,,,
d12decor.ie,,,not_found,,,0,0,,,,,,,,
d12websites.ie,,,not_found,,,0,0,,,,,,,,
d2dpro.ie,,,not_found,,,0,0,,No,,,,,,
d8nightadventures.ie,,,not_found,,,0,0,,,,,,,,
dabpumps.ie,,,not_found,,,0,0,,No,,,,,,
daecafe.ie,,,not_found,,,0,0,,Yes,cafe,,,,,
dafty.ie,,,not_found,,,0,0,,,,,,,,
dailydeals.ie,,,not_found,,,0,58,1690,,,,,,2010-06-24,2022-01-12
daimler-ag.ie,,,not_found,,,0,0,,,,,,,,
dairlearning.ie,,,not_found,,,0,0,,,,,,,,
daisybellebaby.ie,,,not_found,,,0,,,,,,,,,
daisybellebeauty.ie,,,not_found,,,0,,,,,,,,,
daisybellewellness.ie,,,not_found,,,0,,,,,,,,,
dalkeyfitness.ie,,,not_found,,,0,,,Yes,fitness,,,,,
dalmacgrindsacademy.ie,,,not_found,,,0,0,,,,,,,,
daltai.ie,,,not_found,,,0,0,,,,,,,,
dalyautoworks.ie,,,not_found,,,0,,,Yes,"work, auto",,,,,
dalytyres.ie,,,not_found,,,0,0,,,,,,,,
dalzanemdor.ie,,,not_found,,,0,,,,,,,,,
damal.ie,,,not_found,,,0,0,,,,,,,,
damospizza.ie,,,not_found,,,0,,,No,,,,,,
dancebeforedark.ie,,,not_found,,,0,0,,No,,,,,,
dancestudio.ie,,,not_found,,,0,0,,Yes,studio,,,,,
dancestudioempire.ie,,,not_found,,,0,0,,,,,,,,
dandan.ie,,,not_found,,,0,0,,No,,,,,,
danielboyle.ie,,,not_found,,,0,0,,,,,,,,
dansdetailing.ie,,,not_found,,,0,,,,,,,,,
dapperclothing.ie,,,not_found,,,0,0,,No,,,,,,
dapperco.ie,,,not_found,,,0,0,,No,,,,,,
dare2beyou.ie,,,not_found,,,0,,,No,,,,,,
dareweartees.ie,,,not_found,,,0,,,No,,,,,,
dariacircus.ie,,,not_found,,,0,0,,Yes,aria,,,,,
darraghsdrivingschool.ie,,,not_found,,,0,,,Yes,school,,,,,
darrenwilliams.ie,,,not_found,,,0,,,,,,,,,
darwinlearning.ie,,,not_found,,,0,,,No,,,,,,
dashsandc.ie,,,not_found,,,0,,,No,,,,,,
dataengineer.ie,,,not_found,,,0,,,,,,,,,
datalab-staging.ie,,,not_found,,,0,0,,Yes,data,,,,,
dataprotectionlaw.ie,,,not_found,,,0,0,,Yes,data protection law,,,,,
dateroulette.ie,,,not_found,,,0,0,,No,,,,,,
daveoreillyfineart.ie,,,not_found,,,0,,,,,,,,,
davidgerulisphotography.ie,,,not_found,,,0,,,,,,,,,
davisfacades.ie,,,not_found,,,0,,,No,,,,,,
daylinker.ie,,,not_found,,,0,0,,,,,,,,
dayse.ie,,,not_found,,,0,0,,,,,,,,
daysoutireland.ie,,,not_found,,,0,0,,,,,,,,
dc-design.ie,,,not_found,,,0,0,,,,,,,,
dcautos.ie,,,not_found,,,0,,,Yes,auto,,,,,
dccoachingandfitness.ie,,,not_found,,,0,,,Yes,"coaching, fitness",,,,,
dccompositedoors.ie,,,not_found,,,0,,,,,,,,,
dccprint.ie,,,not_found,,,0,,,,,,,,,
dcep.ie,,,not_found,,,0,0,,,,,,,,
dcggrinds.ie,,,not_found,,,0,,,,,,,,,
dcjrigney.ie,,,not_found,,,0,0,,,,,,,,
dcmcevoyandsonsroofingltd.ie,,,not_found,,,0,0,,,,,,,,
dcsl.ie,,,not_found,,,0,0,,,,,,,,
ddl.ie,,,not_found,,,0,,,No,,,,,,
ddlapps.ie,,,not_found,,,0,,,,,,,,,
ddns.ie,,,not_found,,,0,,,No,,,,,,
ddsgroup.ie,,,not_found,,,0,0,,Yes,group,,,,,
ddwcolor.ie,,,not_found,,,0,0,,,,,,,,
ddwcolour.ie,,,not_found,,,0,0,,,,,,,,
de-cluttered.ie,,,not_found,,,0,,,No,,,,,,
dealdrop.ie,,,not_found,,,0,,,No,,,,,,
dealmakers.ie,,,not_found,,,0,0,,No,deal makers,,,,,
dean-johnston.ie,,,not_found,,,0,,,No,,,,,,
deansgrangecemetery.ie,,,not_found,,,0,0,,,,,,,,
debatable.ie,,,not_found,,,0,0,,,,,,,,
debeano.ie,,,not_found,,,0,,,No,,,,,,
deborahmartin.ie,,,not_found,,,0,,,No,,,,,,
debtcreeper.ie,,,not_found,,,0,0,,,,,,,,
deckingcarpentry.ie,,,not_found,,,0,0,,,,,,,,
deckwell.ie,,,not_found,,,0,0,,No,,,,,,
declanbradyelectrical.ie,,,not_found,,,0,0,,,,,,,,
declancarroll.ie,,,not_found,,,0,,,No,,,,,,
decontam.ie,,,not_found,,,0,0,,No,,,,,,
decorbhaile.ie,,,not_found,,,0,,,No,,,,,,
decorstudios.ie,,,not_found,,,0,0,,,,,,,,
dedegoldresolution.ie,,,not_found,,,0,,,Yes,solution,,,,,
deepadaptation.ie,,,not_found,,,0,,,No,,,,,,
deerhurst.ie,,,not_found,,,0,,,No,,,,,,
defamationsolicitors.ie,,,not_found,,,0,,,,,,,,,
defangthealgorithm.ie,,,not_found,,,0,0,,No,,,,,,
defcampus.ie,,,not_found,,,0,0,,No,,,,,,
defelt.ie,,,not_found,,,0,0,,,,,,,,
dehumidify.ie,,,not_found,,,0,,,,,,,,,
delart.ie,,,not_found,,,0,0,,,,,,,,
delaysmartphones.ie,,,not_found,,,0,0,,,,,,,,
delhirasoidunlaoghaire.ie,,,not_found,,,0,0,,,,,,,,
delihemp.ie,,,not_found,,,0,0,,No,,,,,,
dellstreak.ie,,,not_found,,,0,,,No,,,,,,
delpappastakeaway.ie,,,not_found,,,0,0,,Yes,away,,,,,
deltalinkeng.ie,,,not_found,,,0,0,,,,,,,,
deluxearoma.ie,,,not_found,,,0,,,No,,,,,,
demidoff.ie,,,not_found,,,0,0,,,,,,,,
denisedesign.ie,,,not_found,,,0,0,,,,,,,,
denismccarthyandsons.ie,,,not_found,,,0,0,,No,,,,,,
denissheehyarchitecture.ie,,,not_found,,,0,0,,Yes,architecture,,,,,
dental-implants-ireland.ie,,,not_found,,,0,,,Yes,"ireland, dental",,,,,
dentalcarts.ie,,,not_found,,,0,0,,,,,,,,
dentalnegligencesolicitors.ie,,,not_found,,,0,,,,,,,,,
dentalsolicitors.ie,,,not_found,,,0,,,,,,,,,
dentistnorthdublin.ie,,,not_found,,,0,0,,,,,,,,
dentistswords.ie,,,not_found,,,0,0,,Yes,dentist,,,,,
deran.ie,,,not_found,,,0,,,,,,,,,
derancapital.ie,,,not_found,,,0,,,,,,,,,
derekwalsh.ie,,,not_found,,,0,,,No,,,,,,
dermaform.ie,,,not_found,,,0,0,,,,,,,,
dermalift.ie,,,not_found,,,0,0,,,,,,,,
dermatic.ie,,,not_found,,,0,,,No,,,,,,
derondevancorkcc.ie,,,not_found,,,0,,,,,,,,,
derrybawnfarm.ie,,,not_found,,,0,0,,,,,,,,
deshibazar.ie,,,not_found,,,0,0,,No,,,,,,
designahoodie.ie,,,not_found,,,0,,,,,,,,,
designbyduncan.ie,,,not_found,,,0,0,,Yes,design,,,,,
designdock.ie,,,not_found,,,0,,,Yes,design,,,,,
designecology.ie,,,not_found,,,0,0,,,,,,,,
designerhandbags.ie,,,not_found,,,0,,,Yes,designer,,,,,
designinclusive.ie,,,not_found,,,0,0,,Yes,design,,,,,
deskearneyauctioneer.ie,,,not_found,,,0,0,,Yes,auction,,,,,
deskofm.ie,,,not_found,,,0,0,,,,,,,,
destinationwedding.ie,,,not_found,,,0,0,,,,,,,,
destinationweddings.ie,,,not_found,,,0,0,,,,,,,,
developapp.ie,,,not_found,,,0,0,,No,,,,,,
devicelab.ie,,,not_found,,,0,0,,,,,,,,
devisionconsulting.ie,,,not_found,,,0,,,Yes,consulting,,,,,
dexlalaw.ie,,,not_found,,,0,,,No,,,,,,
dexterbeef.ie,,,not_found,,,0,0,,,,,,,,
dfet.ie,,,not_found,,,0,0,,,,,,,,
dgreenbus.ie,,,not_found,,,0,,,Yes,green,,,,,
dhiol.ie,,,not_found,,,0,0,,,,,,,,
diamesou.ie,,,not_found,,,0,0,,,,,,,,
diamondautorental.ie,,,not_found,,,0,0,,,,,,,,
diamonddrillingsolutions.ie,,,not_found,,,0,,,Yes,solutions,,,,,
diamonddrivewayandroofing.ie,,,not_found,,,0,0,,Yes,roofing,,,,,
diatecdigital.ie,,,not_found,,,0,,,Yes,digital,,,,,
dictum.ie,,,not_found,,,0,,,No,,,,,,
digibear.ie,,,not_found,,,0,,,No,,,,,,
digitalden.ie,,,not_found,,,0,,,Yes,digital,,,,,
digitaldiscovery.ie,,,not_found,,,0,,,Yes,digital,,,,,
digitalmatters.ie,,,not_found,,,0,,,,,,,,,
digitalreport.ie,,,not_found,,,0,,,Yes,digital,,,,,
digitalsearch.ie,,,not_found,,,0,,,,,,,,,
digitalshellstudio.ie,,,not_found,,,0,0,,,,,,,,
digitalsites.ie,,,not_found,,,0,0,,Yes,digital,,,,,
digitalstrom.ie,,,not_found,,,0,0,,Yes,digital,,,,,
digium.ie,,,not_found,,,0,0,,,,,,,,
dinglefarmtours.ie,,,not_found,,,0,0,,Yes,tour,,,,,
dinocentre.ie,,,not_found,,,0,0,,,,,,,,
directschoolbooks.ie,,,not_found,,,0,0,,,,,,,,
directwatercremation.ie,,,not_found,,,0,,,No,,,,,,
dirtywindco.ie,,,not_found,,,0,,,No,,,,,,
dirtywindcompany.ie,,,not_found,,,0,,,No,,,,,,
disciplinarysolicitors.ie,,,not_found,,,0,,,,,,,,,
discover-kildare.ie,,,not_found,,,0,,,No,,,,,,
discreetanddistinct.ie,,,not_found,,,0,,,No,,,,,,
discreetlydistinct.ie,,,not_found,,,0,,,No,,,,,,
dismissal.ie,,,not_found,,,0,0,,,,,,,,
disneybooks.ie,,,not_found,,,0,0,,No,,,,,,
divorceehome.ie,,,not_found,,,0,,,Yes,home,,,,,
divorcelawyerdublin.ie,,,not_found,,,0,0,,,,,,,,
divorcesolicitorcork.ie,,,not_found,,,0,0,,Yes,"solicitor, cork",,,,,
divorcesolicitorlimerick.ie,,,not_found,,,0,0,,Yes,"solicitor, limerick",,,,,
divorcesolicitors.ie,,,not_found,,,0,,,,,,,,,
diyhelp.ie,,,not_found,,,0,0,,,,,,,,
djc.ie,,,not_found,,,0,,,No,,,,,,
djk.ie,,,not_found,,,0,,,No,,,,,,
djroofingandguttering.ie,,,not_found,,,0,0,,,,,,,,
djveventcentre.ie,,,not_found,,,0,,,Yes,event,,,,,
dkart.ie,,,not_found,,,0,,,No,,,,,,
dkbe.ie,,,not_found,,,0,,,No,,,,,,
dmarcer.ie,,,not_found,,,0,0,,,,,,,,
dmcservices.ie,,,not_found,,,0,,,,,,,,,
dmcsoftware.ie,,,not_found,,,0,,,,,,,,,
dmdits.ie,,,not_found,,,0,,,No,,,,,,
dmelecserv.ie,,,not_found,,,0,0,,,,,,,,
dmintegrations.ie,,,not_found,,,0,0,,No,,,,,,
dmsystemsolutions.ie,,,not_found,,,0,0,,,,,,,,
dnasalesnetwork.ie,,,not_found,,,0,0,,,,,,,,
dnf.ie,,,not_found,,,0,,,,,,,,,
dnmcleaning.ie,,,not_found,,,0,0,,,,,,,,
dobby.ie,,,not_found,,,0,,,No,,,,,,
dock84.ie,,,not_found,,,0,0,,No,,,,,,
dockanddoorengineering.ie,,,not_found,,,0,,,No,,,,,,
docketpro.ie,,,not_found,,,0,0,,,,,,,,
docklandsproperty.ie,,,not_found,,,0,0,,Yes,property,,,,,
doctor247on.ie,,,not_found,,,0,0,,,,,,,,
doctormikethevet.ie,,,not_found,,,0,0,,,,,,,,
doctorsnote.ie,,,not_found,,,0,,,,,,,,,
doctorssickcertificate.ie,,,not_found,,,0,,,,,,,,,
doctorssicknote.ie,,,not_found,,,0,,,,,,,,,
doctracs.ie,,,not_found,,,0,0,,,,,,,,
docuspeed.ie,,,not_found,,,0,,,No,,,,,,
dogaccessories.ie,,,not_found,,,0,0,,Yes,"accessories, dog",,,,,
dogandbonekennels.ie,,,not_found,,,0,0,,,,,,,,
dogfree.ie,,,not_found,,,0,0,,,,,,,,
dogfreeaccommodation.ie,,,not_found,,,0,0,,,,,,,,
doggear.ie,,,not_found,,,0,0,,No,,,,,,
doggett.ie,,,not_found,,,0,,,No,,,,,,
doggroom.ie,,,not_found,,,0,0,,,,,,,,
dognityweddings.ie,,,not_found,,,0,,,No,,,,,,
dogsbollocks.ie,,,not_found,,,0,0,,,,,,,,
dogsdirectory.ie,,,not_found,,,0,,,No,,,,,,
dogsitterdublin.ie,,,not_found,,,0,,,Yes,dublin,,,,,
dogsnotallowed.ie,,,not_found,,,0,0,,,,,,,,
dogzskool.ie,,,not_found,,,0,0,,No,,,,,,
dohertyinsurance.ie,,,not_found,,,0,,,Yes,insurance,,,,,
dohertysroofing.ie,,,not_found,,,0,,,Yes,roofing,,,,,
dolphinwedding.ie,,,not_found,,,0,0,,,,,,,,
domainleasing.ie,,,not_found,,,0,,,,,,,,,
domainnameshop.ie,,,not_found,,,0,,,No,,,,,,
domainoptionsireland.ie,,,not_found,,,0,,,Yes,ireland,,,,,
domoapps.ie,,,not_found,,,0,0,,No,,,,,,
donabaterepairs.ie,,,not_found,,,0,0,,Yes,repair,,,,,
donecandles.ie,,,not_found,,,0,0,,No,,,,,,
donedwardkitchens.ie,,,not_found,,,0,,,No,,,,,,
donegal-zen.ie,,,not_found,,,0,,,Yes,donegal,,,,,
donegalkayaking.ie,,,not_found,,,0,,,Yes,donegal,,,,,
donegalzen.ie,,,not_found,,,0,,,Yes,donegal,,,,,
donejob.ie,,,not_found,,,0,0,,,,,,,,
doneright.ie,,,not_found,,,0,0,,No,(services),,,,,
dontbrandme.ie,,,not_found,,,0,,,Yes,brand,,,,,
dontkillmyvibesalon.ie,,,not_found,,,0,0,,,,,,,,
doog.ie,,,not_found,,,0,,,No,,,,,,
doohn.ie,,,not_found,,,0,0,,,,,,,,
dooleyspharmacythesquare.ie,,,not_found,,,0,0,,,,,,,,
dooneyadvisory.ie,,,not_found,,,0,0,,,,,,,,
doopod.ie,,,not_found,,,0,,,No,,,,,,
doormonster.ie,,,not_found,,,0,0,,,,,,,,
dooyoo.ie,,,not_found,,,0,,,,,,,,,
dorial.ie,,,not_found,,,0,0,,No,,,,,,
doritossnackflicks.ie,,,not_found,,,0,0,,,,,,,,
dosaguas.ie,,,not_found,,,0,,,,,,,,,
dots.ie,,,not_found,,,0,0,,,,,,,,
doughandco.ie,,,not_found,,,0,,,No,,,,,,
douglaslimos.ie,,,not_found,,,0,,,,,,,,,
douglastowingandrecovery.ie,,,not_found,,,0,0,,,,,,,,
dowlingtravelmanagement.ie,,,not_found,,,0,,,,,,,,,
doylearchive.ie,,,not_found,,,0,,,,,,,,,
doyledigital.ie,,,not_found,,,0,,,Yes,digital,,,,,
doyleomalleyconsultants.ie,,,not_found,,,0,,,Yes,consultant,,,,,
doze.ie,,,not_found,,,0,0,,,,,,,,
dpsolutions.ie,,,not_found,,,0,0,,,,,,,,
dqequinereproduction.ie,,,not_found,,,0,0,,,,,,,,
dramahousestudios.ie,,,not_found,,,0,,,Yes,"studio, house",,,,,
draperyhaus.ie,,,not_found,,,0,0,,,,,,,,
draughtsman.ie,,,not_found,,,0,0,,,,,,,,
drbarbarasheil.ie,,,not_found,,,0,,,,,,,,,
drbarinder.ie,,,not_found,,,0,0,,,,,,,,
drbdesign.ie,,,not_found,,,0,,,Yes,design,,,,,
dreamlabs.ie,,,not_found,,,0,,,,,,,,,
dreamphotography.ie,,,not_found,,,0,,,,,,,,,
dreamprints.ie,,,not_found,,,0,0,,Yes,print,,,,,
dreamworld.ie,,,not_found,,,0,0,,No,,,,,,
dressmakers.ie,,,not_found,,,0,0,,No,,,,,,
driftbay.ie,,,not_found,,,0,,,,,,,,,
driftbits.ie,,,not_found,,,0,0,,,,,,,,
drillcon.ie,,,not_found,,,0,0,,No,,,,,,
drink-aware.ie,,,not_found,,,0,,,,,,,,,
drinkdrivingsolicitors.ie,,,not_found,,,0,,,,,,,,,
drinkelevate.ie,,,not_found,,,0,0,,No,,,,,,
drinkshero.ie,,,not_found,,,0,,,,,,,,,
drinksonme.ie,,,not_found,,,0,0,,No,,,,,,
driveai.ie,,,not_found,,,0,0,,,,,,,,
drivecopy.ie,,,not_found,,,0,,,No,,,,,,
drivedistributors.ie,,,not_found,,,0,,,No,,,,,,
driverstorage.ie,,,not_found,,,0,,,,,,,,,
drivewaysecure.ie,,,not_found,,,0,0,,,,,,,,
drivingschooldirectory.ie,,,not_found,,,0,0,,Yes,school,,,,,
drniallmoore.ie,,,not_found,,,0,0,,No,,,,,,
dromorewestparish.ie,,,not_found,,,0,0,,No,,,,,,
droneinspectioncompany.ie,,,not_found,,,0,,,No,,,,,,
dronerepair.ie,,,not_found,,,0,0,,,,,,,,
drsnote.ie,,,not_found,,,0,,,,,,,,,
druidvalley.ie,,,not_found,,,0,0,,,,,,,,
drumquinaccommodation.ie,,,not_found,,,0,,,Yes,accommodation,,,,,
drumquinaccomodation.ie,,,not_found,,,0,,,No,,,,,,
drytech-waterproofing.ie,,,not_found,,,0,0,,,,,,,,
drytechwaterproofing.ie,,,not_found,,,0,0,,,,,,,,
drywipes.ie,,,not_found,,,0,0,,No,,,,,,
dsd.ie,,,not_found,,,0,,,No,,,,,,
dsjoinery.ie,,,not_found,,,0,,,No,,,,,,
dubaiirishff.ie,,,not_found,,,0,,,Yes,irish,,,,,
dubaiirishfilmfestival.ie,,,not_found,,,0,,,Yes,"irish, film",,,,,
dublinairportvan.ie,,,not_found,,,0,,,Yes,dublin,,,,,
dublinalliance.ie,,,not_found,,,0,0,,,,,,,,
dublinbathpros.ie,,,not_found,,,0,,,,,,,,,
dublinbaycyclingcentre.ie,,,not_found,,,0,0,,,,,,,,
dublincitybreaks.ie,,,not_found,,,0,0,,Yes,dublin,,,,,
dublincityireland.ie,,,not_found,,,0,,,Yes,"ireland, dublin",,,,,
dublincitytillrolls.ie,,,not_found,,,0,0,,Yes,dublin,,,,,
dublincomedystore.ie,,,not_found,,,0,,,Yes,dublin,,,,,
dublincountytarmac.ie,,,not_found,,,0,,,,,,,,,
dublincurated.ie,,,not_found,,,0,,,Yes,dublin,,,,,
dublindesigned.ie,,,not_found,,,0,,,Yes,"dublin, design",,,,,
dublindiaries.ie,,,not_found,,,0,0,,,,,,,,
dublindivorcesolicitor.ie,,,not_found,,,0,,,Yes,"solicitor, dublin",,,,,
dublindoorrepairs.ie,,,not_found,,,0,,,,,,,,,
dublinerdiaries.ie,,,not_found,,,0,0,,,,,,,,
dublinertaxi.ie,,,not_found,,,0,,,Yes,dublin,,,,,
dublinfinewines.ie,,,not_found,,,0,,,Yes,dublin,,,,,
dublinfoodmarket.ie,,,not_found,,,0,,,Yes,"dublin, market, food",,,,,
dublinforklifts.ie,,,not_found,,,0,,,Yes,dublin,,,,,
dublinfurniturestores.ie,,,not_found,,,0,,,Yes,dublin,,,,,
dublinherbalistscare.ie,,,not_found,,,0,0,,Yes,"herbalist, dublin, care",,,,,
dublink.ie,,,not_found,,,0,,,Yes,dublin,,,,,
dublinlaser.ie,,,not_found,,,0,0,,,,,,,,
dublinlawyers.ie,,,not_found,,,0,0,,,,,,,,
dublinmassage.ie,,,not_found,,,0,0,,,,,,,,
dublinmeats.ie,,,not_found,,,0,0,,,,,,,,
dublinmenus.ie,,,not_found,,,0,0,,,,,,,,
dublinofficesupplies.ie,,,not_found,,,0,0,,Yes,dublin,,,,,
dublinovencleaning.ie,,,not_found,,,0,0,,,,,,,,
dublinpool.ie,,,not_found,,,0,0,,Yes,dublin,,,,,
dublinpropertymanagementcompany.ie,,,not_found,,,0,0,,Yes,"management, property, dublin",,,,,
dublinpublishinggroup.ie,,,not_found,,,0,0,,Yes,"publishing, dublin, group",,,,,
dublinroundtable.ie,,,not_found,,,0,0,,Yes,dublin,,,,,
dublins98-spin1038.ie,,,not_found,,,0,0,,,,,,,,
dublinselfstorage.ie,,,not_found,,,0,,,,,,,,,
dublinshedcompany.ie,,,not_found,,,0,0,,,,,,,,
dublinsmashburger.ie,,,not_found,,,0,0,,Yes,dublin,,,,,
dublintalesandtrails.ie,,,not_found,,,0,0,,,,,,,,
dublinwalkinggroup.ie,,,not_found,,,0,0,,,,,,,,
dublinwebdevcompany.ie,,,not_found,,,0,0,,,,,,,,
dublinwines.ie,,,not_found,,,0,0,,Yes,dublin,,,,,
dublonconstruction.ie,,,not_found,,,0,,,,,,,,,
dublongroup.ie,,,not_found,,,0,,,,,,,,,
dublonproperty.ie,,,not_found,,,0,,,,,,,,,
dude.ie,,,not_found,,,0,,,,,,,,,
duffliquor.ie,,,not_found,,,0,,,No,,,,,,
dulrabeo.ie,,,not_found,,,0,0,,,,,,,,
duludeddesign.ie,,,not_found,,,0,0,,,,,,,,
dumbphone.ie,,,not_found,,,0,0,,,,,,,,
dumplicious.ie,,,not_found,,,0,,,No,,,,,,
dundalkbusinesspark.ie,,,not_found,,,0,0,,,,,,,,
dundrumvillage.ie,,,not_found,,,0,0,,,,,,,,
dunmanwayparish.ie,,,not_found,,,0,0,,No,,,,,,
dunshaughlinpark.ie,,,not_found,,,0,0,,No,,,,,,
durkanconsulting.ie,,,not_found,,,0,,,Yes,consulting,,,,,
duval.ie,,,not_found,,,0,0,,,,,,,,
dveight.ie,,,not_found,,,0,0,,No,,,,,,
dwda.ie,,,not_found,,,0,0,,,,,,,,
dwyerfamilybutcher.ie,,,not_found,,,0,0,,,,,,,,
dxtr.ie,,,not_found,,,0,,,No,,,,,,
dxtraining.ie,,,not_found,,,0,0,,Yes,training,,,,,
dyland09.ie,,,not_found,,,0,,,,,,,,,
dynamicenvironmentalservices.ie,,,not_found,,,0,,,,,,,,,
dynamicsforce.ie,,,not_found,,,0,,,No,,,,,,
dyslexiasolutions.ie,,,not_found,,,0,0,,,,,,,,
e-boks.ie,,,not_found,,,0,,,,,,,,,
e-conveyance.ie,,,not_found,,,0,,,No,,,,,,
e-mymind.ie,,,not_found,,,0,0,,No,,,,,,
e-vrs.ie,,,not_found,,,0,,,No,,,,,,
e-wills.ie,,,not_found,,,0,0,,,,,,,,
eadaieile.ie,,,not_found,,,0,0,,No,,,,,,
eaglewood.ie,,,not_found,,,0,0,,Yes,wood,,,,,
ealtra.ie,,,not_found,,,0,0,,,,,,,,
eamonduffy.ie,,,not_found,,,0,0,,No,,,,,,
eamonfoleycoaching.ie,,,not_found,,,0,,,Yes,coaching,,,,,
early-o.ie,,,not_found,,,0,,,No,,,,,,
earlysignsofpregnancy.ie,,,not_found,,,0,0,,,,,,,,
earthenware.ie,,,not_found,,,0,,,,,,,,,
earthhouse.ie,,,not_found,,,0,,,,,,,,,
earwaxplus.ie,,,not_found,,,0,,,No,,,,,,
eas.ie,,,not_found,,,0,,,,,,,,,
eascuconsulting.ie,,,not_found,,,0,0,,Yes,consulting,,,,,
eastcoastalloysandtyres.ie,,,not_found,,,0,,,No,,,,,,
easybreath.ie,,,not_found,,,0,0,,No,,,,,,
easycpc.ie,,,not_found,,,0,,,No,,,,,,
easyescapestravel.ie,,,not_found,,,0,,,,,,,,,
easyflu.ie,,,not_found,,,0,0,,No,,,,,,
easyhats.ie,,,not_found,,,0,,,,,,,,,
easytexaluminium.ie,,,not_found,,,0,,,No,,,,,,
eatitaly.ie,,,not_found,,,0,0,,No,,,,,,
eatluso.ie,,,not_found,,,0,,,No,,,,,,
eboks.ie,,,not_found,,,0,,,,,,,,,
ebp.ie,,,not_found,,,0,,,No,,,,,,
ebsbanking.ie,,,not_found,,,0,,,,,,,,,
echoai.ie,,,not_found,,,0,,,,,,,,,
eclipsestudio.ie,,,not_found,,,0,,,,,,,,,
eco-king.ie,,,not_found,,,0,0,,No,,,,,,
ecocompare.ie,,,not_found,,,0,,,,,,,,,
ecoeire.ie,,,not_found,,,0,,,,,,,,,
ecoelectros.ie,,,not_found,,,0,0,,No,,,,,,
ecofloorcare.ie,,,not_found,,,0,,,Yes,"floor, care",,,,,
ecofriendlyhomes.ie,,,not_found,,,0,,,Yes,Eco friendly home,,,,,
ecohomeinsight.ie,,,not_found,,,0,0,,,,,,,,
ecohouseholds.ie,,,not_found,,,0,0,,,,,,,,
ecolining.ie,,,not_found,,,0,0,,,,,,,,
ecominsights.ie,,,not_found,,,0,0,,,,,,,,
ecommerceconsultantsltd.ie,,,not_found,,,0,,,,,,,,,
ecommerceexpo.ie,,,not_found,,,0,,,No,,,,,,
ecommerceexpoireland.ie,,,not_found,,,0,,,Yes,ireland,,,,,
ecomoda.ie,,,not_found,,,0,,,No,,,,,,
ecopaws.ie,,,not_found,,,0,0,,,,,,,,
ecophilicireland.ie,,,not_found,,,0,0,,Yes,ireland,,,,,
ecoproducts.ie,,,not_found,,,0,,,No,,,,,,
ecoproheating.ie,,,not_found,,,0,0,,,,,,,,
ecoriderz.ie,,,not_found,,,0,0,,,,,,,,
ecoshave.ie,,,not_found,,,0,,,No,,,,,,
ecosipco.ie,,,not_found,,,0,,,No,,,,,,
ecosocialsolutions.ie,,,not_found,,,0,,,,,,,,,
ecoupons.ie,,,not_found,,,0,0,,No,,,,,,
ecycle.ie,,,not_found,,,0,,,No,,,,,,
eczymja.ie,,,not_found,,,0,,,No,,,,,,
eddoyle.ie,,,not_found,,,0,0,,No,,,,,,
edengatecarwash.ie,,,not_found,,,0,,,No,,,,,,
edg.ie,,,not_found,,,0,,,,,,,,,
edge-port.ie,,,not_found,,,0,,,,,,,,,
edgedigital.ie,,,not_found,,,0,0,,,,,,,,
editgolf.ie,,,not_found,,,0,0,,No,,,,,,
edixsaddles.ie,,,not_found,,,0,0,,No,,,,,,
edslandscapingandpavingltd.ie,,,not_found,,,0,0,,Yes,"landscaping, paving",,,,,
edtlessons.ie,,,not_found,,,0,0,,No,,,,,,
edulink.ie,,,not_found,,,0,,,,,,,,,
edulinkhq.ie,,,not_found,,,0,,,,,,,,,
edusafecompliance.ie,,,not_found,,,0,0,,,,,,,,
edwardmartinarchitects.ie,,,not_found,,,0,0,,,,,,,,
efaflex.ie,,,not_found,,,0,0,,,,,,,,
effernockamendment.ie,,,not_found,,,0,0,,Yes,amendment,,,,,
eggchairs.ie,,,not_found,,,0,0,,,,,,,,
egrifta.ie,,,not_found,,,0,,,,,,,,,
egyptianmagic.ie,,,not_found,,,0,,,No,,,,,,
ehanddryers.ie,,,not_found,,,0,0,,,,,,,,
ehealth.ie,,,not_found,,,0,,,Yes,health,,,,,
eightdots.ie,,,not_found,,,0,0,,No,,,,,,
eimindcoach.ie,,,not_found,,,0,0,,,,,,,,
einvite.ie,,,not_found,,,0,,,No,,,,,,
einvoice.ie,,,not_found,,,0,,,No,invoice,,,,,
eiqmindcoach.ie,,,not_found,,,0,0,,,,,,,,
eircheck.ie,,,not_found,,,0,0,,No,,,,,,
eirecampervanhire.ie,,,not_found,,,0,0,,,,,,,,
eirecare.ie,,,not_found,,,0,,,Yes,care,,,,,
eirecert.ie,,,not_found,,,0,,,,,,,,,
eirefly.ie,,,not_found,,,0,0,,,,,,,,
eirelife.ie,,,not_found,,,0,,,No,,,,,,
eirelink.ie,,,not_found,,,0,,,,,,,,,
eiremov.ie,,,not_found,,,0,0,,No,,,,,,
eiretransport.ie,,,not_found,,,0,0,,Yes,sport,,,,,
eireum.ie,,,not_found,,,0,,,No,,,,,,
eirify.ie,,,not_found,,,0,0,,,,,,,,
eirlane.ie,,,not_found,,,0,,,No,,,,,,
eirospace.ie,,,not_found,,,0,,,No,,,,,,
eirprint.ie,,,not_found,,,0,,,Yes,print,,,,,
ej-register.ie,,,not_found,,,0,,,No,,,,,,
ej-registry.ie,,,not_found,,,0,,,No,,,,,,
ejflegalservices.ie,,,not_found,,,0,0,,Yes,"services, legal",,,,,
ejregistry.ie,,,not_found,,,0,,,No,,,,,,
elainedervinholistictherapies.ie,,,not_found,,,0,,,Yes,holistic,,,,,
elaq.ie,,,not_found,,,0,0,,,,,,,,
elastolith.ie,,,not_found,,,0,,,No,,,,,,
electrapac.ie,,,not_found,,,0,0,,No,,,,,,
electric-scooters.ie,,,not_found,,,0,,,,,,,,,
electricalsupplies.ie,,,not_found,,,0,,,Yes,electrical supplies,,,,,
electricskateboards.ie,,,not_found,,,0,0,,,,,,,,
elegantexpressions.ie,,,not_found,,,0,0,,,,,,,,
elementcoaching.ie,,,not_found,,,0,0,,,,,,,,
elevatecareeradvice.ie,,,not_found,,,0,0,,Yes,"advice, care",,,,,
elevatecarpentry.ie,,,not_found,,,0,,,Yes,carpentry,,,,,
elevatehomes.ie,,,not_found,,,0,,,Yes,home,,,,,
elevateot.ie,,,not_found,,,0,,,,,,,,,
elevatetiling.ie,,,not_found,,,0,0,,,,,,,,
elevatevaservices.ie,,,not_found,,,0,,,,,,,,,
elishagault.ie,,,not_found,,,0,0,,No,,,,,,
elistasicily.ie,,,not_found,,,0,,,,,,,,,
elite-lab.ie,,,not_found,,,0,0,,,,,,,,
elitefeaturewalls.ie,,,not_found,,,0,,,No,,,,,,
elitekitchenunits.ie,,,not_found,,,0,0,,,,,,,,
elitephysio.ie,,,not_found,,,0,,,Yes,physio,,,,,
elitewoodworks.ie,,,not_found,,,0,,,Yes,"wood, work",,,,,
elizabethandsteven.ie,,,not_found,,,0,,,No,,,,,,
elleredesign.ie,,,not_found,,,0,0,,,,,,,,
elorawellness.ie,,,not_found,,,0,,,Yes,wellness,,,,,
eloregems.ie,,,not_found,,,0,,,No,,,,,,
elpasaunas.ie,,,not_found,,,0,,,No,,,,,,
elpt.ie,,,not_found,,,0,0,,No,,,,,,
elton-drinks.ie,,,not_found,,,0,0,,No,,,,,,
eltondrinks.ie,,,not_found,,,0,0,,No,,,,,,
elungadesign.ie,,,not_found,,,0,0,,,,,,,,
elysianjewellery.ie,,,not_found,,,0,0,,No,,,,,,
elysiumjewellery.ie,,,not_found,,,0,0,,No,,,,,,
email-mangomedia.ie,,,not_found,,,0,0,,Yes,media,,,,,
email-size.ie,,,not_found,,,0,0,,No,,,,,,
emailfast.ie,,,not_found,,,0,0,,No,,,,,,
embedded.ie,,,not_found,,,0,0,,,,,,,,
emberhealth.ie,,,not_found,,,0,0,,Yes,health,,,,,
emcfoodconsultancy.ie,,,not_found,,,0,,,Yes,food,,,,,
emeraldbuildingsupplies.ie,,,not_found,,,0,,,,,,,,,
emeraldcircle.ie,,,not_found,,,0,,,,,,,,,
emeraldcourt.ie,,,not_found,,,0,,,,,,,,,
emeraldelectricalservices.ie,,,not_found,,,0,,,Yes,"electrical, services",,,,,
emeraldfootball.ie,,,not_found,,,0,,,No,,,,,,
emeraldhealth.ie,,,not_found,,,0,,,Yes,health,,,,,
emeraldleads.ie,,,not_found,,,0,,,,,,,,,
emeraldmedicalassignments.ie,,,not_found,,,0,,,Yes,medical,,,,,
emeraldmerch.ie,,,not_found,,,0,,,,,,,,,
emeraldpayroll.ie,,,not_found,,,0,0,,No,,,,,,
emeralds.ie,,,not_found,,,0,0,,,,,,,,
emeraldsafety.ie,,,not_found,,,0,,,,,,,,,
emeraldworkpermits.ie,,,not_found,,,0,,,,,,,,,
emergedanceco.ie,,,not_found,,,0,0,,No,,,,,,
emergehirelimited.ie,,,not_found,,,0,,,,,,,,,
emergencychef.ie,,,not_found,,,0,,,No,,,,,,
emergencydentistswords.ie,,,not_found,,,0,0,,Yes,dentist,,,,,
emergencysprayfoamremoval.ie,,,not_found,,,0,,,,,,,,,
emergencytreesurgeon.ie,,,not_found,,,0,,,,,,,,,
emmadaly.ie,,,not_found,,,0,,,No,,,,,,
emperor.ie,,,not_found,,,0,,,,,,,,,
empire-events.ie,,,not_found,,,0,,,Yes,events,,,,,
empirewedding.ie,,,not_found,,,0,,,No,,,,,,
employeebase.ie,,,not_found,,,0,,,,,,,,,
employerbranding-academy.ie,,,not_found,,,0,,,,,,,,,
employmentlawservices.ie,,,not_found,,,0,,,,,,,,,
empowerhealthandwellbeing.ie,,,not_found,,,0,,,,,,,,,
empoweringyoumediation.ie,,,not_found,,,0,,,,,,,,,
emxstudio.ie,,,not_found,,,0,0,,Yes,studio,,,,,
enableat.ie,,,not_found,,,0,,,,,,,,,
enablequality.ie,,,not_found,,,0,,,No,,,,,,
encrochatsolicitor.ie,,,not_found,,,0,,,Yes,solicitor,,,,,
endurance-store.ie,,,not_found,,,0,,,,,,,,,
energysystem.ie,,,not_found,,,0,,,,,,,,,
enerhome.ie,,,not_found,,,0,,,,,,,,,
enfieldpizzatakeaway.ie,,,not_found,,,0,0,,,,,,,,
engineeringequality.ie,,,not_found,,,0,,,No,engineering quality,,,,,
engineroomfitness.ie,,,not_found,,,0,,,Yes,"fitness, room",,,,,
englishdublin.ie,,,not_found,,,0,0,,,,,,,,
enhancers.ie,,,not_found,,,0,0,,,,,,,,
enneagraminsights.ie,,,not_found,,,0,,,No,,,,,,
enquiretoday.ie,,,not_found,,,0,,,No,,,,,,
enscribe.ie,,,not_found,,,0,,,No,,,,,,
ensize.ie,,,not_found,,,0,0,,,,,,,,
ensosustainability.ie,,,not_found,,,0,0,,No,,,,,,
enterprisecommunities.ie,,,not_found,,,0,,,No,,,,,,
enterprisehubs.ie,,,not_found,,,0,,,No,,,,,,
enterpriseitsolutions.ie,,,not_found,,,0,0,,,,,,,,
enterprisenetworks.ie,,,not_found,,,0,,,Yes,work,,,,,
enterpriserisk.ie,,,not_found,,,0,,,No,,,,,,
entexol.ie,,,not_found,,,0,0,,,,,,,,
entireprojectmanagement.ie,,,not_found,,,0,0,,,,,,,,
entrance.ie,,,not_found,,,0,0,,,,,,,,
entrepreneurrelief.ie,,,not_found,,,0,,,No,,,,,,
entworks.ie,,,not_found,,,0,,,Yes,work,,,,,
envelopetypingservices.ie,,,not_found,,,0,,,Yes,services,,,,,
envisionbuilding.ie,,,not_found,,,0,,,Yes,building,,,,,
envisionireland.ie,,,not_found,,,0,,,Yes,ireland,,,,,
eolai.ie,,,not_found,,,0,0,,,,,,,,
eph.ie,,,not_found,,,0,,,No,,,,,,
epick.ie,,,not_found,,,0,0,,,,,,,,
epoxy.ie,,,not_found,,,0,,,No,,,,,,
eprotek.ie,,,not_found,,,0,0,,,,,,,,
epsgroup.ie,,,not_found,,,0,0,,Yes,group,,,,,
eqadvantage.ie,,,not_found,,,0,0,,,,,,,,
eqmindcoach.ie,,,not_found,,,0,0,,,,,,,,
eqmindcoaching.ie,,,not_found,,,0,0,,,,,,,,
equate.ie,,,not_found,,,0,,,No,,,,,,
equi-balancebyshannon.ie,,,not_found,,,0,0,,No,,,,,,
equineacademy.ie,,,not_found,,,0,,,No,,,,,,
equinebistro.ie,,,not_found,,,0,0,,,,,,,,
equineeng.ie,,,not_found,,,0,0,,No,,,,,,
equinestaff.ie,,,not_found,,,0,0,,No,equine staff horse jobs,,,,,
equissentials.ie,,,not_found,,,0,,,No,,,,,,
equitaxsolutions.ie,,,not_found,,,0,0,,,,,,,,
erindempsey.ie,,,not_found,,,0,0,,No,,,,,,
erinlocum.ie,,,not_found,,,0,,,No,,,,,,
erinsownwc26.ie,,,not_found,,,0,,,No,,,,,,
eriu-health.ie,,,not_found,,,0,,,Yes,health,,,,,
eriufestival.ie,,,not_found,,,0,,,No,,,,,,
eriuhealth.ie,,,not_found,,,0,,,Yes,health,,,,,
erl.ie,,,not_found,,,0,,,,,,,,,
esc-tension.ie,,,not_found,,,0,,,No,,,,,,
esef.ie,,,not_found,,,0,0,,No,,,,,,
eservicecit.ie,,,not_found,,,0,0,,,,,,,,
eshe.ie,,,not_found,,,0,0,,,,,,,,
eskimopizzapassagewest.ie,,,not_found,,,0,,,,,,,,,
esmond.ie,,,not_found,,,0,,,No,,,,,,
essentialbarbersupplies.ie,,,not_found,,,0,,,Yes,barber,,,,,
essireland.ie,,,not_found,,,0,0,,,,,,,,
esupplies.ie,,,not_found,,,0,,,,,,,,,
esypsy.ie,,,not_found,,,0,,,,,,,,,
eternallove.ie,,,not_found,,,0,0,,,,,,,,
etone.ie,,,not_found,,,0,,,No,,,,,,
etx.ie,,,not_found,,,0,,,,,,,,,
eu-visa.ie,,,not_found,,,0,0,,,,,,,,
eu-visas.ie,,,not_found,,,0,0,,,,,,,,
euitsuppliers.ie,,,not_found,,,0,0,,,,,,,,
eunoiahealth.ie,,,not_found,,,0,0,,Yes,health,,,,,
eurocomach.ie,,,not_found,,,0,,,No,,,,,,
eurogreen.ie,,,not_found,,,0,0,,Yes,green,,,,,
euromotiveuk.ie,,,not_found,,,0,0,,,,,,,,
europewelfare.ie,,,not_found,,,0,0,,No,,,,,,
euros4clothes.ie,,,not_found,,,0,0,,No,,,,,,
euvisa.ie,,,not_found,,,0,0,,,,,,,,
euvisas.ie,,,not_found,,,0,0,,,,,,,,
evalara.ie,,,not_found,,,0,,,,,,,,,
evalarafashion.ie,,,not_found,,,0,0,,,,,,,,
evalu8.ie,,,not_found,,,0,,,No,,,,,,
evantideswell.ie,,,not_found,,,0,0,,No,,,,,,
evasalon.ie,,,not_found,,,0,0,,,,,,,,
evd.ie,,,not_found,,,0,,,,,,,,,
evenfall.ie,,,not_found,,,0,0,,,,,,,,
event-centre.ie,,,not_found,,,0,,,Yes,event,,,,,
eventbuddy.ie,,,not_found,,,0,,,,,,,,,
eventcrew.ie,,,not_found,,,0,0,,,,,,,,
eventphotography.ie,,,not_found,,,0,,,,,,,,,
eventsafety.ie,,,not_found,,,0,,,Yes,events,,,,,
eventscreens.ie,,,not_found,,,0,0,,,,,,,,
eventspace.ie,,,not_found,,,0,0,,Yes,event space,,,,,
eventstream.ie,,,not_found,,,0,,,Yes,event stream,,,,,
eventure.ie,,,not_found,,,0,,,,,,,,,
eventx.ie,,,not_found,,,0,,,Yes,event,,,,,
evergrid.ie,,,not_found,,,0,,,No,,,,,,
everlastcleaningandpainting.ie,,,not_found,,,0,0,,Yes,"cleaning, painting",,,,,
everlastguttersandroofing.ie,,,not_found,,,0,0,,Yes,roofing,,,,,
everrly.ie,,,not_found,,,0,,,No,,,,,,
everydaytechgear.ie,,,not_found,,,0,0,,,,,,,,
everyfix.ie,,,not_found,,,0,0,,No,,,,,,
evesconstruction.ie,,,not_found,,,0,,,Yes,construction,,,,,
eviation.ie,,,not_found,,,0,,,,,,,,,
evolvd.ie,,,not_found,,,0,0,,,,,,,,
ewills.ie,,,not_found,,,0,0,,,,,,,,
exactcore.ie,,,not_found,,,0,,,No,,,,,,
exactfitness.ie,,,not_found,,,0,0,,Yes,fitness,,,,,
exactushr.ie,,,not_found,,,0,,,No,,,,,,
exammate.ie,,,not_found,,,0,0,,No,,,,,,
excuses.ie,,,not_found,,,0,0,,,,,,,,
execsearch.ie,,,not_found,,,0,,,No,,,,,,
executiveoffice.ie,,,not_found,,,0,0,,No,,,,,,
executiveroofing.ie,,,not_found,,,0,0,,Yes,roofing,,,,,
exit12.ie,,,not_found,,,0,,,No,,,,,,
exitwatersports.ie,,,not_found,,,0,0,,,,,,,,
exoticcuts.ie,,,not_found,,,0,0,,No,,,,,,
exova.ie,,,not_found,,,0,0,,,,,,,,
experiment.ie,,,not_found,,,0,,,No,experiment,,,,,
experimental.ie,,,not_found,,,0,0,,,,,,,,
expert-campaign.ie,,,not_found,,,0,0,,,,,,,,
expertfeaturewalls.ie,,,not_found,,,0,0,,,,,,,,
exploreeire.ie,,,not_found,,,0,0,,No,,,,,,
explorehowthcastle.ie,,,not_found,,,0,0,,No,,,,,,
express-courses.ie,,,not_found,,,0,0,,No,,,,,,
expressdpf.ie,,,not_found,,,0,0,,,,,,,,
expressdpfcleaning.ie,,,not_found,,,0,0,,,,,,,,
expressdrycleaners.ie,,,not_found,,,0,0,,Yes,clean,,,,,
exteriorcare.ie,,,not_found,,,0,0,,Yes,care,,,,,
eyesandmore.ie,,,not_found,,,0,0,,,,,,,,
ezads.ie,,,not_found,,,0,0,,,,,,,,
ezmotors.ie,,,not_found,,,0,,,No,,,,,,
faace.ie,,,not_found,,,0,,,No,,,,,,
facecare.ie,,,not_found,,,0,,,Yes,care,,,,,
facilio.ie,,,not_found,,,0,,,No,,,,,,
facilitypro.ie,,,not_found,,,0,,,No,,,,,,
facingit.ie,,,not_found,,,0,,,,,,,,,
facom-workwear.ie,,,not_found,,,0,0,,,,,,,,
facultyoflight.ie,,,not_found,,,0,0,,No,,,,,,
faema.ie,,,not_found,,,0,0,,No,,,,,,
fain-elevators.ie,,,not_found,,,0,0,,,,,,,,
fairviewdoctors.ie,,,not_found,,,0,,,Yes,doctor,,,,,
fairyfortforager.ie,,,not_found,,,0,0,,No,,,,,,
fairytaleofdundalk.ie,,,not_found,,,0,0,,,,,,,,
faisun.ie,,,not_found,,,0,,,No,,,,,,
fakestreetns.ie,,,not_found,,,0,,,No,,,,,,
falkeasafetycompliance.ie,,,not_found,,,0,0,,,,,,,,
falllonsme.ie,,,not_found,,,0,0,,No,,,,,,
familycare247.ie,,,not_found,,,0,0,,,,,,,,
familycareonline.ie,,,not_found,,,0,,,,,,,,,
familylawdublin.ie,,,not_found,,,0,,,Yes,"dublin, family law",,,,,
familyplanningclinic.ie,,,not_found,,,0,0,,Yes,clinic,,,,,
familysolicitor.ie,,,not_found,,,0,0,,,,,,,,
fanningstownconstruction.ie,,,not_found,,,0,0,,Yes,construction,,,,,
fantasyfairways.ie,,,not_found,,,0,0,,,,,,,,
fantasyhorseracing.ie,,,not_found,,,0,0,,No,,,,,,
fantasysports.ie,,,not_found,,,0,,,Yes,sports,,,,,
faolan.ie,,,not_found,,,0,0,,,,,,,,
farewellplanner.ie,,,not_found,,,0,0,,,,,,,,
farmerbrownes.ie,,,not_found,,,0,,,No,,,,,,
farmingparts.ie,,,not_found,,,0,,,Yes,"Farming, parts",,,,,
farmmatch.ie,,,not_found,,,0,,,,,,,,,
farmout.ie,,,not_found,,,0,0,,,,,,,,
farsoundentalclinic.ie,,,not_found,,,0,0,,,,,,,,
fashionfactory.ie,,,not_found,,,0,,,No,,,,,,
fastfitness.ie,,,not_found,,,0,,,Yes,fitness,,,,,
fastnetferries.ie,,,not_found,,,0,,,No,,,,,,
fastnetferry.ie,,,not_found,,,0,,,No,,,,,,
fastnetfood.ie,,,not_found,,,0,0,,,,,,,,
fastnetfoods.ie,,,not_found,,,0,0,,,,,,,,
fastwayit.ie,,,not_found,,,0,0,,,,,,,,
fastwayonline.ie,,,not_found,,,0,0,,,,,,,,
fastwaysupport.ie,,,not_found,,,0,0,,,,,,,,
fattony.ie,,,not_found,,,0,,,No,,,,,,
fatty.ie,,,not_found,,,0,,,No,,,,,,
fcei.ie,,,not_found,,,0,0,,,,,,,,
fearghal.ie,,,not_found,,,0,0,,,,,,,,
fearofdentist.ie,,,not_found,,,0,0,,,,,,,,
featherandfold.ie,,,not_found,,,0,,,,,,,,,
feature.ie,,,not_found,,,0,,,,,,,,,
featured.ie,,,not_found,,,0,,,,,,,,,
feckin.ie,,,not_found,,,0,,,No,,,,,,
feed-ireland.ie,,,not_found,,,0,,,,,,,,,
feedireland.ie,,,not_found,,,0,,,,,,,,,
feelingfirst.ie,,,not_found,,,0,,,,,,,,,
feelingsfirst.ie,,,not_found,,,0,,,,,,,,,
feine.ie,,,not_found,,,0,0,,No,,,,,,
feirmgo.ie,,,not_found,,,0,,,,,,,,,
feltrimlandscapes.ie,,,not_found,,,0,0,,Yes,landscape,,,,,
fenerbahce.ie,,,not_found,,,0,,,No,,,,,,
fergusons.ie,,,not_found,,,0,0,,,,,,,,
fermentium.ie,,,not_found,,,0,0,,No,,,,,,
fernhaven.ie,,,not_found,,,0,0,,,,,,,,
ferrygogo.ie,,,not_found,,,0,0,,,,,,,,
fertilico.ie,,,not_found,,,0,0,,,,,,,,
fertilityboost.ie,,,not_found,,,0,0,,No,,,,,,
fertilitylaser.ie,,,not_found,,,0,0,,,,,,,,
fertilitysupport.ie,,,not_found,,,0,0,,No,,,,,,
fhrs.ie,,,not_found,,,0,0,,,,,,,,
fiadhscience.ie,,,not_found,,,0,0,,,,,,,,
fiascience.ie,,,not_found,,,0,0,,,,,,,,
fibretastic.ie,,,not_found,,,0,0,,,,,,,,
fibrevaleltd.ie,,,not_found,,,0,0,,No,,,,,,
fieldandsea.ie,,,not_found,,,0,0,,,,,,,,
fieldfirst.ie,,,not_found,,,0,,,,,,,,,
fieldfootballs.ie,,,not_found,,,0,,,No,,,,,,
fieldlab.ie,,,not_found,,,0,0,,,,,,,,
fieldrs.ie,,,not_found,,,0,,,No,,,,,,
fieldsports.ie,,,not_found,,,0,,,Yes,sports,,,,,
fieldsure.ie,,,not_found,,,0,0,,No,,,,,,
fiestadesigns.ie,,,not_found,,,0,0,,,,,,,,
fiestalatina.ie,,,not_found,,,0,,,,,,,,,
fighterberry.ie,,,not_found,,,0,,,No,,,,,,
figtree.ie,,,not_found,,,0,,,No,,,,,,
filament.ie,,,not_found,,,0,0,,,,,,,,
filamentor.ie,,,not_found,,,0,0,,,,,,,,
filminlimerick.ie,,,not_found,,,0,0,,Yes,"limerick, film",,,,,
filmmaker.ie,,,not_found,,,0,0,,,,,,,,
filmorama.ie,,,not_found,,,0,,,,,,,,,
filovena.ie,,,not_found,,,0,0,,No,,,,,,
finalfarewell.ie,,,not_found,,,0,0,,No,,,,,,
finance-firstireland.ie,,,not_found,,,0,,,Yes,"finance, ireland",,,,,
find-acupuncture.ie,,,not_found,,,0,0,,,,,,,,
findaccountant.ie,,,not_found,,,0,0,,Yes,accountant,,,,,
findacelebrant.ie,,,not_found,,,0,,,No,celebrant (weddings),,,,,
findacelebrantireland.ie,,,not_found,,,0,,,Yes,celebrant (weddings),,,,,
findachef.ie,,,not_found,,,0,,,No,chef (jobs),,,,,
findacupuncture.ie,,,not_found,,,0,0,,,,,,,,
findapro.ie,,,not_found,,,0,,,No,pro (jobs),,,,,
finddublin.ie,,,not_found,,,0,0,,Yes,dublin,,,,,
findingfocus.ie,,,not_found,,,0,0,,,,,,,,
findmyfarmshop.ie,,,not_found,,,0,,,Yes,farmshop,,,,,
findmypension.ie,,,not_found,,,0,0,,,,,,,,
findservices.ie,,,not_found,,,0,,,,,,,,,
findthefunny.ie,,,not_found,,,0,0,,No,,,,,,
findtrade.ie,,,not_found,,,0,0,,No,,,,,,
findyouraura.ie,,,not_found,,,0,,,No,,,,,,
finearttradeguild.ie,,,not_found,,,0,,,No,,,,,,
fineedgecontracts.ie,,,not_found,,,0,,,Yes,contract,,,,,
fineliving.ie,,,not_found,,,0,,,No,,,,,,
fineridedetails.ie,,,not_found,,,0,,,No,,,,,,
fingalcafe.ie,,,not_found,,,0,0,,,,,,,,
finlay-dunboyne.ie,,,not_found,,,0,,,,,,,,,
finnandfire.ie,,,not_found,,,0,,,No,,,,,,
finneganengineering.ie,,,not_found,,,0,0,,,,,,,,
finnpartners.ie,,,not_found,,,0,,,No,,,,,,
finova.ie,,,not_found,,,0,0,,,,,,,,
fintrs.ie,,,not_found,,,0,,,,,,,,,
finugeweekend.ie,,,not_found,,,0,0,,,,,,,,
fionahaughey.ie,,,not_found,,,0,0,,No,,,,,,
firdaus.ie,,,not_found,,,0,,,No,,,,,,
fireandsmokecurtainsireland.ie,,,not_found,,,0,0,,Yes,ireland,,,,,
firedoor-surveys.ie,,,not_found,,,0,,,No,,,,,,
firedoor.ie,,,not_found,,,0,,,,,,,,,
firedoorcentre.ie,,,not_found,,,0,0,,,,,,,,
fireprotecta.ie,,,not_found,,,0,0,,,,,,,,
firmfixroofing.ie,,,not_found,,,0,0,,Yes,roofing,,,,,
firstclasscleaningandgardening.ie,,,not_found,,,0,,,Yes,"gardening, cleaning",,,,,
firstclean.ie,,,not_found,,,0,0,,,,,,,,
firsthealthinnovations.ie,,,not_found,,,0,0,,Yes,health,,,,,
fishdisplaycounters.ie,,,not_found,,,0,,,No,,,,,,
fitandfix.ie,,,not_found,,,0,,,No,,,,,,
fitas.ie,,,not_found,,,0,,,No,,,,,,
fitfinderccorporate.ie,,,not_found,,,0,0,,,,,,,,
fitfixfoods.ie,,,not_found,,,0,,,Yes,food,,,,,
fitmyheatpump.ie,,,not_found,,,0,0,,No,heatpump,,,,,
fitnation.ie,,,not_found,,,0,0,,No,,,,,,
fitzzone.ie,,,not_found,,,0,,,No,,,,,,
fivefriendssauna.ie,,,not_found,,,0,,,No,,,,,,
fivepharma.ie,,,not_found,,,0,0,,No,,,,,,
fix2u.ie,,,not_found,,,0,,,No,,,,,,
fixbadcredit.ie,,,not_found,,,0,0,,No,,,,,,
fixfinder.ie,,,not_found,,,0,,,No,,,,,,
fixitspares.ie,,,not_found,,,0,0,,No,,,,,,
fixme.ie,,,not_found,,,0,,,No,,,,,,
fixmyheatpump.ie,,,not_found,,,0,0,,No,,,,,,
fixpoint.ie,,,not_found,,,0,0,,,,,,,,
fixsolutions.ie,,,not_found,,,0,0,,Yes,solutions,,,,,
fixwave.ie,,,not_found,,,0,,,No,,,,,,
fixwavenetwork.ie,,,not_found,,,0,,,Yes,work,,,,,
fizzlybear.ie,,,not_found,,,0,,,No,,,,,,
flagsandbanners.ie,,,not_found,,,0,,,No,,,,,,
flamegame.ie,,,not_found,,,0,0,,,,,,,,
flamelesscremation.ie,,,not_found,,,0,,,No,,,,,,
flashsale48.ie,,,not_found,,,0,,,No,,,,,,
flask.ie,,,not_found,,,0,0,,,,,,,,
flasks.ie,,,not_found,,,0,0,,,,,,,,
flatfee.ie,,,not_found,,,0,0,,No,,,,,,
flawlessvision.ie,,,not_found,,,0,0,,,,,,,,
flexible.ie,,,not_found,,,0,,,,,,,,,
flexibleprotectivepackaging.ie,,,not_found,,,0,0,,No,,,,,,
flexsourcemanagedservices.ie,,,not_found,,,0,,,Yes,services,,,,,
flexsourcems.ie,,,not_found,,,0,,,No,,,,,,
flexzon.ie,,,not_found,,,0,0,,No,,,,,,
flickmedia.ie,,,not_found,,,0,0,,,,,,,,
flightmobilephoneholder.ie,,,not_found,,,0,,,No,,,,,,
flightphoneholder.ie,,,not_found,,,0,,,No,,,,,,
flik.ie,,,not_found,,,0,0,,No,,,,,,
floatationtherapyireland.ie,,,not_found,,,0,,,Yes,"therapy, ireland",,,,,
floodmaster.ie,,,not_found,,,0,0,,,,,,,,
flooringoptions.ie,,,not_found,,,0,0,,Yes,flooring,,,,,
floors2new.ie,,,not_found,,,0,0,,,,,,,,
floraltreats.ie,,,not_found,,,0,,,No,,,,,,
flori.ie,,,not_found,,,0,,,No,,,,,,
flowersandwitches.ie,,,not_found,,,0,0,,No,,,,,,
flowerstoyou.ie,,,not_found,,,0,0,,No,flowers,,,,,
flush-wiser.ie,,,not_found,,,0,,,No,,,,,,
flybynight.ie,,,not_found,,,0,,,No,,,,,,
flyingcode.ie,,,not_found,,,0,3,613,No,,,,,2023-07-14,2024-12-24
flyingsaucery.ie,,,not_found,,,0,0,,,,,,,,
flyscreensireland.ie,,,not_found,,,0,0,,Yes,ireland,,,,,
flythecoast.ie,,,not_found,,,0,0,,,,,,,,
flytobuyireland.ie,,,not_found,,,0,0,,Yes,ireland,,,,,
fmlink.ie,,,not_found,,,0,,,No,,,,,,
fneff.ie,,,not_found,,,0,,,No,,,,,,
focalpointcoaching.ie,,,not_found,,,0,0,,Yes,coaching,,,,,
fof.ie,,,not_found,,,0,,,,,,,,,
fohnvault.ie,,,not_found,,,0,,,No,,,,,,
foirfebeauty.ie,,,not_found,,,0,,,Yes,beauty,,,,,
follainepottery.ie,,,not_found,,,0,,,No,,,,,,
follainperformance.ie,,,not_found,,,0,,,Yes,performance,,,,,
foneconnection.ie,,,not_found,,,0,0,,,,,,,,
fonematters.ie,,,not_found,,,0,,,No,,,,,,
foodgloriousfooddublin.ie,,,not_found,,,0,0,,Yes,"dublin, food",,,,,
foodreel.ie,,,not_found,,,0,0,,,,,,,,
foodtoyou.ie,,,not_found,,,0,0,,Yes,food,,,,,
forandagainst.ie,,,not_found,,,0,,,,,,,,,
forefrontenergysolutions.ie,,,not_found,,,0,,,Yes,solutions,,,,,
forestroadlrd.ie,,,not_found,,,0,,,,,,,,,
foreverdrivewayandpaving.ie,,,not_found,,,0,,,,,,,,,
foreverfree.ie,,,not_found,,,0,,,No,,,,,,
forevernew.ie,,,not_found,,,0,0,,No,,,,,,
forgedbystorms.ie,,,not_found,,,0,,,,,,,,,
forgelabs.ie,,,not_found,,,0,,,No,,,,,,
forkliftbatteries.ie,,,not_found,,,0,,,,,,,,,
formats.ie,,,not_found,,,0,,,,,,,,,
forme.ie,,,not_found,,,0,,,No,,,,,,
formfunction.ie,,,not_found,,,0,,,,,,,,,
formirishcompany.ie,,,not_found,,,0,,,Yes,irish company formation,,,,,
formity.ie,,,not_found,,,0,0,,No,,,,,,
forsafailteireland.ie,,,not_found,,,0,,,Yes,ireland,,,,,
forthewedding.ie,,,not_found,,,0,,,,,,,,,
fotabomb.ie,,,not_found,,,0,0,,No,,,,,,
founders-ri.ie,,,not_found,,,0,,,,,,,,,
fourcourts100.ie,,,not_found,,,0,,,,,,,,,
fourormore.ie,,,not_found,,,0,,,No,,,,,,
fourpillars.ie,,,not_found,,,0,,,No,,,,,,
fourpro.ie,,,not_found,,,0,,,,,,,,,
fourshoreadventures.ie,,,not_found,,,0,0,,No,,,,,,
foursquarepharma.ie,,,not_found,,,0,,,,,,,,,
fourthlane.ie,,,not_found,,,0,,,,,,,,,
foxglovefurniture.ie,,,not_found,,,0,,,,,,,,,
foxroboticlawnmowers.ie,,,not_found,,,0,,,,,,,,,
foyleinternational.ie,,,not_found,,,0,,,,,,,,,
foylifting.ie,,,not_found,,,0,,,,,,,,,
fractionalexecutives.ie,,,not_found,,,0,,,Yes,fractional executives (jobs),,,,,
frakt1.ie,,,not_found,,,0,,,No,,,,,,
frameyourmedal.ie,,,not_found,,,0,,,,,,,,,
frankemedical.ie,,,not_found,,,0,0,,,,,,,,
franwellbeerfest.ie,,,not_found,,,0,0,,No,,,,,,
freebetoffers.ie,,,not_found,,,0,,,No,,,,,,
freebie.ie,,,not_found,,,0,21,3816,No,free,,,,2003-10-04,2016-03-18
freedomofconscience.ie,,,not_found,,,0,0,,,,,,,,
freekick.ie,,,not_found,,,0,0,,No,,,,,,
frendle.ie,,,not_found,,,0,0,,,,,,,,
freshfarmhouse.ie,,,not_found,,,0,0,,,,,,,,
freshfit.ie,,,not_found,,,0,0,,,,,,,,
freshstartbyduffy.ie,,,not_found,,,0,,,No,,,,,,
freshwater.ie,,,not_found,,,0,0,,,,,,,,
friarstowngardencentre.ie,,,not_found,,,0,,,Yes,garden,,,,,
friarstownhousegardencentre.ie,,,not_found,,,0,0,,,,,,,,
fridayagency.ie,,,not_found,,,0,,,Yes,agency,,,,,
friendsofthedromore.ie,,,not_found,,,0,,,No,,,,,,
fringes.ie,,,not_found,,,0,,,No,,,,,,
frizzlybear.ie,,,not_found,,,0,,,No,,,,,,
fronta.ie,,,not_found,,,0,,,No,,,,,,
frontier-agritech.ie,,,not_found,,,0,,,,,,,,,
frontline-de.ie,,,not_found,,,0,0,,,,,,,,
frontline-energy.ie,,,not_found,,,0,0,,,,,,,,
frontline-fm.ie,,,not_found,,,0,0,,,,,,,,
frontline-hvac.ie,,,not_found,,,0,0,,,,,,,,
frontlineaccounts.ie,,,not_found,,,0,0,,,,,,,,
fspsurveyors.ie,,,not_found,,,0,,,,,,,,,
ftmg.ie,,,not_found,,,0,,,,,,,,,
fuegoflow.ie,,,not_found,,,0,,,No,,,,,,
fuehairtransplant.ie,,,not_found,,,0,,,Yes,hair,,,,,
fullcirclefurniture.ie,,,not_found,,,0,0,,,,,,,,
fulldisclosure.ie,,,not_found,,,0,0,,,,,,,,
fullpanel.ie,,,not_found,,,0,,,No,,,,,,
fullpotential.ie,,,not_found,,,0,,,No,,,,,,
fullstackconsulting.ie,,,not_found,,,0,,,Yes,consulting,,,,,
functionalnutritionists.ie,,,not_found,,,0,,,,,,,,,
funeralplans.ie,,,not_found,,,0,,,No,,,,,,
funexplore.ie,,,not_found,,,0,,,No,,,,,,
fungisuppliments.ie,,,not_found,,,0,,,No,,,,,,
funkiefeetcastlescork.ie,,,not_found,,,0,,,Yes,cork,,,,,
funkybuskers.ie,,,not_found,,,0,,,No,,,,,,
funkyflora.ie,,,not_found,,,0,0,,No,,,,,,
funkyfox.ie,,,not_found,,,0,0,,,,,,,,
funkyfurniture.ie,,,not_found,,,0,,,,,,,,,
funkyrepublic.ie,,,not_found,,,0,0,,No,,,,,,
funnyhoney.ie,,,not_found,,,0,,,No,,,,,,
funnywear.ie,,,not_found,,,0,0,,,,,,,,
funoga.ie,,,not_found,,,0,0,,,,,,,,
funskillsacademy.ie,,,not_found,,,0,,,No,,,,,,
furlongcalibration.ie,,,not_found,,,0,,,No,,,,,,
furnitureinireland.ie,,,not_found,,,0,0,,Yes,ireland,,,,,
furnitureoptions.ie,,,not_found,,,0,0,,No,,,,,,
futurechainlabs.ie,,,not_found,,,0,0,,,,,,,,
futuredata.ie,,,not_found,,,0,0,,,,,,,,
futureelectrics.ie,,,not_found,,,0,0,,,,,,,,
futuregenerationenegry.ie,,,not_found,,,0,,,No,,,,,,
futureluxurywalls.ie,,,not_found,,,0,0,,,,,,,,
futurenergy.ie,,,not_found,,,0,0,,,,,,,,
futureproofguidance.ie,,,not_found,,,0,,,,,,,,,
futuresorted.ie,,,not_found,,,0,,,,,,,,,
futuretek.ie,,,not_found,,,0,0,,No,,,,,,
futurewisewindows.ie,,,not_found,,,0,,,No,,,,,,
fvtm.ie,,,not_found,,,0,,,No,,,,,,
fwcc.ie,,,not_found,,,0,,,No,,,,,,
fwhite.ie,,,not_found,,,0,0,,,,,,,,
fxlogistics.ie,,,not_found,,,0,,,No,,,,,,
fyke.ie,,,not_found,,,0,,,No,,,,,,
gaainsoles.ie,,,not_found,,,0,,,,,,,,,
gaaorthotics.ie,,,not_found,,,0,,,,,,,,,
gaatitan.ie,,,not_found,,,0,,,,,,,,,
gaatours.ie,,,not_found,,,0,0,,,,,,,,
gaatrainingballs.ie,,,not_found,,,0,,,Yes,training,,,,,
gaatshirts.ie,,,not_found,,,0,,,,,,,,,
gabaja.ie,,,not_found,,,0,,,,,,,,,
gadgethut.ie,,,not_found,,,0,0,,,,,,,,
gaeilgenua.ie,,,not_found,,,0,0,,,,,,,,
gaelicdigital.ie,,,not_found,,,0,0,,Yes,digital,,,,,
gaeltechsolutions.ie,,,not_found,,,0,,,,,,,,,
gaelu.ie,,,not_found,,,0,,,,,,,,,
gahanmeat.ie,,,not_found,,,0,0,,,,,,,,
gailbhe.ie,,,not_found,,,0,,,No,,,,,,
galax.ie,,,not_found,,,0,0,,,,,,,,
galconbuilders.ie,,,not_found,,,0,0,,,,,,,,
galliganconstruction.ie,,,not_found,,,0,0,,,,,,,,
galvosgardening.ie,,,not_found,,,0,,,,,,,,,
galvosolutions.ie,,,not_found,,,0,,,,,,,,,
galwaybayrugbyclub.ie,,,not_found,,,0,0,,,,,,,,
galwaybayseasalt.ie,,,not_found,,,0,0,,Yes,galway,,,,,
galwaybollards.ie,,,not_found,,,0,0,,,,,,,,
galwaycremationservices.ie,,,not_found,,,0,,,Yes,"services, galway",,,,,
galwaydrivewaybollards.ie,,,not_found,,,0,0,,,,,,,,
galwaygenetics.ie,,,not_found,,,0,0,,Yes,galway,,,,,
galwaygossip.ie,,,not_found,,,0,0,,,,,,,,
galwaysecuritybarriers.ie,,,not_found,,,0,0,,,,,,,,
galwaystainless.ie,,,not_found,,,0,0,,Yes,galway,,,,,
galwaytint.ie,,,not_found,,,0,,,Yes,galway,,,,,
gamernext.ie,,,not_found,,,0,0,,Yes,game,,,,,
gamingrevolution.ie,,,not_found,,,0,0,,,,,,,,
ganderpluck.ie,,,not_found,,,0,0,,,,,,,,
gangureanu.ie,,,not_found,,,0,0,,No,,,,,,
garagesupplies.ie,,,not_found,,,0,,,No,garage suppliers,,,,,
garden-home.ie,,,not_found,,,0,,,Yes,"garden, home",,,,,
gardenhome.ie,,,not_found,,,0,,,Yes,"garden, home",,,,,
gardeningandmaintenance.ie,,,not_found,,,0,0,,,,,,,,
gardenplanter.ie,,,not_found,,,0,0,,Yes,garden,,,,,
gardenroomscompare.ie,,,not_found,,,0,,,,,,,,,
garnet.ie,,,not_found,,,0,9,3231,,,,,,2017-06-25,2017-10-24
garronnoone.ie,,,not_found,,,0,,,No,,,,,,
gars.ie,,,not_found,,,0,,,No,,,,,,
garvan.ie,,,not_found,,,0,,,No,,,,,,
garvo.ie,,,not_found,,,0,0,,,,,,,,
gasegoneireland.ie,,,not_found,,,0,0,,,,,,,,
gasrepairsdublin.ie,,,not_found,,,0,,,,,,,,,
gatekept.ie,,,not_found,,,0,,,,,,,,,
gaterie.ie,,,not_found,,,0,,,No,,,,,,
gatewaywest.ie,,,not_found,,,0,,,,,,,,,
gavencia.ie,,,not_found,,,0,,,No,,,,,,
gavinkenna.ie,,,not_found,,,0,0,,No,,,,,,
gaywhiteconsulting.ie,,,not_found,,,0,,,,,,,,,
gblsconstruction.ie,,,not_found,,,0,0,,,,,,,,
gdptraining.ie,,,not_found,,,0,,,Yes,training,,,,,
geataibui.ie,,,not_found,,,0,0,,,,,,,,
geckocrafts.ie,,,not_found,,,0,0,,,,,,,,
gelbelle.ie,,,not_found,,,0,0,,,,,,,,
gemmaitalianfarm.ie,,,not_found,,,0,0,,,,,,,,
gemwin.ie,,,not_found,,,0,,,No,,,,,,
genevieveryan.ie,,,not_found,,,0,0,,,,,,,,
gentech.ie,,,not_found,,,0,0,,,,,,,,
geoffrey.ie,,,not_found,,,0,0,,No,,,,,,
geohivelocator.ie,,,not_found,,,0,0,,,,,,,,
geometrycreative.ie,,,not_found,,,0,,,Yes,creative,,,,,
geometrydesign.ie,,,not_found,,,0,,,Yes,design,,,,,
geometrystudio.ie,,,not_found,,,0,,,Yes,studio,,,,,
georgecorbettmotors.ie,,,not_found,,,0,0,,,,,,,,
georgecorbettseat.ie,,,not_found,,,0,0,,,,,,,,
geospatialai.ie,,,not_found,,,0,0,,,,,,,,
gerp.ie,,,not_found,,,0,,,No,,,,,,
get-connected.ie,,,not_found,,,0,,,No,,,,,,
getajob.ie,,,not_found,,,0,0,,No,,,,,,
getalad.ie,,,not_found,,,0,0,,,,,,,,
getawaynow.ie,,,not_found,,,0,0,,,,,,,,
getawaystravel.ie,,,not_found,,,0,0,,,,,,,,
getedulink.ie,,,not_found,,,0,,,,,,,,,
getfuturesorted.ie,,,not_found,,,0,,,,,,,,,
gethooked.ie,,,not_found,,,0,0,,No,,,,,,
getmaintenance.ie,,,not_found,,,0,0,,,,,,,,
getmeapro.ie,,,not_found,,,0,0,,,,,,,,
getpregnant.ie,,,not_found,,,0,0,,No,,,,,,
getpregnantfast.ie,,,not_found,,,0,0,,No,,,,,,
getrucked.ie,,,not_found,,,0,0,,No,,,,,,
getsticky.ie,,,not_found,,,0,0,,,,,,,,
getunit.ie,,,not_found,,,0,,,No,,,,,,
getupandgodiary.ie,,,not_found,,,0,0,,No,,,,,,
getyourhole.ie,,,not_found,,,0,0,,,,,,,,
gftd.ie,,,not_found,,,0,0,,No,,,,,,
ggg.ie,,,not_found,,,0,,,,,,,,,
gglandscaping.ie,,,not_found,,,0,0,,,,,,,,
ggm.ie,,,not_found,,,0,,,,,,,,,
ggs.ie,,,not_found,,,0,,,,,,,,,
giftsngadgets.ie,,,not_found,,,0,0,,,,,,,,
gifttrees.ie,,,not_found,,,0,,,No,,,,,,
gifzi.ie,,,not_found,,,0,0,,,,,,,,
gigglebyte.ie,,,not_found,,,0,,,No,,,,,,
gigify-live.ie,,,not_found,,,0,,,No,,,,,,
gillconnect.ie,,,not_found,,,0,0,,No,,,,,,
ginko.ie,,,not_found,,,0,0,,,,,,,,
girlintheoffice.ie,,,not_found,,,0,0,,,,,,,,
girlmath.ie,,,not_found,,,0,,,,,,,,,
gita.ie,,,not_found,,,0,0,,,,,,,,
give-blood.ie,,,not_found,,,0,,,No,,,,,,
glanbot.ie,,,not_found,,,0,,,No,,,,,,
glancleaning.ie,,,not_found,,,0,0,,,,,,,,
glantech.ie,,,not_found,,,0,,,Yes,tech,,,,,
glass-guard.ie,,,not_found,,,0,,,No,,,,,,
glassguard.ie,,,not_found,,,0,,,No,,,,,,
glastrading.ie,,,not_found,,,0,0,,,,,,,,
gleannra.ie,,,not_found,,,0,0,,No,,,,,,
gleneastonconstruction.ie,,,not_found,,,0,0,,,,,,,,
glenwool.ie,,,not_found,,,0,,,,,,,,,
global-cuisine.ie,,,not_found,,,0,,,,,,,,,
globalbeautyacademy.ie,,,not_found,,,0,,,,,,,,,
globalgarage.ie,,,not_found,,,0,,,No,,,,,,
globalhire.ie,,,not_found,,,0,,,,,,,,,
globalireland.ie,,,not_found,,,0,,,,,,,,,
globallconcept.ie,,,not_found,,,0,,,,,,,,,
globalminibreaks.ie,,,not_found,,,0,,,,,,,,,
globalrecruitmentsolutions.ie,,,not_found,,,0,,,,,,,,,
globaltilesfloors.ie,,,not_found,,,0,,,,,,,,,
globaltiling.ie,,,not_found,,,0,,,,,,,,,
globalwatermuseum.ie,,,not_found,,,0,,,,,,,,,
globalyverified.ie,,,not_found,,,0,,,No,,,,,,
glossepolish.ie,,,not_found,,,0,0,,No,,,,,,
glosshairandbeauty.ie,,,not_found,,,0,0,,Yes,"beauty, hair",,,,,
glowaesthetics.ie,,,not_found,,,0,,,,,,,,,
glucotex.ie,,,not_found,,,0,,,No,,,,,,
glynnfuneralservices.ie,,,not_found,,,0,0,,Yes,services,,,,,
glynnscornerhouse.ie,,,not_found,,,0,,,,,,,,,
gmddistributions.ie,,,not_found,,,0,0,,No,,,,,,
gmdl.ie,,,not_found,,,0,0,,No,,,,,,
gmgplastering.ie,,,not_found,,,0,,,,,,,,,
gmpservices.ie,,,not_found,,,0,,,,,,,,,
gmptechservices.ie,,,not_found,,,0,,,,,,,,,
go-loco.ie,,,not_found,,,0,0,,,,,,,,
go88.ie,,,not_found,,,0,0,,No,,,,,,
goaltax.ie,,,not_found,,,0,,,No,,,,,,
godigiplus.ie,,,not_found,,,0,,,,,,,,,
godriving.ie,,,not_found,,,0,0,,No,driving,,,,,
gofarmfresh.ie,,,not_found,,,0,,,No,farm fresh food,,,,,
goga.ie,,,not_found,,,0,,,,,,,,,
goherb.ie,,,not_found,,,0,0,,No,,,,,,
gokangengreen.ie,,,not_found,,,0,,,,,,,,,
gola.ie,,,not_found,,,0,,,No,,,,,,
goldeneyesecurity.ie,,,not_found,,,0,,,No,,,,,,
goldfeathercare.ie,,,not_found,,,0,0,,,,,,,,
goldfeverhair.ie,,,not_found,,,0,0,,,,,,,,
goldpass.ie,,,not_found,,,0,,,No,,,,,,
goldsmiths.ie,,,not_found,,,0,0,,,,,,,,
golet.ie,,,not_found,,,0,0,,,,,,,,
golfroadnurseries.ie,,,not_found,,,0,0,,,,,,,,
golfxtra.ie,,,not_found,,,0,,,No,,,,,,
golvurikenz.ie,,,not_found,,,0,,,No,,,,,,
gonogofootball.ie,,,not_found,,,0,0,,No,,,,,,
goodam.ie,,,not_found,,,0,,,No,,,,,,
goodasnew.ie,,,not_found,,,0,0,,,,,,,,
goodbyeplanner.ie,,,not_found,,,0,0,,,,,,,,
goodcounselpp.ie,,,not_found,,,0,0,,,,,,,,
goodfoodtalking.ie,,,not_found,,,0,,,Yes,food,,,,,
goodmoodholiday.ie,,,not_found,,,0,0,,No,,,,,,
goodroof.ie,,,not_found,,,0,,,Yes,roof,,,,,
gooshimomma.ie,,,not_found,,,0,,,No,,,,,,
gopaste.ie,,,not_found,,,0,0,,,,,,,,
gord.ie,,,not_found,,,0,0,,No,,,,,,
gordonagrisales.ie,,,not_found,,,0,0,,Yes,sales,,,,,
goreytown.ie,,,not_found,,,0,0,,,,,,,,
gorillagrip.ie,,,not_found,,,0,0,,No,,,,,,
gortaloughrawindfarm.ie,,,not_found,,,0,,,No,,,,,,
gorucking.ie,,,not_found,,,0,0,,No,,,,,,
goshopper.ie,,,not_found,,,0,,,No,,,,,,
gosocial.ie,,,not_found,,,0,,,Yes,social,,,,,
gosurgery.ie,,,not_found,,,0,0,,,,,,,,
gotchagift.ie,,,not_found,,,0,0,,,,,,,,
goto77.ie,,,not_found,,,0,,,No,,,,,,
gouldingslrd.ie,,,not_found,,,0,,,,,,,,,
goupil-ev.ie,,,not_found,,,0,,,,,,,,,
gourmandium.ie,,,not_found,,,0,,,,,,,,,
gourmetbutcher.ie,,,not_found,,,0,0,,,,,,,,
gourmetbutchers.ie,,,not_found,,,0,0,,,,,,,,
gourmetium.ie,,,not_found,,,0,0,,,,,,,,
goyellow.ie,,,not_found,,,0,,,No,,,,,,
gponline247.ie,,,not_found,,,0,0,,,,,,,,
graftonevents.ie,,,not_found,,,0,0,,,,,,,,
graftongolftours.ie,,,not_found,,,0,0,,,,,,,,
graftontransport.ie,,,not_found,,,0,0,,,,,,,,
graftontravel.ie,,,not_found,,,0,0,,,,,,,,
grain.ie,,,not_found,,,0,0,,,,,,,,
grainewhale.ie,,,not_found,,,0,,,No,,,,,,
grainfreedogfood.ie,,,not_found,,,0,,,Yes,food,,,,,
grainnedowdalldesign.ie,,,not_found,,,0,,,,,,,,,
grainnegault.ie,,,not_found,,,0,0,,No,,,,,,
grall.ie,,,not_found,,,0,,,,,,,,,
granaheireann.ie,,,not_found,,,0,0,,No,,,,,,
grand-aerodata.ie,,,not_found,,,0,,,Yes,data,,,,,
grandcanalhideaway.ie,,,not_found,,,0,,,,,,,,,
grandcanalodyssey.ie,,,not_found,,,0,,,No,,,,,,
granoo.ie,,,not_found,,,0,,,,,,,,,
grasscuttingcork.ie,,,not_found,,,0,0,,Yes,cork,,,,,
grassrootsports.ie,,,not_found,,,0,0,,,,,,,,
gratravel.ie,,,not_found,,,0,0,,,,,,,,
graveldriveways.ie,,,not_found,,,0,,,No,gravel driveways,,,,,
gravitas-technology.ie,,,not_found,,,0,,,Yes,technology,,,,,
gravitas.ie,,,not_found,,,0,,,No,,,,,,
gravitasflowsystems.ie,,,not_found,,,0,,,No,,,,,,
gravitasgroup.ie,,,not_found,,,0,,,Yes,group,,,,,
gravitastechnology.ie,,,not_found,,,0,,,Yes,technology,,,,,
gravitatemarketing.ie,,,not_found,,,0,,,Yes,marketing,,,,,
grawebsites.ie,,,not_found,,,0,0,,,,,,,,
grayrenovations.ie,,,not_found,,,0,,,Yes,renovation,,,,,
greasebusters.ie,,,not_found,,,0,,,No,grease busters (home services),,,,,
greatgetaway.ie,,,not_found,,,0,0,,,,,,,,
green-aware.ie,,,not_found,,,0,,,,,,,,,
green4life.ie,,,not_found,,,0,0,,,,,,,,
greenandclean.ie,,,not_found,,,0,,,Yes,"clean, green",,,,,
greenber.ie,,,not_found,,,0,0,,Yes,green,,,,,
greencultureday.ie,,,not_found,,,0,0,,,,,,,,
greendayz.ie,,,not_found,,,0,0,,,,,,,,
greendeal.ie,,,not_found,,,0,,,Yes,green,,,,,
greenerenginesrecycling.ie,,,not_found,,,0,,,Yes,green,,,,,
greenerhouseholds.ie,,,not_found,,,0,0,,,,,,,,
greenerneighbourhoods.ie,,,not_found,,,0,0,,,,,,,,
greenfortcottage.ie,,,not_found,,,0,,,,,,,,,
greenfuture.ie,,,not_found,,,0,,,Yes,green,,,,,
greenhouse365.ie,,,not_found,,,0,0,,,,,,,,
greenhouseholds.ie,,,not_found,,,0,0,,,,,,,,
greenislesglamping.ie,,,not_found,,,0,,,Yes,green,,,,,
greenkpo.ie,,,not_found,,,0,,,Yes,green,,,,,
greenleaftreecare.ie,,,not_found,,,0,0,,,,,,,,
greenleaves.ie,,,not_found,,,0,0,,,,,,,,
greenlight-tm.ie,,,not_found,,,0,0,,,,,,,,
greenmeup.ie,,,not_found,,,0,0,,,,,,,,
greennature808.ie,,,not_found,,,0,,,Yes,green,,,,,
greenneighbourhoods.ie,,,not_found,,,0,0,,,,,,,,
greennest.ie,,,not_found,,,0,0,,Yes,green,,,,,
greennutrition365.ie,,,not_found,,,0,0,,,,,,,,
greenpadel.ie,,,not_found,,,0,0,,,,,,,,
greenscapegardenmaintenance.ie,,,not_found,,,0,,,Yes,"maintenance, garden, green",,,,,
greenscapegardenservices.ie,,,not_found,,,0,,,Yes,"services, garden, green",,,,,
greenscarf.ie,,,not_found,,,0,0,,Yes,green,,,,,
greenspirefarms.ie,,,not_found,,,0,,,,,,,,,
greenstreet.ie,,,not_found,,,0,0,,Yes,green,,,,,
greentogo.ie,,,not_found,,,0,,,Yes,green,,,,,
greenvillagepizza.ie,,,not_found,,,0,0,,,,,,,,
greenvitamins365.ie,,,not_found,,,0,0,,,,,,,,
greenwaybikes.ie,,,not_found,,,0,0,,,,,,,,
greenwolf.ie,,,not_found,,,0,0,,,,,,,,
greenzone.ie,,,not_found,,,0,,,Yes,green,,,,,
gregdalton.ie,,,not_found,,,0,,,,,,,,,
greyslate.ie,,,not_found,,,0,0,,,,,,,,
greystonestowncentre.ie,,,not_found,,,0,,,No,,,,,,
grfs.ie,,,not_found,,,0,,,No,,,,,,
gridgensolutions.ie,,,not_found,,,0,,,Yes,solutions,,,,,
griffinconsultancy.ie,,,not_found,,,0,,,No,,,,,,
grillandgo.ie,,,not_found,,,0,0,,,,,,,,
grindsdcgdublin.ie,,,not_found,,,0,,,,,,,,,
gringum.ie,,,not_found,,,0,0,,,,,,,,
gringums.ie,,,not_found,,,0,0,,,,,,,,
grinwel.ie,,,not_found,,,0,0,,,,,,,,
grnd.ie,,,not_found,,,0,0,,No,,,,,,
groarkebrosagri.ie,,,not_found,,,0,0,,,,,,,,
grocerie.ie,,,not_found,,,0,0,,,,,,,,
groomers.ie,,,not_found,,,0,0,,,,,,,,
grouptravelexperieces.ie,,,not_found,,,0,0,,Yes,"travel, group",,,,,
groutseal.ie,,,not_found,,,0,0,,No,,,,,,
growingminds.ie,,,not_found,,,0,,,,,,,,,
growthoccupationaltherapy.ie,,,not_found,,,0,,,Yes,Occupational therapy,,,,,
grroomdogspa.ie,,,not_found,,,0,0,,Yes,room,,,,,
grubking.ie,,,not_found,,,0,,,No,,,,,,
gsvaleting.ie,,,not_found,,,0,,,,,,,,,
gsxvaluechain.ie,,,not_found,,,0,0,,No,,,,,,
gtp.ie,,,not_found,,,0,,,,,,,,,
guardianmotors.ie,,,not_found,,,0,,,,,,,,,
guardianpunk.ie,,,not_found,,,0,,,,,,,,,
guasha.ie,,,not_found,,,0,,,No,,,,,,
guessless.ie,,,not_found,,,0,,,,,,,,,
guesswhosdead.ie,,,not_found,,,0,0,,No,,,,,,
guestconsulting.ie,,,not_found,,,0,,,Yes,consulting,,,,,
gugbuild.ie,,,not_found,,,0,,,,,,,,,
guilweb.ie,,,not_found,,,0,0,,No,,,,,,
guinness15.ie,,,not_found,,,0,0,,No,,,,,,
guinnessfifteen.ie,,,not_found,,,0,0,,No,,,,,,
guinnessstore.ie,,,not_found,,,0,0,,No,,,,,,
guinnessstorm.ie,,,not_found,,,0,0,,,,,,,,
gumshields.ie,,,not_found,,,0,,,No,gum shields,,,,,
gutgrade.ie,,,not_found,,,0,0,,No,,,,,,
gvpconsulting.ie,,,not_found,,,0,0,,,,,,,,
gwdecorators.ie,,,not_found,,,0,,,No,,,,,,
gymcompany.ie,,,not_found,,,0,0,,,,,,,,
gyoza.ie,,,not_found,,,0,0,,No,,,,,,
h53coatings.ie,,,not_found,,,0,,,No,,,,,,
h62styling.ie,,,not_found,,,0,,,,,,,,,
hackerloft.ie,,,not_found,,,0,,,No,,,,,,
haematology.ie,,,not_found,,,0,,,No,,,,,,
hairbrushes.ie,,,not_found,,,0,0,,,,,,,,
hairfromheaven.ie,,,not_found,,,0,,,Yes,hair,,,,,
hajjandumrah.ie,,,not_found,,,0,0,,,,,,,,
halalcontrol.ie,,,not_found,,,0,0,,,,,,,,
halalfinance.ie,,,not_found,,,0,,,Yes,finance,,,,,
halalfoods.ie,,,not_found,,,0,0,,,,,,,,
halalmortgages.ie,,,not_found,,,0,,,No,,,,,,
halfirish.ie,,,not_found,,,0,0,,,,,,,,
halfisland.ie,,,not_found,,,0,0,,,,,,,,
halloran.ie,,,not_found,,,0,0,,No,,,,,,
halocoffee.ie,,,not_found,,,0,0,,No,,,,,,
halourbanhair.ie,,,not_found,,,0,,,Yes,hair,,,,,
halowellness.ie,,,not_found,,,0,,,,,,,,,
hammerslateroofingandguttering.ie,,,not_found,,,0,0,,,,,,,,
handbagheroes.ie,,,not_found,,,0,0,,No,,,,,,
handmadefacecover.ie,,,not_found,,,0,,,No,,,,,,
handy-hardware.ie,,,not_found,,,0,0,,,,,,,,
handymankarl.ie,,,not_found,,,0,,,,,,,,,
hannonkitchens.ie,,,not_found,,,0,,,No,,,,,,
haolilandcakeshop.ie,,,not_found,,,0,0,,,,,,,,
happyboymattress.ie,,,not_found,,,0,0,,No,,,,,,
happydoggy.ie,,,not_found,,,0,0,,,,,,,,
happygrainbakery.ie,,,not_found,,,0,0,,,,,,,,
happyplacepilates.ie,,,not_found,,,0,0,,,,,,,,
happypuppy.ie,,,not_found,,,0,0,,,,,,,,
harcourtmedical.ie,,,not_found,,,0,0,,Yes,medical,,,,,
hardinghearing.ie,,,not_found,,,0,0,,,,,,,,
hardspace.ie,,,not_found,,,0,,,,,,,,,
harko.ie,,,not_found,,,0,,,No,,,,,,
harmonyhealingcomplementarytherapies.ie,,,not_found,,,0,0,,Yes,healing,,,,,
harpai.ie,,,not_found,,,0,,,,,,,,,
harpclub.ie,,,not_found,,,0,,,,,,,,,
harperhomes.ie,,,not_found,,,0,0,,Yes,home,,,,,
harpgardeningservices.ie,,,not_found,,,0,,,,,,,,,
harpy.ie,,,not_found,,,0,0,,No,,,,,,
harteconstruction.ie,,,not_found,,,0,,,Yes,construction,,,,,
hartwoodpropertygroup.ie,,,not_found,,,0,0,,Yes,"property, group, wood",,,,,
harvest-nodestream.ie,,,not_found,,,0,,,No,,,,,,
hate.ie,,,not_found,,,0,,,,,,,,,
havemore.ie,,,not_found,,,0,,,No,,,,,,
havencare.ie,,,not_found,,,0,0,,Yes,care,,,,,
havenhealth.ie,,,not_found,,,0,0,,Yes,health,,,,,
havmas.ie,,,not_found,,,0,,,No,,,,,,
havnsauna.ie,,,not_found,,,0,0,,No,,,,,,
hawthornegolf.ie,,,not_found,,,0,,,No,,,,,,
hayati.ie,,,not_found,,,0,0,,No,,,,,,
hayesscientific.ie,,,not_found,,,0,,,No,,,,,,
headbarber.ie,,,not_found,,,0,,,,,,,,,
healbyherbs.ie,,,not_found,,,0,,,,,,,,,
healthandsafetyonline.ie,,,not_found,,,0,,,,,,,,,
healthandsafetytutor.ie,,,not_found,,,0,,,,,,,,,
healthpalnavigator.ie,,,not_found,,,0,,,Yes,health,,,,,
healthsafetyacademy.ie,,,not_found,,,0,,,,,,,,,
healthsafetycoach.ie,,,not_found,,,0,,,,,,,,,
healthsafetycourses.ie,,,not_found,,,0,,,,,,,,,
healthsafetytraining.ie,,,not_found,,,0,,,,,,,,,
healthx.ie,,,not_found,,,0,,,Yes,health,,,,,
healthy-kitchen.ie,,,not_found,,,0,0,,,,,,,,
healthyandwise.ie,,,not_found,,,0,,,Yes,health,,,,,
healthypetclub.ie,,,not_found,,,0,,,Yes,health,,,,,
hearingaidhandy.ie,,,not_found,,,0,0,,,,,,,,
hearingcareclinics.ie,,,not_found,,,0,0,,,,,,,,
hearingguide.ie,,,not_found,,,0,0,,,,,,,,
heartaerospace.ie,,,not_found,,,0,0,,No,,,,,,
heartbeatcpr.ie,,,not_found,,,0,0,,No,,,,,,
heartfeltetchings.ie,,,not_found,,,0,0,,,,,,,,
hearusout.ie,,,not_found,,,0,0,,,,,,,,
heat-geek.ie,,,not_found,,,0,,,No,,,,,,
heatdecor.ie,,,not_found,,,0,0,,No,,,,,,
heatedsticks.ie,,,not_found,,,0,0,,No,,,,,,
heatfit.ie,,,not_found,,,0,0,,No,,,,,,
heatingdublin.ie,,,not_found,,,0,,,Yes,dublin,,,,,
heelys.ie,,,not_found,,,0,0,,,,,,,,
hegbit.ie,,,not_found,,,0,,,No,,,,,,
hellocaoi.ie,,,not_found,,,0,,,No,,,,,,
hellocharlie.ie,,,not_found,,,0,,,No,,,,,,
helpu2let.ie,,,not_found,,,0,,,No,,,,,,
hempcare.ie,,,not_found,,,0,0,,Yes,care,,,,,
hempcrete.ie,,,not_found,,,0,,,,,,,,,
hempcretehomes.ie,,,not_found,,,0,,,,,,,,,
hempireland.ie,,,not_found,,,0,0,,Yes,ireland,,,,,
henrique.ie,,,not_found,,,0,0,,,,,,,,
henriquealexandre.ie,,,not_found,,,0,0,,,,,,,,
henrystudios.ie,,,not_found,,,0,0,,,,,,,,
herbertroadclosure.ie,,,not_found,,,0,,,,,,,,,
hercuriositycompass.ie,,,not_found,,,0,,,,,,,,,
herera.ie,,,not_found,,,0,0,,,,,,,,
herhairandbeauty.ie,,,not_found,,,0,,,Yes,"beauty, hair",,,,,
heritageprecast.ie,,,not_found,,,0,0,,,,,,,,
hevs.ie,,,not_found,,,0,,,No,,,,,,
hexloop.ie,,,not_found,,,0,0,,No,,,,,,
heypaul.ie,,,not_found,,,0,,,No,,,,,,
hhc420.ie,,,not_found,,,0,,,,,,,,,
hi1234.ie,,,not_found,,,0,0,,,,,,,,
hiberniaequine.ie,,,not_found,,,0,,,No,,,,,,
hiddenheartlandsltd.ie,,,not_found,,,0,0,,,,,,,,
hifi-nity.ie,,,not_found,,,0,0,,No,,,,,,
higg.ie,,,not_found,,,0,0,,,,,,,,
highrish.ie,,,not_found,,,0,,,No,,,,,,
highspeeddoors.ie,,,not_found,,,0,,,No,,,,,,
hightechmanufacturing-northernireland.ie,,,not_found,,,0,0,,Yes,"ireland, tech",,,,,
highvibe.ie,,,not_found,,,0,0,,No,,,,,,
hipflasks.ie,,,not_found,,,0,0,,,,,,,,
hippers.ie,,,not_found,,,0,,,No,,,,,,
hireabutler.ie,,,not_found,,,0,,,,,,,,,
hireastripper.ie,,,not_found,,,0,,,,,,,,,
hires.ie,,,not_found,,,0,,,,,,,,,
hiskingdomworks.ie,,,not_found,,,0,,,,,,,,,
hispec.ie,,,not_found,,,0,,,,,,,,,
hitclub.ie,,,not_found,,,0,,,,,,,,,
hmc-ip.ie,,,not_found,,,0,,,,,,,,,
hobsonprior.ie,,,not_found,,,0,7,1637,No,,,,,2021-12-07,2022-03-07
hogansebedandbreakfast.ie,,,not_found,,,0,,,,,,,,,
holdingcompany.ie,,,not_found,,,0,,,No,,,,,,
holidayhomeinsurance.ie,,,not_found,,,0,,,,,,,,,
holistichorizons.ie,,,not_found,,,0,,,,,,,,,
holisticsiopa.ie,,,not_found,,,0,0,,Yes,holistic,,,,,
holistictherapydublin.ie,,,not_found,,,0,,,Yes,"holistic, therapy, dublin",,,,,
hollandacademy.ie,,,not_found,,,0,37,435,No,,,,,2021-03-04,2025-06-21
hollandmaths.ie,,,not_found,,,0,0,,No,,,,,,
hollybrookmotors.ie,,,not_found,,,0,,,No,,,,,,
home-control.ie,,,not_found,,,0,0,,,,,,,,
home-style.ie,,,not_found,,,0,,,Yes,home,,,,,
homeandinteriortex.ie,,,not_found,,,0,0,,Yes,home,,,,,
homebythesea.ie,,,not_found,,,0,,,Yes,home,,,,,
homecarehealthcare.ie,,,not_found,,,0,0,,,,,,,,
homecareprovidersalliance.ie,,,not_found,,,0,,,Yes,"alliance, care, home",,,,,
homecontrol.ie,,,not_found,,,0,0,,,,,,,,
homeenergyireland.ie,,,not_found,,,0,0,,,,,,,,
homefixers.ie,,,not_found,,,0,,,,,,,,,
homeglowcleaning.ie,,,not_found,,,0,0,,,,,,,,
homeleebeds.ie,,,not_found,,,0,0,,,,,,,,
homeplan.ie,,,not_found,,,0,0,,,,,,,,
homeportal.ie,,,not_found,,,0,0,,Yes,home,,,,,
homerdesigns.ie,,,not_found,,,0,,,Yes,"design, home",,,,,
homerefresh.ie,,,not_found,,,0,0,,Yes,home,,,,,
homeroots.ie,,,not_found,,,0,,,Yes,home,,,,,
homerugs.ie,,,not_found,,,0,,,,,,,,,
homeserver.ie,,,not_found,,,0,,,Yes,home,,,,,
homesireland.ie,,,not_found,,,0,0,,Yes,"ireland, home",,,,,
homespa.ie,,,not_found,,,0,0,,,,,,,,
homesteadbar.ie,,,not_found,,,0,0,,Yes,homestead bar,,,,,
homeworth.ie,,,not_found,,,0,0,,,,,,,,
hondacarsireland.ie,,,not_found,,,0,,,Yes,ireland,,,,,
hondairelandcars.ie,,,not_found,,,0,,,Yes,ireland,,,,,
honesteatsco.ie,,,not_found,,,0,,,,,,,,,
honestfoodco.ie,,,not_found,,,0,,,,,,,,,
honestfoodcograbandgo.ie,,,not_found,,,0,,,,,,,,,
honestfoodcoonthefly.ie,,,not_found,,,0,,,,,,,,,
honestfoodgrabandgo.ie,,,not_found,,,0,,,,,,,,,
honestfoodonthefly.ie,,,not_found,,,0,,,,,,,,,
honestgrabandgo.ie,,,not_found,,,0,,,,,,,,,
honestonthefly.ie,,,not_found,,,0,,,,,,,,,
honestonthego.ie,,,not_found,,,0,,,,,,,,,
honestrecruitment.ie,,,not_found,,,0,,,,,,,,,
honestybox.ie,,,not_found,,,0,0,,No,,,,,,
honestyeats.ie,,,not_found,,,0,,,,,,,,,
honestyfood.ie,,,not_found,,,0,,,,,,,,,
honestygrabandgo.ie,,,not_found,,,0,,,,,,,,,
honeypods.ie,,,not_found,,,0,0,,No,,,,,,
honeytreeorganics.ie,,,not_found,,,0,,,No,,,,,,
honka.ie,,,not_found,,,0,0,,,,,,,,
hoofbootshop.ie,,,not_found,,,0,0,,No,,,,,,
hoofhugs.ie,,,not_found,,,0,0,,No,,,,,,
hoorayday.ie,,,not_found,,,0,0,,,,,,,,
hope4galway.ie,,,not_found,,,0,0,,Yes,galway,,,,,
horizon-space.ie,,,not_found,,,0,0,,,,,,,,
horizoncarvalet.ie,,,not_found,,,0,,,No,,,,,,
horizoncro.ie,,,not_found,,,0,,,No,,,,,,
horizonspace.ie,,,not_found,,,0,0,,,,,,,,
horizonventures.ie,,,not_found,,,0,0,,No,,,,,,
hornetcontrol.ie,,,not_found,,,0,,,No,,,,,,
hornetfree.ie,,,not_found,,,0,,,No,,,,,,
hornetguard.ie,,,not_found,,,0,,,No,,,,,,
hornetshield.ie,,,not_found,,,0,,,No,,,,,,
hornetsolutions.ie,,,not_found,,,0,,,Yes,"solutions, hornet",,,,,
hornetstop.ie,,,not_found,,,0,,,No,,,,,,
hornetsupplies.ie,,,not_found,,,0,,,No,,,,,,
hornettech.ie,,,not_found,,,0,,,Yes,tech,,,,,
hornettrap.ie,,,not_found,,,0,,,No,,,,,,
hornettraps.ie,,,not_found,,,0,,,No,,,,,,
horseauction.ie,,,not_found,,,0,,,Yes,"auction, horse",,,,,
horseauctions.ie,,,not_found,,,0,,,Yes,"auction, horse",,,,,
horsehospital.ie,,,not_found,,,0,0,,Yes,hospital,,,,,
horsehubireland.ie,,,not_found,,,0,0,,,,,,,,
hosebros.ie,,,not_found,,,0,0,,,,,,,,
hospitalbedrental.ie,,,not_found,,,0,0,,,,,,,,
hospitalityskills.ie,,,not_found,,,0,0,,,,,,,,
hospitalityskillsireland.ie,,,not_found,,,0,0,,,,,,,,
hostcompare.ie,,,not_found,,,0,,,No,hosting compare,,,,,
hostingcompare.ie,,,not_found,,,0,,,No,hosting compare,,,,,
hostmedia.ie,,,not_found,,,0,,,,,,,,,
hotbites.ie,,,not_found,,,0,0,,,,,,,,
hotelforeveryone.ie,,,not_found,,,0,,,Yes,hotel,,,,,
hotelproductsupplies.ie,,,not_found,,,0,0,,,,,,,,
hotgirlpause.ie,,,not_found,,,0,0,,,,,,,,
hothorseshower.ie,,,not_found,,,0,,,No,,,,,,
house-hotel.ie,,,not_found,,,0,0,,Yes,"hotel, house",,,,,
houseauction.ie,,,not_found,,,0,0,,Yes,"auction, house",,,,,
houseauctions.ie,,,not_found,,,0,0,,Yes,"auction, house",,,,,
housebets.ie,,,not_found,,,0,0,,,,,,,,
housecheck.ie,,,not_found,,,0,,,,,,,,,
housecork.ie,,,not_found,,,0,0,,,,,,,,
housegalway.ie,,,not_found,,,0,0,,,,,,,,
houseglow.ie,,,not_found,,,0,0,,,,,,,,
houseowner.ie,,,not_found,,,0,0,,,,,,,,
housepricesireland.ie,,,not_found,,,0,0,,,,,,,,
housesale.ie,,,not_found,,,0,,,Yes,house sale,,,,,
hoviso.ie,,,not_found,,,0,0,,No,,,,,,
howleysbutcher.ie,,,not_found,,,0,0,,,,,,,,
howlininteriors.ie,,,not_found,,,0,0,,,,,,,,
howthoutdoors.ie,,,not_found,,,0,0,,No,,,,,,
howtouseai.ie,,,not_found,,,0,,,,,,,,,
hpapi.ie,,,not_found,,,0,0,,,,,,,,
hpca.ie,,,not_found,,,0,,,No,,,,,,
hrfl.ie,,,not_found,,,0,0,,No,,,,,,
hrmanpower.ie,,,not_found,,,0,0,,,,,,,,
hsetraining.ie,,,not_found,,,0,,,Yes,training,,,,,
hubbl-pm.ie,,,not_found,,,0,0,,No,,,,,,
hubbl.ie,,,not_found,,,0,0,,No,,,,,,
huggshoofwear.ie,,,not_found,,,0,0,,,,,,,,
huhtamaki-paper.ie,,,not_found,,,0,0,,No,,,,,,
huhtamaki.ie,,,not_found,,,0,0,,No,,,,,,
humanoidrobot.ie,,,not_found,,,0,0,,Yes,human,,,,,
huntersearch.ie,,,not_found,,,0,0,,No,,,,,,
husariahuntingteam.ie,,,not_found,,,0,,,Yes,aria,,,,,
hustlecoffee.ie,,,not_found,,,0,,,No,,,,,,
hustlehub.ie,,,not_found,,,0,,,No,,,,,,
hvacsolutions.ie,,,not_found,,,0,0,,Yes,solutions,,,,,
hws4.ie,,,not_found,,,0,0,,No,,,,,,
hybrd.ie,,,not_found,,,0,,,,,,,,,
hybridhq.ie,,,not_found,,,0,0,,,,,,,,
hybridtrainingclub.ie,,,not_found,,,0,0,,,,,,,,
hybs.ie,,,not_found,,,0,0,,,,,,,,
hydbeam.ie,,,not_found,,,0,,,No,,,,,,
hydrasafetytraining.ie,,,not_found,,,0,0,,Yes,training,,,,,
hyfay.ie,,,not_found,,,0,0,,,,,,,,
hygieneflooring.ie,,,not_found,,,0,,,,,,,,,
hygienerating.ie,,,not_found,,,0,0,,,,,,,,
hylandturfcare.ie,,,not_found,,,0,0,,,,,,,,
hyperlap.ie,,,not_found,,,0,,,No,,,,,,
hypnosedationnow.ie,,,not_found,,,0,0,,No,,,,,,
hyroxireland.ie,,,not_found,,,0,0,,Yes,ireland,,,,,
i-chips.ie,,,not_found,,,0,0,,,,,,,,
i2.ie,,,not_found,,,0,,,,,,,,,
iaddirect.ie,,,not_found,,,0,,,,,,,,,
iamacelebrant.ie,,,not_found,,,0,0,,No,,,,,,
iamu.ie,,,not_found,,,0,0,,No,,,,,,
iandevlin.ie,,,not_found,,,0,0,,,,,,,,
ianwalshireland.ie,,,not_found,,,0,,,Yes,ireland,,,,,
ibcc.ie,,,not_found,,,0,10,804,No,,,,,2017-11-04,2024-06-17
ibcci.ie,,,not_found,,,0,,,No,,,,,,
ibexmowers.ie,,,not_found,,,0,,,No,,,,,,
ibh.ie,,,not_found,,,0,,,,,,,,,
icaeauction.ie,,,not_found,,,0,0,,Yes,auction,,,,,
icandothat.ie,,,not_found,,,0,0,,No,,,,,,
icarussports.ie,,,not_found,,,0,,,Yes,sports,,,,,
icecreamcork.ie,,,not_found,,,0,,,,,,,,,
idealbikes.ie,,,not_found,,,0,0,,,,,,,,
ideationdigitalmarketing.ie,,,not_found,,,0,,,Yes,"marketing, digital",,,,,
ideations.ie,,,not_found,,,0,0,,,,,,,,
iecert.ie,,,not_found,,,0,,,,,,,,,
ieieieieie.ie,,,not_found,,,0,0,,No,,,,,,
iesve.ie,,,not_found,,,0,,,No,,,,,,
iev.ie,,,not_found,,,0,,,,,,,,,
ifarmtoys.ie,,,not_found,,,0,0,,,,,,,,
ifish.ie,,,not_found,,,0,0,,No,,,,,,
ifstrusteeservices.ie,,,not_found,,,0,,,Yes,services,,,,,
iftaa.ie,,,not_found,,,0,0,,,,,,,,
iglooenergy.ie,,,not_found,,,0,,,,,,,,,
ihftaxback.ie,,,not_found,,,0,,,No,,,,,,
ilax1.ie,,,not_found,,,0,,,No,,,,,,
illuxtronireland.ie,,,not_found,,,0,0,,,,,,,,
ilovebasketball.ie,,,not_found,,,0,,,,,,,,,
iloveyou.ie,,,not_found,,,0,0,,,,,,,,
imacci.ie,,,not_found,,,0,0,,,,,,,,
imagegen.ie,,,not_found,,,0,0,,,,,,,,
imagehomeimprovements.ie,,,not_found,,,0,,,,,,,,,
imarry.ie,,,not_found,,,0,,,No,,,,,,
imbolcfestival.ie,,,not_found,,,0,0,,No,,,,,,
imbolcfirefestival.ie,,,not_found,,,0,0,,No,,,,,,
immortal.ie,,,not_found,,,0,,,No,,,,,,
ims-nl.ie,,,not_found,,,0,0,,No,,,,,,
independent-acupuncture.ie,,,not_found,,,0,0,,,,,,,,
independentacupuncture.ie,,,not_found,,,0,0,,,,,,,,
indiagatetakeaway.ie,,,not_found,,,0,0,,,,,,,,
indianvibekinnegad.ie,,,not_found,,,0,,,,,,,,,
indoorskydiving.ie,,,not_found,,,0,0,,No,,,,,,
indulgerestaurant.ie,,,not_found,,,0,,,,,,,,,
indusautogroup.ie,,,not_found,,,0,0,,,,,,,,
indusautos.ie,,,not_found,,,0,0,,,,,,,,
indusgroup.ie,,,not_found,,,0,0,,,,,,,,
indusmotor.ie,,,not_found,,,0,0,,,,,,,,
industrialcontrolireland.ie,,,not_found,,,0,0,,Yes,ireland industrial control,,,,,
infinitysauna.ie,,,not_found,,,0,0,,,,,,,,
inflatablepartiesireland.ie,,,not_found,,,0,,,,,,,,,
influencerwebsites.ie,,,not_found,,,0,0,,,,,,,,
information-management.ie,,,not_found,,,0,0,,Yes,management information,,,,,
informationsecurity.ie,,,not_found,,,0,0,,,,,,,,
infra-telecom.ie,,,not_found,,,0,,,,,,,,,
ingredientspal.ie,,,not_found,,,0,0,,,,,,,,
iniseirecrafts.ie,,,not_found,,,0,0,,,,,,,,
iniseiregifts.ie,,,not_found,,,0,0,,No,,,,,,
inishstone.ie,,,not_found,,,0,,,,,,,,,
injurylaw.ie,,,not_found,,,0,0,,No,,,,,,
injurysolicitorcork.ie,,,not_found,,,0,0,,Yes,"solicitor, cork",,,,,
inkmagic.ie,,,not_found,,,0,,,No,,,,,,
inkywishes.ie,,,not_found,,,0,,,No,,,,,,
inlume.ie,,,not_found,,,0,0,,,,,,,,
innercairn.ie,,,not_found,,,0,,,,,,,,,
innerpeacewithanne.ie,,,not_found,,,0,0,,,,,,,,
innerskin.ie,,,not_found,,,0,,,,,,,,,
innerspace.ie,,,not_found,,,0,,,No,,,,,,
innovattors.ie,,,not_found,,,0,,,No,,,,,,
innovohome.ie,,,not_found,,,0,,,Yes,home,,,,,
innportal.ie,,,not_found,,,0,0,,,,,,,,
inoxdoors.ie,,,not_found,,,0,,,,,,,,,
inphoimages.ie,,,not_found,,,0,,,No,,,,,,
inquestsolicitors.ie,,,not_found,,,0,,,,,,,,,
insightimmigrationireland.ie,,,not_found,,,0,0,,Yes,ireland,,,,,
insite.ie,,,not_found,,,0,,,No,,,,,,
instabaker.ie,,,not_found,,,0,,,,,,,,,
instacareclinic.ie,,,not_found,,,0,,,,,,,,,
instituteofpaediatrics.ie,,,not_found,,,0,,,No,,,,,,
insurance4gadgets.ie,,,not_found,,,0,0,,,,,,,,
insuremygadgets.ie,,,not_found,,,0,0,,,,,,,,
insuremyman.ie,,,not_found,,,0,0,,,,,,,,
insuremypaycheck.ie,,,not_found,,,0,0,,,,,,,,
integratedwellness.ie,,,not_found,,,0,,,Yes,wellness,,,,,
intercap.ie,,,not_found,,,0,0,,,,,,,,
interiordesignitem.ie,,,not_found,,,0,,,,,,,,,
interiordesignitems.ie,,,not_found,,,0,,,,,,,,,
interiordesignpiece.ie,,,not_found,,,0,,,,,,,,,
interiordesignpieces.ie,,,not_found,,,0,,,,,,,,,
interiority.ie,,,not_found,,,0,0,,No,,,,,,
interiorsitouts.ie,,,not_found,,,0,,,No,,,,,,
intermittentfasting.ie,,,not_found,,,0,0,,No,intermittent fasting,,,,,
internationalday.ie,,,not_found,,,0,0,,,,,,,,
internationalwatermuseum.ie,,,not_found,,,0,,,,,,,,,
intersportelverysgiveaway.ie,,,not_found,,,0,,,Yes,"sport, away",,,,,
intertan.ie,,,not_found,,,0,,,No,,,,,,
interventionist.ie,,,not_found,,,0,,,,,,,,,
inthistogethertipp.ie,,,not_found,,,0,0,,No,,,,,,
inuatheclub.ie,,,not_found,,,0,0,,,,,,,,
invoicefinance.ie,,,not_found,,,0,0,,Yes,"finance, invoice",,,,,
iolarestimating.ie,,,not_found,,,0,,,,,,,,,
ipadlessons.ie,,,not_found,,,0,,,No,,,,,,
ipagmc.ie,,,not_found,,,0,,,No,,,,,,
ipbltd.ie,,,not_found,,,0,0,,,,,,,,
ipcameras.ie,,,not_found,,,0,,,No,,,,,,
iphg.ie,,,not_found,,,0,,,No,,,,,,
iphonelessons.ie,,,not_found,,,0,,,No,,,,,,
iportal.ie,,,not_found,,,0,0,,No,,,,,,
iprotectbuildings.ie,,,not_found,,,0,0,,,,,,,,
ipsecurity.ie,,,not_found,,,0,,,No,,,,,,
ipxroofinggutters.ie,,,not_found,,,0,0,,Yes,roofing,,,,,
iqmotor.ie,,,not_found,,,0,,,,,,,,,
ireachpulse.ie,,,not_found,,,0,0,,No,,,,,,
irelandaccountants.ie,,,not_found,,,0,0,,,,,,,,
irelandbingo.ie,,,not_found,,,0,,,Yes,ireland,,,,,
irelandbroadbandmanagmentworldwideleadership.ie,,,not_found,,,0,0,,,,,,,,
irelandflag.ie,,,not_found,,,0,0,,Yes,ireland,,,,,
irelandgenderpaygap.ie,,,not_found,,,0,0,,Yes,ireland,,,,,
irelandiptv.ie,,,not_found,,,0,0,,,,,,,,
irelandiptv4k.ie,,,not_found,,,0,0,,,,,,,,
irelandnfl.ie,,,not_found,,,0,0,,Yes,ireland,,,,,
irelandnfltours.ie,,,not_found,,,0,,,,,,,,,
irelandschoolbooks.ie,,,not_found,,,0,0,,,,,,,,
irelandsdistilleries.ie,,,not_found,,,0,,,Yes,ireland,,,,,
irelandseakayaking.ie,,,not_found,,,0,0,,Yes,ireland,,,,,
irelandsfoodchampions.ie,,,not_found,,,0,,,Yes,"ireland, food",,,,,
irelandsouvenirs.ie,,,not_found,,,0,,,Yes,ireland,,,,,
irelandstayz.ie,,,not_found,,,0,0,,,,,,,,
irelandwalkingtours.ie,,,not_found,,,0,0,,Yes,"ireland, tour",,,,,
irelandwestknocktaxi.ie,,,not_found,,,0,0,,,,,,,,
irelandwhiskey.ie,,,not_found,,,0,0,,,,,,,,
irelindia.ie,,,not_found,,,0,0,,,,,,,,
irinastitchwork.ie,,,not_found,,,0,0,,,,,,,,
irish-acupuncture.ie,,,not_found,,,0,0,,,,,,,,
irish-advantage.ie,,,not_found,,,0,,,,,,,,,
irish-courses.ie,,,not_found,,,0,,,Yes,irish,,,,,
irish-doctor.ie,,,not_found,,,0,0,,,,,,,,
irish-wings.ie,,,not_found,,,0,0,,Yes,irish,,,,,
irishacoustics.ie,,,not_found,,,0,,,,,,,,,
irishacupuncture.ie,,,not_found,,,0,0,,,,,,,,
irishai.ie,,,not_found,,,0,,,Yes,irish AI,,,,,
irishairforce.ie,,,not_found,,,0,0,,Yes,irish,,,,,
irishbankdeposits.ie,,,not_found,,,0,0,,Yes,"irish, bank",,,,,
irishbeautystore.ie,,,not_found,,,0,0,,,,,,,,
irishbeeftallow.ie,,,not_found,,,0,0,,,,,,,,
irishbingo.ie,,,not_found,,,0,,,Yes,irish,,,,,
irishbloodstockhub.ie,,,not_found,,,0,0,,,,,,,,
irishbusinessnetwork.ie,,,not_found,,,0,0,,,,,,,,
irishcannabis.ie,,,not_found,,,0,0,,,,,,,,
irishcert.ie,,,not_found,,,0,,,,,,,,,
irishcitizenarmy.ie,,,not_found,,,0,,,Yes,irish,,,,,
irishcoin.ie,,,not_found,,,0,0,,Yes,irish,,,,,
irishcollegeofchiropractic.ie,,,not_found,,,0,0,,Yes,"chiropractic, irish",,,,,
irishcorner.ie,,,not_found,,,0,0,,,,,,,,
irishcybersecurityawards.ie,,,not_found,,,0,,,Yes,"irish, award",,,,,
irishdesignandcraft.ie,,,not_found,,,0,,,Yes,"design, irish",,,,,
irishdevjobs.ie,,,not_found,,,0,0,,,,,,,,
irishenamels.ie,,,not_found,,,0,,,Yes,irish,,,,,
irishexpathub.ie,,,not_found,,,0,,,,,,,,,
irisheyecentre.ie,,,not_found,,,0,,,,,,,,,
irishfamilyfarms.ie,,,not_found,,,0,0,,,,,,,,
irishfarmfestival.ie,,,not_found,,,0,,,Yes,irish,,,,,
irishfitnesspt.ie,,,not_found,,,0,,,Yes,"fitness, irish",,,,,
irishflag.ie,,,not_found,,,0,0,,Yes,irish,,,,,
irishflyingclub.ie,,,not_found,,,0,,,Yes,irish,,,,,
irishfoodchampion.ie,,,not_found,,,0,,,Yes,"irish, food",,,,,
irishfoodjobs.ie,,,not_found,,,0,0,,Yes,"irish, food",,,,,
irishgetaway.ie,,,not_found,,,0,0,,,,,,,,
irishka.ie,,,not_found,,,0,0,,,,,,,,
irishlace.ie,,,not_found,,,0,0,,,,,,,,
irishletterbox.ie,,,not_found,,,0,,,Yes,irish,,,,,
irishlivestockexport.ie,,,not_found,,,0,,,Yes,irish,,,,,
irishlocumshealthcaregroup.ie,,,not_found,,,0,0,,Yes,"healthcare, irish, group",,,,,
irishmace.ie,,,not_found,,,0,,,Yes,irish,,,,,
irishnfltours.ie,,,not_found,,,0,,,,,,,,,
irishonlinetraining.ie,,,not_found,,,0,0,,,,,,,,
irishpatriotparty.ie,,,not_found,,,0,,,Yes,irish,,,,,
irishpubmuseum.ie,,,not_found,,,0,20,3211,Yes,irish,,,,2017-11-04,2017-11-14
irishreadingdogs.ie,,,not_found,,,0,0,,Yes,irish,,,,,
irishreclaimed.ie,,,not_found,,,0,0,,,,,,,,
irishrental.ie,,,not_found,,,0,0,,,,,,,,
irishrepublicday.ie,,,not_found,,,0,,,Yes,irish,,,,,
irishsawmill.ie,,,not_found,,,0,,,Yes,irish,,,,,
irishschooldogs.ie,,,not_found,,,0,0,,Yes,"school, irish",,,,,
irishseafoodretailer.ie,,,not_found,,,0,,,,,,,,,
irishseafoodretailers.ie,,,not_found,,,0,0,,,,,,,,
irishseashore.ie,,,not_found,,,0,0,,,,,,,,
irishsnus.ie,,,not_found,,,0,,,Yes,irish,,,,,
irishspacecentre.ie,,,not_found,,,0,0,,,,,,,,
irishsuccesspodcast.ie,,,not_found,,,0,,,Yes,irish,,,,,
irishswingband.ie,,,not_found,,,0,,,,,,,,,
irishtechjobs.ie,,,not_found,,,0,0,,Yes,"irish, tech jobs",,,,,
irishtree.ie,,,not_found,,,0,,,Yes,irish,,,,,
irishtributes.ie,,,not_found,,,0,0,,Yes,irish,,,,,
irishtruffle.ie,,,not_found,,,0,0,,,,,,,,
irishvisahub.ie,,,not_found,,,0,,,,,,,,,
irishwebdevelopment.ie,,,not_found,,,0,,,Yes,irish,,,,,
irishwebsites.ie,,,not_found,,,0,0,,,,,,,,
irishweekly.ie,,,not_found,,,0,0,,Yes,irish,,,,,
irishwings.ie,,,not_found,,,0,0,,Yes,irish,,,,,
isabc.ie,,,not_found,,,0,,,No,,,,,,
isabellagrace.ie,,,not_found,,,0,,,,,,,,,
iscream.ie,,,not_found,,,0,0,,No,,,,,,
islandentertainmentkillarney.ie,,,not_found,,,0,0,,Yes,entertainment,,,,,
islandentertainmentskillarney.ie,,,not_found,,,0,0,,Yes,entertainment,,,,,
islandentertainmentstralee.ie,,,not_found,,,0,0,,Yes,entertainment,,,,,
islandentertainmenttralee.ie,,,not_found,,,0,0,,Yes,entertainment,,,,,
iso20000.ie,,,not_found,,,0,0,,,,,,,,
isocell-airstop.ie,,,not_found,,,0,0,,,,,,,,
isocellairstop.ie,,,not_found,,,0,0,,,,,,,,
isog.ie,,,not_found,,,0,0,,,,,,,,
isport.ie,,,not_found,,,0,848,2407,Yes,sport,,,,2007-03-28,2020-01-27
isurfireland.ie,,,not_found,,,0,,,Yes,ireland,,,,,
it-consultant.ie,,,not_found,,,0,0,,,,,,,,
itconsulting.ie,,,not_found,,,0,,,,,,,,,
itruffles.ie,,,not_found,,,0,0,,,,,,,,
itsallaboutliving.ie,,,not_found,,,0,5000,526,No,,,,,2013-08-24,2025-03-22
itsforkindelicious.ie,,,not_found,,,0,,,,,,,,,
itsour15thbirthday.ie,,,not_found,,,0,0,,No,,,,,,
itstartsat50.ie,,,not_found,,,0,0,,,,,,,,
itstrategy.ie,,,not_found,,,0,0,,No,,,,,,
itsupportireland.ie,,,not_found,,,0,,,Yes,ireland,,,,,
ivegotyou.ie,,,not_found,,,0,,,No,,,,,,
ivoryarmoire.ie,,,not_found,,,0,0,,,,,,,,
ix1.ie,,,not_found,,,0,,,,,,,,,
izoom.ie,,,not_found,,,0,,,,,,,,,
jackalope.ie,,,not_found,,,0,,,,,,,,,
jackdoyle.ie,,,not_found,,,0,0,,,,,,,,
jackduff.ie,,,not_found,,,0,0,,,,,,,,
jacklily.ie,,,not_found,,,0,,,,,,,,,
jacobmorris.ie,,,not_found,,,0,0,,,,,,,,
jacobsislandblock7lrd.ie,,,not_found,,,0,0,,,,,,,,
jacquelinekelly.ie,,,not_found,,,0,0,,,,,,,,
jacquesalpines.ie,,,not_found,,,0,0,,,,,,,,
jade-palace.ie,,,not_found,,,0,0,,,,,,,,
jamango.ie,,,not_found,,,0,0,,,,,,,,
jambonz.ie,,,not_found,,,0,0,,,,,,,,
jamesenrightkernan.ie,,,not_found,,,0,,,,,,,,,
jamesmerriman.ie,,,not_found,,,0,0,,,,,,,,
jamesogradyplumbingandheating.ie,,,not_found,,,0,0,,,,,,,,
jamesryan.ie,,,not_found,,,0,0,,,,,,,,
jamesstreetshd.ie,,,not_found,,,0,,,,,,,,,
jamiedeegan.ie,,,not_found,,,0,0,,,,,,,,
jammy.ie,,,not_found,,,0,,,,,,,,,
jarek.ie,,,not_found,,,0,0,,No,,,,,,
jargon.ie,,,not_found,,,0,,,,,,,,,
jarrzbars.ie,,,not_found,,,0,,,,,,,,,
jasonmurphy.ie,,,not_found,,,0,,,,,,,,,
javaprogrammingcourses.ie,,,not_found,,,0,,,,,,,,,
jayanitestjul20.ie,,,not_found,,,0,,,,,,,,,
jayneleeconsulting.ie,,,not_found,,,0,,,Yes,consulting,,,,,
jayo.ie,,,not_found,,,0,,,,,,,,,
jazzkebabandpizza.ie,,,not_found,,,0,,,,,,,,,
jbprint.ie,,,not_found,,,0,0,,Yes,print,,,,,
jbprinters.ie,,,not_found,,,0,0,,Yes,print,,,,,
jbrefrigeration.ie,,,not_found,,,0,65,,No,,,,,2021-12-08,2026-04-15
jbutler.ie,,,not_found,,,0,,,No,,,,,,
jd-360.ie,,,not_found,,,0,,,,,,,,,
jd-bazaar.ie,,,not_found,,,0,,,,,,,,,
jd360.ie,,,not_found,,,0,,,,,,,,,
jdbazaar.ie,,,not_found,,,0,,,,,,,,,
jdmaccessories.ie,,,not_found,,,0,,,Yes,access,,,,,
jenlee.ie,,,not_found,,,0,0,,No,,,,,,
jenniferlee.ie,,,not_found,,,0,0,,No,,,,,,
jerrylopez.ie,,,not_found,,,0,0,,,,,,,,
jerrylopezpr.ie,,,not_found,,,0,0,,,,,,,,
jfloydengineeringcork.ie,,,not_found,,,0,0,,Yes,cork,,,,,
jgcg.ie,,,not_found,,,0,0,,,,,,,,
jhanwayremovalsandstorage.ie,,,not_found,,,0,0,,,,,,,,
jigsawsforkids.ie,,,not_found,,,0,0,,No,,,,,,
jmkconsultants.ie,,,not_found,,,0,,,Yes,consultant,,,,,
jngeducationandtraining.ie,,,not_found,,,0,,,Yes,training,,,,,
jnjtrials.ie,,,not_found,,,0,,,No,,,,,,
joanmarieaesthetics.ie,,,not_found,,,0,0,,Yes,aesthetics,,,,,
jober.ie,,,not_found,,,0,,,,,,,,,
jobscan.ie,,,not_found,,,0,0,,No,,,,,,
jobsorted.ie,,,not_found,,,0,0,,,,,,,,
jobvert.ie,,,not_found,,,0,,,,,,,,,
joebeadesign.ie,,,not_found,,,0,,,Yes,design,,,,,
joeydunnetyres.ie,,,not_found,,,0,0,,No,,,,,,
johnbcosgrave1946.ie,,,not_found,,,0,,,No,,,,,,
johngmurphy.ie,,,not_found,,,0,,,,,,,,,
johnmorrissey.ie,,,not_found,,,0,0,,,,,,,,
johnshine.ie,,,not_found,,,0,,,,,,,,,
johnslandscaping.ie,,,not_found,,,0,0,,,,,,,,
joinmyntly.ie,,,not_found,,,0,,,,,,,,,
jointhebalance.ie,,,not_found,,,0,,,No,,,,,,
joshbarbers.ie,,,not_found,,,0,,,,,,,,,
josullivandecorators.ie,,,not_found,,,0,0,,,,,,,,
joyfuljewellery.ie,,,not_found,,,0,0,,No,,,,,,
joynireland.ie,,,not_found,,,0,0,,,,,,,,
jpelectrical.ie,,,not_found,,,0,0,,Yes,electrical,,,,,
jphilipboyle.ie,,,not_found,,,0,0,,,,,,,,
jponeillrepairs.ie,,,not_found,,,0,,,,,,,,,
jpvenergy.ie,,,not_found,,,0,0,,,,,,,,
jslaboursolutions.ie,,,not_found,,,0,0,,Yes,solutions,,,,,
jsls.ie,,,not_found,,,0,0,,No,,,,,,
jstprintedparts.ie,,,not_found,,,0,,,Yes,"print, arts",,,,,
jubileemanage.ie,,,not_found,,,0,0,,,,,,,,
juliapmu.ie,,,not_found,,,0,,,,,,,,,
juliasitalian.ie,,,not_found,,,0,,,No,,,,,,
juliasrestaurant.ie,,,not_found,,,0,,,Yes,restaurant,,,,,
juliehroaklodgenursinghome.ie,,,not_found,,,0,,,,,,,,,
juliesbarbershop.ie,,,not_found,,,0,,,Yes,barbershop,,,,,
jumpstart.ie,,,not_found,,,0,56,1266,,,,,,2012-09-28,2023-03-12
juniorexplorers.ie,,,not_found,,,0,0,,No,,,,,,
juniormba.ie,,,not_found,,,0,0,,,,,,,,
junko.ie,,,not_found,,,0,0,,No,,,,,,
juno.ie,,,not_found,,,0,0,,,,,,,,
just1life.ie,,,not_found,,,0,0,,,,,,,,
justforyoucrafts.ie,,,not_found,,,0,,,No,,,,,,
justnoveltydrivinglicences.ie,,,not_found,,,0,,,No,,,,,,
k-ink.ie,,,not_found,,,0,0,,No,,,,,,
k3financialservices.ie,,,not_found,,,0,0,,,,,,,,
k9studio.ie,,,not_found,,,0,,,,,,,,,
kaes.ie,,,not_found,,,0,,,,,,,,,
kafpizza.ie,,,not_found,,,0,0,,,,,,,,
kaka.ie,,,not_found,,,0,0,,,,,,,,
kakedesserts.ie,,,not_found,,,0,,,No,,,,,,
kantrob.ie,,,not_found,,,0,0,,,,,,,,
karabas.ie,,,not_found,,,0,0,,No,,,,,,
kard.ie,,,not_found,,,0,,,No,,,,,,
karloshaughnessy.ie,,,not_found,,,0,0,,,,,,,,
kathleenkerrigan.ie,,,not_found,,,0,,,No,,,,,,
kathykeane.ie,,,not_found,,,0,,,,,,,,,
katieandcopress.ie,,,not_found,,,0,0,,,,,,,,
kats.ie,,,not_found,,,0,0,,,,,,,,
kayro.ie,,,not_found,,,0,0,,,,,,,,
kbi.ie,,,not_found,,,0,,,No,,,,,,
kdmech.ie,,,not_found,,,0,0,,,,,,,,
kdmechanical.ie,,,not_found,,,0,,,,,,,,,
kealaninecouriers.ie,,,not_found,,,0,,,No,,,,,,
kearneycrashrepairs.ie,,,not_found,,,0,0,,,,,,,,
keepup.ie,,,not_found,,,0,0,,,,,,,,
keepy.ie,,,not_found,,,0,0,,No,,,,,,
keipod.ie,,,not_found,,,0,0,,,,,,,,
keithwalker.ie,,,not_found,,,0,,,,,,,,,
kellieanne.ie,,,not_found,,,0,0,,,,,,,,
kenetto.ie,,,not_found,,,0,,,No,,,,,,
kenlynch.ie,,,not_found,,,0,0,,,,,,,,
kennadesign.ie,,,not_found,,,0,0,,Yes,design,,,,,
kentecheng.ie,,,not_found,,,0,,,Yes,tech,,,,,
kentuckyhorseware.ie,,,not_found,,,0,0,,,,,,,,
keroseneprices.ie,,,not_found,,,0,0,,,,,,,,
kerrabean.ie,,,not_found,,,0,0,,No,,,,,,
kerrobean.ie,,,not_found,,,0,0,,No,,,,,,
kerrybean.ie,,,not_found,,,0,0,,Yes,kerry,,,,,
kerryfoodservice.ie,,,not_found,,,0,,,Yes,"service, kerry, food",,,,,
kerryfoodservices.ie,,,not_found,,,0,,,Yes,"services, kerry, food",,,,,
kestrelinteriordesign.ie,,,not_found,,,0,,,,,,,,,
kevb.ie,,,not_found,,,0,,,,,,,,,
kevbrophy.ie,,,not_found,,,0,,,,,,,,,
kevinolearymotorgroup.ie,,,not_found,,,0,,,,,,,,,
kevinsdrivingschoolcork.ie,,,not_found,,,0,0,,,,,,,,
keyfinder.ie,,,not_found,,,0,,,,,,,,,
keyholders.ie,,,not_found,,,0,,,No,,,,,,
keyholding.ie,,,not_found,,,0,,,No,,,,,,
keystoneholdings.ie,,,not_found,,,0,0,,,,,,,,
keystorage.ie,,,not_found,,,0,,,No,,,,,,
kfsportstherapyandwellness.ie,,,not_found,,,0,0,,,,,,,,
khayaldecals.ie,,,not_found,,,0,0,,No,,,,,,
khhairenhancers.ie,,,not_found,,,0,,,,,,,,,
kicksmart.ie,,,not_found,,,0,,,,,,,,,
kicksmartsoccer.ie,,,not_found,,,0,,,,,,,,,
kidsadventures.ie,,,not_found,,,0,0,,,,,,,,
kidsmagic.ie,,,not_found,,,0,,,No,,,,,,
kidspartyhouse.ie,,,not_found,,,0,,,Yes,house,,,,,
kidsshoes.ie,,,not_found,,,0,0,,No,,,,,,
kilbarrycarecentre.ie,,,not_found,,,0,0,,Yes,care,,,,,
kilbridehousinglrd.ie,,,not_found,,,0,0,,No,,,,,,
kilcocksaysno.ie,,,not_found,,,0,,,,,,,,,
kilconierongroupwaterco-operative.ie,,,not_found,,,0,,,,,,,,,
kildarecanineacademy.ie,,,not_found,,,0,0,,,,,,,,
kildarefood.ie,,,not_found,,,0,,,Yes,food,,,,,
kildareroofrepairs.ie,,,not_found,,,0,,,Yes,"repair, roof",,,,,
kildaresolicitor.ie,,,not_found,,,0,,,Yes,solicitor,,,,,
kilkennyartsandcrafs.ie,,,not_found,,,0,0,,,,,,,,
kilkennycarecentre.ie,,,not_found,,,0,0,,Yes,"kilkenny, care",,,,,
kilkennyfastfit.ie,,,not_found,,,0,,,Yes,kilkenny,,,,,
kilkennypilates.ie,,,not_found,,,0,,,Yes,"kilkenny, pilates",,,,,
kilkennyroofing.ie,,,not_found,,,0,,,Yes,"kilkenny, roofing",,,,,
killaloebridge.ie,,,not_found,,,0,0,,,,,,,,
killarneyballoons.ie,,,not_found,,,0,,,No,,,,,,
killarneyescape.ie,,,not_found,,,0,0,,,,,,,,
killeencrafts.ie,,,not_found,,,0,,,No,,,,,,
killybegsenergy.ie,,,not_found,,,0,0,,,,,,,,
kilmanahancastle.ie,,,not_found,,,0,,,No,,,,,,
kilocast.ie,,,not_found,,,0,,,No,,,,,,
kilshane.ie,,,not_found,,,0,0,,No,,,,,,
kiltimaghgaa.ie,,,not_found,,,0,0,,No,,,,,,
kiltimaghgaaclub.ie,,,not_found,,,0,0,,,,,,,,
kimodonnell.ie,,,not_found,,,0,,,No,,,,,,
kindfall.ie,,,not_found,,,0,0,,,,,,,,
kingdomcasino.ie,,,not_found,,,0,0,,,,,,,,
kingdomeclean.ie,,,not_found,,,0,0,,Yes,clean,,,,,
kingdompc.ie,,,not_found,,,0,0,,No,,,,,,
kingdomtuition.ie,,,not_found,,,0,0,,No,,,,,,
kingdomwebdesign.ie,,,not_found,,,0,,,Yes,design,,,,,
kingswell-group.ie,,,not_found,,,0,0,,,,,,,,
kingswellgroup.ie,,,not_found,,,0,0,,,,,,,,
kingswellsupply.ie,,,not_found,,,0,0,,,,,,,,
kinsalegas.ie,,,not_found,,,0,,,,,,,,,
kinsalegiftware.ie,,,not_found,,,0,,,No,,,,,,
kinsellamaintenance.ie,,,not_found,,,0,0,,,,,,,,
kintrace.ie,,,not_found,,,0,0,,No,,,,,,
kissmybun.ie,,,not_found,,,0,,,No,,,,,,
kitchendesigndublin.ie,,,not_found,,,0,,,,,,,,,
kitchenfittings.ie,,,not_found,,,0,0,,No,,,,,,
kitchengifts.ie,,,not_found,,,0,0,,No,,,,,,
kitchenhub.ie,,,not_found,,,0,0,,,,,,,,
kitchenireland.ie,,,not_found,,,0,0,,,,,,,,
kitchenrenovate.ie,,,not_found,,,0,0,,Yes,"renovate, kitchen",,,,,
kitted.ie,,,not_found,,,0,,,,,,,,,
kittenkaboodle.ie,,,not_found,,,0,,,,,,,,,
kittysonthebrige.ie,,,not_found,,,0,,,,,,,,,
kkcleaningandpainting.ie,,,not_found,,,0,,,Yes,"cleaning, painting",,,,,
kl-ireland.ie,,,not_found,,,0,0,,,,,,,,
klartext.ie,,,not_found,,,0,,,No,,,,,,
klarwindows.ie,,,not_found,,,0,,,No,,,,,,
kleenv.ie,,,not_found,,,0,,,No,,,,,,
klhairstudio.ie,,,not_found,,,0,,,Yes,"studio, hair",,,,,
klikk-cargo.ie,,,not_found,,,0,0,,,,,,,,
klk-datacentres.ie,,,not_found,,,0,,,Yes,data,,,,,
kmrjobs.ie,,,not_found,,,0,,,No,,,,,,
kmrrecruitment.ie,,,not_found,,,0,,,Yes,recruitment,,,,,
kneadtounwind.ie,,,not_found,,,0,,,,,,,,,
knockonwood.ie,,,not_found,,,0,,,Yes,wood,,,,,
knotiverse.ie,,,not_found,,,0,0,,,,,,,,
kodoi.ie,,,not_found,,,0,0,,,,,,,,
kodoiconsulting.ie,,,not_found,,,0,0,,,,,,,,
koelmann.ie,,,not_found,,,0,,,,,,,,,
kohinoorbeauty.ie,,,not_found,,,0,0,,Yes,beauty,,,,,
kokorozenwear.ie,,,not_found,,,0,,,,,,,,,
kollabro.ie,,,not_found,,,0,,,No,,,,,,
konceptwaste.ie,,,not_found,,,0,,,No,,,,,,
kore-management.ie,,,not_found,,,0,,,Yes,management,,,,,
koreenergyservices.ie,,,not_found,,,0,0,,,,,,,,
kortellhouseofbeauty.ie,,,not_found,,,0,0,,Yes,"beauty, house",,,,,
kottaram.ie,,,not_found,,,0,,,,,,,,,
krcastles.ie,,,not_found,,,0,0,,No,,,,,,
krcom.ie,,,not_found,,,0,,,No,,,,,,
kriswalshhairdesign.ie,,,not_found,,,0,0,,,,,,,,
kryhealthcare.ie,,,not_found,,,0,0,,,,,,,,
ktechelectrical.ie,,,not_found,,,0,0,,,,,,,,
kueltee.ie,,,not_found,,,0,0,,,,,,,,
kurdishkebabs.ie,,,not_found,,,0,0,,,,,,,,
kwaku.ie,,,not_found,,,0,,,No,,,,,,
kwg.ie,,,not_found,,,0,,,,,,,,,
l-di.ie,,,not_found,,,0,0,,No,,,,,,
l-evatedrivingschool.ie,,,not_found,,,0,1,599,Yes,school,,,,2025-01-08,2025-01-08
labradorite.ie,,,not_found,,,0,0,,,,,,,,
lactoiron.ie,,,not_found,,,0,0,,No,,,,,,
lacuna.ie,,,not_found,,,0,,,,,,,,,
ladiesonlyclub.ie,,,not_found,,,0,,,No,,,,,,
lafufu.ie,,,not_found,,,0,0,,,,,,,,
laighleis.ie,,,not_found,,,0,,,No,,,,,,
lairdit.ie,,,not_found,,,0,,,,,,,,,
lakesidefarms.ie,,,not_found,,,0,,,Yes,arms,,,,,
lamheilegalway.ie,,,not_found,,,0,,,Yes,legal,,,,,
lancellpartners.ie,,,not_found,,,0,0,,,,,,,,
landdrainflushing.ie,,,not_found,,,0,,,No,,,,,,
landdu.ie,,,not_found,,,0,,,No,,,,,,
landofsaintsandscholars.ie,,,not_found,,,0,,,No,,,,,,
landregistry-mapping.ie,,,not_found,,,0,,,,,,,,,
landregistryireland.ie,,,not_found,,,0,0,,,,,,,,
landsail.ie,,,not_found,,,0,0,,,,,,,,
landsailtyres.ie,,,not_found,,,0,0,,,,,,,,
landscapingandpowerwashingcork.ie,,,not_found,,,0,0,,,,,,,,
lankeleisi.ie,,,not_found,,,0,0,,No,,,,,,
lannu.ie,,,not_found,,,0,0,,,,,,,,
laoissarsfields.ie,,,not_found,,,0,0,,Yes,laois,,,,,
lapislazuli.ie,,,not_found,,,0,0,,,,,,,,
laplandholidays.ie,,,not_found,,,0,,,,,,,,,
laptopcharger.ie,,,not_found,,,0,57,4753,,,,,,2012-10-09,2013-08-24
laptopparts.ie,,,not_found,,,0,5000,465,,,,,,2006-07-06,2025-05-21
laptoppcclinic.ie,,,not_found,,,0,0,,,,,,,,
larahealthcare.ie,,,not_found,,,0,0,,,,,,,,
larasfashion.ie,,,not_found,,,0,,,,,,,,,
larise.ie,,,not_found,,,0,,,Yes,arise,,,,,
larkincunningham.ie,,,not_found,,,0,0,,No,,,,,,
lasa.ie,,,not_found,,,0,,,No,,,,,,
lasercareclinic.ie,,,not_found,,,0,0,,,,,,,,
lasermade.ie,,,not_found,,,0,,,No,,,,,,
lastchristmas.ie,,,not_found,,,0,0,,,,,,,,
latestays.ie,,,not_found,,,0,,,No,,,,,,
launchfinancial.ie,,,not_found,,,0,0,,Yes,financial,,,,,
launchrecruit.ie,,,not_found,,,0,0,,No,,,,,,
launchu.ie,,,not_found,,,0,0,,,,,,,,
laundry-king.ie,,,not_found,,,0,0,,No,,,,,,
lauraflynnfitness.ie,,,not_found,,,0,0,,Yes,fitness,,,,,
lauramcauliffe.ie,,,not_found,,,0,,,,,,,,,
laurelandlyle.ie,,,not_found,,,0,0,,No,,,,,,
laurisbrimmers.ie,,,not_found,,,0,,,No,,,,,,
law-assist.ie,,,not_found,,,0,0,,,,,,,,
lawnmowing.ie,,,not_found,,,0,,,,,,,,,
lawservices.ie,,,not_found,,,0,,,Yes,Law services,,,,,
lawyeruppodcast.ie,,,not_found,,,0,0,,,,,,,,
laxcollectables.ie,,,not_found,,,0,,,,,,,,,
lazertagportal.ie,,,not_found,,,0,0,,,,,,,,
lazymondays.ie,,,not_found,,,0,0,,,,,,,,
ld-i.ie,,,not_found,,,0,0,,No,,,,,,
ldii.ie,,,not_found,,,0,0,,No,,,,,,
leadify.ie,,,not_found,,,0,0,,,,,,,,
leadlink.ie,,,not_found,,,0,,,,,,,,,
leadlite.ie,,,not_found,,,0,,,No,,,,,,
leadmagnetmarketing.ie,,,not_found,,,0,,,,,,,,,
leadwell.ie,,,not_found,,,0,0,,,,,,,,
leaguefunder.ie,,,not_found,,,0,0,,No,,,,,,
leanelough.ie,,,not_found,,,0,0,,,,,,,,
leaneloughecoretreat.ie,,,not_found,,,0,0,,No,,,,,,
learn-german-in-kildare.ie,,,not_found,,,0,0,,No,,,,,,
learnenglishdublin.ie,,,not_found,,,0,0,,,,,,,,
learnenglishindublin.ie,,,not_found,,,0,0,,,,,,,,
learngermaninkildare.ie,,,not_found,,,0,0,,No,,,,,,
learningforliving.ie,,,not_found,,,0,,,No,,,,,,
leddin.ie,,,not_found,,,0,0,,,,,,,,
ledflex.ie,,,not_found,,,0,,,,,,,,,
ledscoreboard.ie,,,not_found,,,0,,,,,,,,,
ledscoreboards.ie,,,not_found,,,0,,,,,,,,,
ledzone.ie,,,not_found,,,0,0,,No,,,,,,
leecounselling.ie,,,not_found,,,0,0,,,,,,,,
leesidespiritualcelebrations.ie,,,not_found,,,0,,,,,,,,,
leesidespiritualceremonies.ie,,,not_found,,,0,,,,,,,,,
legacyexpressions.ie,,,not_found,,,0,,,No,,,,,,
legacymatters.ie,,,not_found,,,0,0,,No,,,,,,
legacyplan.ie,,,not_found,,,0,0,,No,,,,,,
legalchat.ie,,,not_found,,,0,,,Yes,legal,,,,,
legalfinanceireland.ie,,,not_found,,,0,,,Yes,"finance, ireland, legal",,,,,
legendpizzatakeaway.ie,,,not_found,,,0,,,Yes,away,,,,,
legendsdoggydaycare.ie,,,not_found,,,0,,,,,,,,,
legrastudios.ie,,,not_found,,,0,0,,Yes,studio,,,,,
legs.ie,,,not_found,,,0,4,3211,No,,,,,2017-11-04,2017-11-14
leicesterwideroofingandguttering.ie,,,not_found,,,0,,,,,,,,,
leicestewideroofingandguttering.ie,,,not_found,,,0,,,,,,,,,
leinsterlofts.ie,,,not_found,,,0,,,,,,,,,
leinstersquare.ie,,,not_found,,,0,,,,,,,,,
leinsterwhiskey.ie,,,not_found,,,0,,,,,,,,,
leinsterwideroofingandguttering.ie,,,not_found,,,0,,,,,,,,,
leitrimcare.ie,,,not_found,,,0,,,Yes,"leitrim, care",,,,,
lemm.ie,,,not_found,,,0,,,,,,,,,
lemontree.ie,,,not_found,,,0,,,,,,,,,
lennonsdrapery.ie,,,not_found,,,0,,,,,,,,,
leonardscoaches.ie,,,not_found,,,0,,,,,,,,,
leone-connolly.ie,,,not_found,,,0,,,No,,,,,,
leopardstowncarecentre.ie,,,not_found,,,0,0,,Yes,care,,,,,
leprecloud.ie,,,not_found,,,0,0,,Yes,cloud,,,,,
leraje.ie,,,not_found,,,0,,,,,,,,,
letsdivorce.ie,,,not_found,,,0,,,,,,,,,
letsdrawwithtina.ie,,,not_found,,,0,,,No,,,,,,
letsgettrading.ie,,,not_found,,,0,,,,,,,,,
letsgofamilytravel.ie,,,not_found,,,0,,,,,,,,,
letsgoout.ie,,,not_found,,,0,,,,,,,,,
letstalkmediation.ie,,,not_found,,,0,0,,Yes,media,,,,,
letsyoga.ie,,,not_found,,,0,,,Yes,yoga,,,,,
letterboxx.ie,,,not_found,,,0,,,No,,,,,,
letushandleit.ie,,,not_found,,,0,6,3211,No,,,,,2017-11-04,2017-11-14
lewa-design.ie,,,not_found,,,0,0,,Yes,design,,,,,
lewadesign.ie,,,not_found,,,0,0,,Yes,design,,,,,
lewisandco.ie,,,not_found,,,0,,,,,,,,,
lewisgrant.ie,,,not_found,,,0,,,,,,,,,
lexai.ie,,,not_found,,,0,,,,,,,,,
lexgpt.ie,,,not_found,,,0,,,No,,,,,,
lexmedia.ie,,,not_found,,,0,,,Yes,media,,,,,
lfac.ie,,,not_found,,,0,59,1434,,,,,,2017-11-04,2022-09-26
lhenhancers.ie,,,not_found,,,0,,,,,,,,,
liambarryphotography.ie,,,not_found,,,0,,,,,,,,,
liamshannongoldsmith.ie,,,not_found,,,0,0,,,,,,,,
libertasconsulting.ie,,,not_found,,,0,,,,,,,,,
librep.ie,,,not_found,,,0,,,No,,,,,,
licensureconsulting.ie,,,not_found,,,0,,,Yes,consulting,,,,,
lif.ie,,,not_found,,,0,,,No,,,,,,
life-in-range.ie,,,not_found,,,0,0,,,,,,,,
lifeafter.ie,,,not_found,,,0,,,,,,,,,
lifebytheatlantic.ie,,,not_found,,,0,,,No,,,,,,
lifeinrange.ie,,,not_found,,,0,0,,,,,,,,
lifeinsync.ie,,,not_found,,,0,0,,,,,,,,
lifeswarrior.ie,,,not_found,,,0,,,,,,,,,
lifeunderlights.ie,,,not_found,,,0,,,,,,,,,
liftinglegendsacademy.ie,,,not_found,,,0,0,,No,,,,,,
light-sensitivephotography.ie,,,not_found,,,0,0,,,,,,,,
light-sensitivephotographyfilmstills.ie,,,not_found,,,0,0,,,,,,,,
lighttouch.ie,,,not_found,,,0,0,,,,,,,,
lik.ie,,,not_found,,,0,,,No,,,,,,
likelovegift.ie,,,not_found,,,0,,,No,,,,,,
likelyscam.ie,,,not_found,,,0,0,,No,,,,,,
lilacstudio.ie,,,not_found,,,0,0,,,,,,,,
lildribblers.ie,,,not_found,,,0,,,No,,,,,,
lilgraze.ie,,,not_found,,,0,,,No,,,,,,
lilyandmay.ie,,,not_found,,,0,0,,No,,,,,,
lilyvalysmartliving.ie,,,not_found,,,0,0,,,,,,,,
lilywhitecleaningservices.ie,,,not_found,,,0,0,,,,,,,,
limbic.ie,,,not_found,,,0,0,,No,,,,,,
limbrick.ie,,,not_found,,,0,,,,,,,,,
limerickembroidery.ie,,,not_found,,,0,0,,,,,,,,
limerickonyourbike.ie,,,not_found,,,0,0,,,,,,,,
limited-company.ie,,,not_found,,,0,,,,,,,,,
limitedco.ie,,,not_found,,,0,,,,,,,,,
limitthespread.ie,,,not_found,,,0,0,,No,,,,,,
lindbergmurray.ie,,,not_found,,,0,0,,,,,,,,
lindenlane.ie,,,not_found,,,0,0,,,,,,,,
lingbray.ie,,,not_found,,,0,0,,,,,,,,
lingsgreystones.ie,,,not_found,,,0,0,,,,,,,,
linkdigital.ie,,,not_found,,,0,0,,,,,,,,
linkmed.ie,,,not_found,,,0,0,,,,,,,,
linkmedical.ie,,,not_found,,,0,0,,,,,,,,
linkmedicals.ie,,,not_found,,,0,0,,,,,,,,
linktech.ie,,,not_found,,,0,0,,,,,,,,
linte.ie,,,not_found,,,0,0,,,,,,,,
lintestudio.ie,,,not_found,,,0,0,,,,,,,,
lipsynclegends.ie,,,not_found,,,0,0,,,,,,,,
lisleaconstruction.ie,,,not_found,,,0,,,,,,,,,
lismorefamilypractice.ie,,,not_found,,,0,0,,No,,,,,,
lismoregp.ie,,,not_found,,,0,0,,No,,,,,,
listowelvisualartistscollective.ie,,,not_found,,,0,0,,,,,,,,
litterparish.ie,,,not_found,,,0,0,,,,,,,,
littlebees.ie,,,not_found,,,0,0,,No,,,,,,
littleblackbox.ie,,,not_found,,,0,,,,,,,,,
littlebrotherhubbard.ie,,,not_found,,,0,0,,,,,,,,
littledeers.ie,,,not_found,,,0,,,No,,,,,,
littlefishdesign.ie,,,not_found,,,0,,,Yes,design,,,,,
littlekids.ie,,,not_found,,,0,0,,No,,,,,,
littlekidz.ie,,,not_found,,,0,0,,No,,,,,,
littlewingyoga.ie,,,not_found,,,0,,,Yes,yoga,,,,,
littlewoodskids.ie,,,not_found,,,0,0,,Yes,wood,,,,,
littlewoodskidz.ie,,,not_found,,,0,0,,Yes,wood,,,,,
livco.ie,,,not_found,,,0,,,,,,,,,
livegoodfundraising.ie,,,not_found,,,0,0,,,,,,,,
livegoodireland.ie,,,not_found,,,0,0,,,,,,,,
livelife.ie,,,not_found,,,0,0,,,,,,,,
livingstonepartners.ie,,,not_found,,,0,,,No,,,,,,
lizensa.ie,,,not_found,,,0,,,No,,,,,,
lkcchildcare.ie,,,not_found,,,0,,,Yes,care,,,,,
lkdoctors.ie,,,not_found,,,0,,,Yes,doctor,,,,,
lkmotors.ie,,,not_found,,,0,,,No,,,,,,
lma-readytowork.ie,,,not_found,,,0,0,,,,,,,,
lma1880.ie,,,not_found,,,0,0,,,,,,,,
lmedesigns.ie,,,not_found,,,0,,,,,,,,,
lmgsystems.ie,,,not_found,,,0,0,,,,,,,,
loberon.ie,,,not_found,,,0,,,,,,,,,
localbusiness.ie,,,not_found,,,0,,,,,,,,,
localbuzz.ie,,,not_found,,,0,0,,,,,,,,
localcommunity.ie,,,not_found,,,0,,,No,,,,,,
localis.ie,,,not_found,,,0,0,,No,,,,,,
localscoffee.ie,,,not_found,,,0,0,,No,,,,,,
localsustainability.ie,,,not_found,,,0,,,No,,,,,,
localtrade.ie,,,not_found,,,0,0,,No,local trade,,,,,
locketsisters.ie,,,not_found,,,0,,,No,,,,,,
locksmithdundrum.ie,,,not_found,,,0,,,,,,,,,
lodestone.ie,,,not_found,,,0,0,,,,,,,,
loewenenergy.ie,,,not_found,,,0,,,No,,,,,,
loftt.ie,,,not_found,,,0,0,,,,,,,,
log-cabins.ie,,,not_found,,,0,,,No,,,,,,
log-house.ie,,,not_found,,,0,,,Yes,house,,,,,
logianalytics.ie,,,not_found,,,0,0,,Yes,analytics,,,,,
logistica.ie,,,not_found,,,0,,,No,,,,,,
logsandstoves.ie,,,not_found,,,0,,,No,,,,,,
lokisprints.ie,,,not_found,,,0,0,,,,,,,,
longfordcare.ie,,,not_found,,,0,,,Yes,"longford, care",,,,,
longfordsportshub.ie,,,not_found,,,0,,,Yes,"longford, sports",,,,,
longviewassistant.ie,,,not_found,,,0,,,Yes,assistant,,,,,
look-at-rip.ie,,,not_found,,,0,0,,,,,,,,
lookatrip.ie,,,not_found,,,0,0,,,,,,,,
lookback.ie,,,not_found,,,0,0,,No,,,,,,
looseandlimber.ie,,,not_found,,,0,,,,,,,,,
lorenzos.ie,,,not_found,,,0,,,No,,,,,,
lorraineandanthony.ie,,,not_found,,,0,,,No,,,,,,
lorraineweddingstylist.ie,,,not_found,,,0,,,,,,,,,
lossanpatricios.ie,,,not_found,,,0,,,,,,,,,
lostwax.ie,,,not_found,,,0,0,,,,,,,,
lotusheating.ie,,,not_found,,,0,0,,,,,,,,
loughashassociates.ie,,,not_found,,,0,0,,,,,,,,
louhhdergprivate.ie,,,not_found,,,0,,,,,,,,,
lousplumbing.ie,,,not_found,,,0,0,,,,,,,,
louthcare.ie,,,not_found,,,0,,,Yes,care,,,,,
louthsolicitor.ie,,,not_found,,,0,0,,Yes,solicitor,,,,,
louthsolicitors.ie,,,not_found,,,0,0,,Yes,solicitor,,,,,
lovehygiene.ie,,,not_found,,,0,,,No,,,,,,
lovely-logs.ie,,,not_found,,,0,0,,,,,,,,
lovepoint.ie,,,not_found,,,0,0,,No,,,,,,
lovura.ie,,,not_found,,,0,0,,,,,,,,
lowcode.ie,,,not_found,,,0,0,,,,,,,,
loyalprinter.ie,,,not_found,,,0,,,,,,,,,
ltclink.ie,,,not_found,,,0,0,,,,,,,,
ltdco.ie,,,not_found,,,0,0,,,,,,,,
ltdcompany.ie,,,not_found,,,0,0,,,,,,,,
lucaflo.ie,,,not_found,,,0,0,,,,,,,,
lucanlocals.ie,,,not_found,,,0,,,,,,,,,
lucinda.ie,,,not_found,,,0,0,,,,,,,,
luckycharm.ie,,,not_found,,,0,0,,,,,,,,
lucrummagna.ie,,,not_found,,,0,0,,,,,,,,
luffin.ie,,,not_found,,,0,0,,,,,,,,
lughnasafestival.ie,,,not_found,,,0,0,,,,,,,,
lumiandco.ie,,,not_found,,,0,0,,No,,,,,,
luminnara.ie,,,not_found,,,0,,,No,,,,,,
lumonmedia.ie,,,not_found,,,0,0,,,,,,,,
lumoramed.ie,,,not_found,,,0,,,No,,,,,,
lumosweb.ie,,,not_found,,,0,,,No,,,,,,
lumsdenconsulting.ie,,,not_found,,,0,0,,Yes,consulting,,,,,
lung.ie,,,not_found,,,0,,,,,,,,,
lungs.ie,,,not_found,,,0,,,,,,,,,
lurasmile.ie,,,not_found,,,0,,,No,,,,,,
lurevia.ie,,,not_found,,,0,0,,,,,,,,
lushcakes.ie,,,not_found,,,0,,,No,,,,,,
luskcommuinty.ie,,,not_found,,,0,,,No,,,,,,
lusmor.ie,,,not_found,,,0,0,,No,,,,,,
luxdeco.ie,,,not_found,,,0,0,,,,,,,,
luxeflow.ie,,,not_found,,,0,0,,No,,,,,,
luxuryboardingkennels.ie,,,not_found,,,0,,,,,,,,,
lvlupretrofit.ie,,,not_found,,,0,,,,,,,,,
lwettb.ie,,,not_found,,,0,,,,,,,,,
lynchacr.ie,,,not_found,,,0,0,,,,,,,,
lynkcourier.ie,,,not_found,,,0,0,,,,,,,,
lynkedloyalty.ie,,,not_found,,,0,0,,,,,,,,
lynnmarieadvisory.ie,,,not_found,,,0,,,,,,,,,
lynnwinterson.ie,,,not_found,,,0,0,,,,,,,,
lyonfood.ie,,,not_found,,,0,,,,,,,,,
lyons-food.ie,,,not_found,,,0,,,,,,,,,
lyonsfoodapp.ie,,,not_found,,,0,,,,,,,,,
lyonsfoods.ie,,,not_found,,,0,,,,,,,,,
lyonsfoodsapp.ie,,,not_found,,,0,,,,,,,,,
lyonstyre.ie,,,not_found,,,0,,,,,,,,,
lyres.ie,,,not_found,,,0,,,,,,,,,
m1towing.ie,,,not_found,,,0,,,,,,,,,
m1towingdublin.ie,,,not_found,,,0,,,,,,,,,
m7painting.ie,,,not_found,,,0,,,,,,,,,
mabonfestival.ie,,,not_found,,,0,0,,,,,,,,
macbor.ie,,,not_found,,,0,,,No,,,,,,
macleans.ie,,,not_found,,,0,0,,Yes,clean,,,,,
macrameireland.ie,,,not_found,,,0,0,,Yes,ireland,,,,,
macsautos.ie,,,not_found,,,0,,,Yes,auto,,,,,
madavita.ie,,,not_found,,,0,0,,No,,,,,,
maddengroup.ie,,,not_found,,,0,0,,,,,,,,
maddenshairandbeautysuppliers.ie,,,not_found,,,0,0,,,,,,,,
madefromrain.ie,,,not_found,,,0,0,,No,,,,,,
madeindonegal.ie,,,not_found,,,0,0,,,,,,,,
maevedublin.ie,,,not_found,,,0,,,Yes,dublin,,,,,
maevegalway.ie,,,not_found,,,0,,,,,,,,,
mageesinniskeen.ie,,,not_found,,,0,,,,,,,,,
magictreemushrooms.ie,,,not_found,,,0,,,Yes,room,,,,,
magicwedding.ie,,,not_found,,,0,0,,,,,,,,
magnific.ie,,,not_found,,,0,0,,No,,,,,,
magnolialandscapes.ie,,,not_found,,,0,,,,,,,,,
magnumevents.ie,,,not_found,,,0,,,,,,,,,
magnumsafety.ie,,,not_found,,,0,0,,,,,,,,
maguire-pharmacy.ie,,,not_found,,,0,,,,,,,,,
mainsaver.ie,,,not_found,,,0,0,,,,,,,,
majellahiggins.ie,,,not_found,,,0,0,,,,,,,,
makerofgames.ie,,,not_found,,,0,,,,,,,,,
malachite.ie,,,not_found,,,0,0,,,,,,,,
mallowsteel.ie,,,not_found,,,0,0,,,,,,,,
malonemachinery.ie,,,not_found,,,0,,,,,,,,,
maloneparts.ie,,,not_found,,,0,,,,,,,,,
malonesales.ie,,,not_found,,,0,0,,,,,,,,
maloneyspainting.ie,,,not_found,,,0,0,,,,,,,,
mamashand.ie,,,not_found,,,0,0,,,,,,,,
managemywebsite.ie,,,not_found,,,0,,,Yes,website,,,,,
mandir.ie,,,not_found,,,0,0,,,,,,,,
manifeast.ie,,,not_found,,,0,,,No,,,,,,
manletschat.ie,,,not_found,,,0,0,,,,,,,,
manpowerireland.ie,,,not_found,,,0,0,,,,,,,,
mansardproperty.ie,,,not_found,,,0,,,Yes,property,,,,,
manual-handling-irish.ie,,,not_found,,,0,0,,,,,,,,
manualhandlingireland.ie,,,not_found,,,0,0,,,,,,,,
maplewoodinteriors.ie,,,not_found,,,0,,,,,,,,,
maraembroideryirl.ie,,,not_found,,,0,,,No,,,,,,
maraneggs.ie,,,not_found,,,0,0,,,,,,,,
marchbirthstone.ie,,,not_found,,,0,0,,,,,,,,
marchis.ie,,,not_found,,,0,,,No,,,,,,
marchtogazaireland.ie,,,not_found,,,0,0,,,,,,,,
marciperson.ie,,,not_found,,,0,0,,No,,,,,,
marco-cocoa.ie,,,not_found,,,0,0,,No,,,,,,
mariahelenacelebrant.ie,,,not_found,,,0,,,Yes,aria,,,,,
marialynchcoaching.ie,,,not_found,,,0,0,,,,,,,,
marianasportlaoise.ie,,,not_found,,,0,,,,,,,,,
mariecurie.ie,,,not_found,,,0,,,,,,,,,
marinaer.ie,,,not_found,,,0,0,,,,,,,,
mariusady.ie,,,not_found,,,0,0,,,,,,,,
markdurkin.ie,,,not_found,,,0,,,No,,,,,,
marketbridge.ie,,,not_found,,,0,,,Yes,market,,,,,
marketingtrends.ie,,,not_found,,,0,0,,,,,,,,
markfeighery.ie,,,not_found,,,0,0,,,,,,,,
marriagecounseling.ie,,,not_found,,,0,0,,,,,,,,
marriedinireland.ie,,,not_found,,,0,0,,,,,,,,
marstall.ie,,,not_found,,,0,0,,,,,,,,
martindesign.ie,,,not_found,,,0,0,,,,,,,,
martinmotors.ie,,,not_found,,,0,,,,,,,,,
martinosborne.ie,,,not_found,,,0,0,,,,,,,,
martinsconstructions.ie,,,not_found,,,0,,,,,,,,,
marty.ie,,,not_found,,,0,0,,,,,,,,
marxyart.ie,,,not_found,,,0,0,,,,,,,,
marycorrstepbystep.ie,,,not_found,,,0,0,,,,,,,,
maryfitzpatrickcounsellingandpsychotherapy.ie,,,not_found,,,0,0,,,,,,,,
marzena.ie,,,not_found,,,0,0,,No,,,,,,
mascarpia.ie,,,not_found,,,0,,,,,,,,,
mashupireland.ie,,,not_found,,,0,0,,,,,,,,
massageexchange.ie,,,not_found,,,0,,,,,,,,,
massagetherapyplus.ie,,,not_found,,,0,,,Yes,"massage, therapy",,,,,
masterpiece.ie,,,not_found,,,0,0,,No,,,,,,
masterpiecedublin.ie,,,not_found,,,0,,,,,,,,,
masterpiecejourney.ie,,,not_found,,,0,,,,,,,,,
mastersync.ie,,,not_found,,,0,,,No,,,,,,
matchmaker.ie,,,not_found,,,0,0,,No,,,,,,
matchmeup.ie,,,not_found,,,0,,,No,,,,,,
mathewcullen.ie,,,not_found,,,0,0,,,,,,,,
mathsgrindswest.ie,,,not_found,,,0,0,,,,,,,,
mathsmadeeasy.ie,,,not_found,,,0,,,No,,,,,,
matriculation.ie,,,not_found,,,0,0,,No,,,,,,
mattdesigns.ie,,,not_found,,,0,0,,,,,,,,
matthewflynn.ie,,,not_found,,,0,0,,No,,,,,,
mattlabs.ie,,,not_found,,,0,0,,,,,,,,
mattresstoppers.ie,,,not_found,,,0,,,No,,,,,,
mavestro.ie,,,not_found,,,0,,,No,,,,,,
maxfitness.ie,,,not_found,,,0,,,Yes,fitness,,,,,
maximizercrm.ie,,,not_found,,,0,,,No,,,,,,
maxiumssupplements.ie,,,not_found,,,0,0,,No,,,,,,
maxjonesprod.ie,,,not_found,,,0,0,,No,,,,,,
maxolbluesolutions.ie,,,not_found,,,0,0,,Yes,solutions,,,,,
maxolcarbonoffsetting.ie,,,not_found,,,0,0,,,,,,,,
maxolpuppyjourney.ie,,,not_found,,,0,0,,No,,,,,,
mayasiancuisine.ie,,,not_found,,,0,0,,,,,,,,
maybell.ie,,,not_found,,,0,,,,,,,,,
mayfieldhouse.ie,,,not_found,,,0,0,,,,,,,,
mayocare.ie,,,not_found,,,0,,,Yes,"care, mayo",,,,,
mayofc.ie,,,not_found,,,0,,,,,,,,,
mayoroofers.ie,,,not_found,,,0,,,Yes,"roof, mayo",,,,,
mbglow.ie,,,not_found,,,0,0,,No,,,,,,
mbleurope.ie,,,not_found,,,0,,,No,,,,,,
mbmfitness.ie,,,not_found,,,0,0,,,,,,,,
mbmservices.ie,,,not_found,,,0,0,,,,,,,,
mbosports.ie,,,not_found,,,0,0,,,,,,,,
mcardlecontracting.ie,,,not_found,,,0,0,,Yes,contract,,,,,
mcborzatakeaway.ie,,,not_found,,,0,0,,Yes,away,,,,,
mcbushire.ie,,,not_found,,,0,,,No,,,,,,
mccreeryathome.ie,,,not_found,,,0,,,Yes,home,,,,,
mcdanielspub.ie,,,not_found,,,0,,,,,,,,,
mcdonaldheatservices.ie,,,not_found,,,0,,,,,,,,,
mcellin-solicitors.ie,,,not_found,,,0,,,,,,,,,
mcgoldrickfabrications.ie,,,not_found,,,0,0,,,,,,,,
mclfitness.ie,,,not_found,,,0,,,Yes,fitness,,,,,
mcnena.ie,,,not_found,,,0,0,,,,,,,,
mcpartlanopticians.ie,,,not_found,,,0,0,,,,,,,,
mcquaidresolutions.ie,,,not_found,,,0,,,Yes,solutions,,,,,
mctraining.ie,,,not_found,,,0,,,Yes,training,,,,,
mdgardeningandcleaningsolutions.ie,,,not_found,,,0,0,,,,,,,,
mdrdesign.ie,,,not_found,,,0,,,,,,,,,
mdtc.ie,,,not_found,,,0,,,No,,,,,,
me-ltd.ie,,,not_found,,,0,0,,,,,,,,
meadowbankbodyrepairs.ie,,,not_found,,,0,0,,,,,,,,
meaningworks.ie,,,not_found,,,0,0,,Yes,work,,,,,
meatdelivery.ie,,,not_found,,,0,0,,,,,,,,
meathcare.ie,,,not_found,,,0,,,Yes,care,,,,,
meatopia.ie,,,not_found,,,0,,,,,,,,,
meatsdelivery.ie,,,not_found,,,0,0,,,,,,,,
mediaconsultant.ie,,,not_found,,,0,0,,,,,,,,
mediaentertainmentlab.ie,,,not_found,,,0,0,,,,,,,,
mediainstaller.ie,,,not_found,,,0,,,,,,,,,
mediation-dublin.ie,,,not_found,,,0,,,,,,,,,
mediationmatters.ie,,,not_found,,,0,,,,,,,,,
mediationmayo.ie,,,not_found,,,0,,,,,,,,,
mediatoracademy.ie,,,not_found,,,0,0,,Yes,media,,,,,
mediatravelsolutions.ie,,,not_found,,,0,,,Yes,"solutions, travel, media",,,,,
medicaljustice.ie,,,not_found,,,0,,,,,,,,,
medicallyled.ie,,,not_found,,,0,0,,,,,,,,
medicalmldspecialist.ie,,,not_found,,,0,0,,,,,,,,
medicalnegligenceclaims.ie,,,not_found,,,0,,,Yes,medical,,,,,
medicalnegligencedublin.ie,,,not_found,,,0,,,Yes,"medical, dublin",,,,,
medicareexpress.ie,,,not_found,,,0,0,,Yes,care,,,,,
medicspetition.ie,,,not_found,,,0,0,,,,,,,,
medilexhealthcare.ie,,,not_found,,,0,,,Yes,healthcare,,,,,
medilexmedical.ie,,,not_found,,,0,,,Yes,medical,,,,,
mediqrlink.ie,,,not_found,,,0,0,,No,,,,,,
medistore-shop.ie,,,not_found,,,0,0,,,,,,,,
medistoreshop.ie,,,not_found,,,0,0,,,,,,,,
meditrust.ie,,,not_found,,,0,0,,,,,,,,
medjobs.ie,,,not_found,,,0,0,,,,,,,,
medlegalreports.ie,,,not_found,,,0,,,Yes,legal,,,,,
mednegligence.ie,,,not_found,,,0,0,,,,,,,,
medproai.ie,,,not_found,,,0,0,,,,,,,,
medyou.ie,,,not_found,,,0,0,,,,,,,,
meehansolicitors.ie,,,not_found,,,0,,,,,,,,,
meerkatdesign.ie,,,not_found,,,0,,,,,,,,,
melthepootracker.ie,,,not_found,,,0,,,,,,,,,
meltsauna.ie,,,not_found,,,0,,,,,,,,,
meltwafecafe.ie,,,not_found,,,0,,,,,,,,,
membersbounce.ie,,,not_found,,,0,0,,No,,,,,,
memoryfoammattress.ie,,,not_found,,,0,,,No,,,,,,
memoryprint.ie,,,not_found,,,0,,,Yes,print,,,,,
mentorfs.ie,,,not_found,,,0,,,,,,,,,
mequ.ie,,,not_found,,,0,0,,,,,,,,
mercedez.ie,,,not_found,,,0,,,No,,,,,,
mesopotamiabarber.ie,,,not_found,,,0,0,,,,,,,,
metabolichealthhub.ie,,,not_found,,,0,0,,,,,,,,
metabolichealthireland.ie,,,not_found,,,0,0,,,,,,,,
metalmancoffee.ie,,,not_found,,,0,,,,,,,,,
metergreeter.ie,,,not_found,,,0,3,1682,No,,,,,2021-12-18,2022-01-21
metube.ie,,,not_found,,,0,0,,No,,,,,,
mexicanparty.ie,,,not_found,,,0,0,,No,,,,,,
mezzinocoliving.ie,,,not_found,,,0,,,,,,,,,
mfdi.ie,,,not_found,,,0,,,No,,,,,,
mfmregion6-clondalkin.ie,,,not_found,,,0,,,,,,,,,
mfusion-sushigo.ie,,,not_found,,,0,,,,,,,,,
mfx.ie,,,not_found,,,0,,,,,,,,,
mginteriors.ie,,,not_found,,,0,0,,,,,,,,
mgmtpro.ie,,,not_found,,,0,0,,,,,,,,
mgra.ie,,,not_found,,,0,,,,,,,,,
mhcarpentry.ie,,,not_found,,,0,0,,,,,,,,
mhconsultants.ie,,,not_found,,,0,252,1302,,,,,,2013-05-16,2023-02-05
miahope.ie,,,not_found,,,0,,,,,,,,,
mibody.ie,,,not_found,,,0,,,,,,,,,
micap.ie,,,not_found,,,0,,,,,,,,,
michaelcaseyirish.ie,,,not_found,,,0,0,,,,,,,,
michaeljdaly.ie,,,not_found,,,0,0,,,,,,,,
michaelteahiggins.ie,,,not_found,,,0,,,,,,,,,
midlandenergysolutions.ie,,,not_found,,,0,,,,,,,,,
midlandmedicare.ie,,,not_found,,,0,0,,Yes,care,,,,,
midlandposts.ie,,,not_found,,,0,,,No,,,,,,
midlands-dental.ie,,,not_found,,,0,,,,,,,,,
midlandslandscapinggroundworks.ie,,,not_found,,,0,,,,,,,,,
midlandsstrength.ie,,,not_found,,,0,,,No,,,,,,
mifitness.ie,,,not_found,,,0,,,Yes,fitness,,,,,
mifolo.ie,,,not_found,,,0,,,,,,,,,
migrastore.ie,,,not_found,,,0,,,No,,,,,,
migratemedicaldna.ie,,,not_found,,,0,0,,Yes,medical,,,,,
mikeaherntaxi.ie,,,not_found,,,0,,,No,,,,,,
milena.ie,,,not_found,,,0,,,No,,,,,,
miley.ie,,,not_found,,,0,,,No,,,,,,
millenniumhostel.ie,,,not_found,,,0,0,,No,,,,,,
milltownfc.ie,,,not_found,,,0,,,,,,,,,
milomedia.ie,,,not_found,,,0,,,,,,,,,
mimedia.ie,,,not_found,,,0,,,Yes,media,,,,,
mindbodyaction.ie,,,not_found,,,0,,,Yes,action,,,,,
mindbodybeauty.ie,,,not_found,,,0,,,Yes,beauty,,,,,
mindfuliving.ie,,,not_found,,,0,,,No,,,,,,
mindfulminds.ie,,,not_found,,,0,0,,No,,,,,,
mindfulnessbysharon.ie,,,not_found,,,0,,,,,,,,,
mindmazestudios.ie,,,not_found,,,0,,,Yes,studio,,,,,
mindsetmentoring.ie,,,not_found,,,0,,,No,,,,,,
mindshiftcoaching.ie,,,not_found,,,0,,,Yes,coaching,,,,,
minibiedronka.ie,,,not_found,,,0,,,,,,,,,
minipopprints.ie,,,not_found,,,0,,,,,,,,,
ministryoflove.ie,,,not_found,,,0,0,,No,,,,,,
minolatechnology.ie,,,not_found,,,0,,,Yes,technology,,,,,
mintpost.ie,,,not_found,,,0,0,,No,,,,,,
miriamtighe.ie,,,not_found,,,0,,,No,,,,,,
missioncontrol.ie,,,not_found,,,0,0,,No,,,,,,
mist.ie,,,not_found,,,0,,,No,,,,,,
misterpack.ie,,,not_found,,,0,,,,,,,,,
mitolyn.ie,,,not_found,,,0,0,,No,,,,,,
mixology.ie,,,not_found,,,0,,,,,,,,,
mjepilates.ie,,,not_found,,,0,,,,,,,,,
mjf-testing.ie,,,not_found,,,0,,,,,,,,,
mjfd.ie,,,not_found,,,0,1,721,No,,,,,2024-09-08,2024-09-08
mjsullivan.ie,,,not_found,,,0,,,No,,,,,,
mldleduc.ie,,,not_found,,,0,6,3211,No,,,,,2017-11-04,2017-11-14
mldtreatment.ie,,,not_found,,,0,6,3211,No,,,,,2017-11-04,2017-11-14
mlfurnishing.ie,,,not_found,,,0,,,,,,,,,
mlhospitality.ie,,,not_found,,,0,,,Yes,hospitality,,,,,
mloughreytarmacadam.ie,,,not_found,,,0,0,,,,,,,,
mmccarthy.ie,,,not_found,,,0,,,No,,,,,,
mmchughconsultancy.ie,,,not_found,,,0,0,,No,,,,,,
mmcplastering.ie,,,not_found,,,0,,,,,,,,,
mmediagroup.ie,,,not_found,,,0,,,Yes,"media, group",,,,,
mmph.ie,,,not_found,,,0,,,,,,,,,
mmtheedit.ie,,,not_found,,,0,,,,,,,,,
mmwconsultancy.ie,,,not_found,,,0,,,No,,,,,,
moarnova.ie,,,not_found,,,0,0,,No,,,,,,
mobileads.ie,,,not_found,,,0,,,No,,,,,,
mobilecentral.ie,,,not_found,,,0,,,No,,,,,,
mobilecompare.ie,,,not_found,,,0,,,No,,,,,,
mobilelocksmiths.ie,,,not_found,,,0,,,No,,,,,,
mobileprojects.ie,,,not_found,,,0,0,,No,,,,,,
mobilescreens.ie,,,not_found,,,0,,,,,,,,,
mocharacbd.ie,,,not_found,,,0,0,,No,,,,,,
mochlann.ie,,,not_found,,,0,,,,,,,,,
mockpapers.ie,,,not_found,,,0,,,,,,,,,
mockups.ie,,,not_found,,,0,1,841,No,Mock-ups (Design,,,,2024-05-11,2024-05-11
modctrl.ie,,,not_found,,,0,,,,,,,,,
modeerf.ie,,,not_found,,,0,,,,,,,,,
modefencing.ie,,,not_found,,,0,0,,No,,,,,,
modernandclassictiling.ie,,,not_found,,,0,,,Yes,tiling,,,,,
modernaprivate.ie,,,not_found,,,0,,,No,,,,,,
modernasianhypermarket.ie,,,not_found,,,0,,,,,,,,,
modernawealth.ie,,,not_found,,,0,,,,,,,,,
modernawealthmanagement.ie,,,not_found,,,0,,,Yes,Wealth management,,,,,
moderntimes.ie,,,not_found,,,0,,,,,,,,,
modsol.ie,,,not_found,,,0,0,,No,,,,,,
mofi.ie,,,not_found,,,0,0,,No,,,,,,
mogul.ie,,,not_found,,,0,2,1603,No,,,,,2022-03-20,2022-04-09
moisescriativo.ie,,,not_found,,,0,,,,,,,,,
moissanite.ie,,,not_found,,,0,,,,,,,,,
mojolang.ie,,,not_found,,,0,,,No,,,,,,
molanoigewellbeing.ie,,,not_found,,,0,,,Yes,wellbeing,,,,,
moldconstruction.ie,,,not_found,,,0,,,Yes,construction,,,,,
mollyspaw.ie,,,not_found,,,0,,,No,,,,,,
moloneyelectrical.ie,,,not_found,,,0,0,,Yes,electrical,,,,,
momentumtrainingacademy.ie,,,not_found,,,0,,,,,,,,,
momo-ireland.ie,,,not_found,,,0,,,,,,,,,
monaghancare.ie,,,not_found,,,0,,,Yes,care,,,,,
monaghanhypnotherapy.ie,,,not_found,,,0,0,,Yes,therapy,,,,,
mongansscrapyard.ie,,,not_found,,,0,,,,,,,,,
monikasewing.ie,,,not_found,,,0,,,No,,,,,,
moniseborges.ie,,,not_found,,,0,,,No,,,,,,
monkeybars.ie,,,not_found,,,0,,,No,,,,,,
monkstowngrovemontessori.ie,,,not_found,,,0,,,,,,,,,
mono-dev.ie,,,not_found,,,0,,,No,,,,,,
monopix.ie,,,not_found,,,0,,,,,,,,,
monstergutters.ie,,,not_found,,,0,,,No,,,,,,
montaguetravel.ie,,,not_found,,,0,,,,,,,,,
montclaregroup.ie,,,not_found,,,0,,,Yes,group,,,,,
monthlywebsites.ie,,,not_found,,,0,,,,,,,,,
montibeller.ie,,,not_found,,,0,,,No,,,,,,
montibellercellar.ie,,,not_found,,,0,,,No,,,,,,
montrealstreetfood.ie,,,not_found,,,0,,,Yes,"real, food",,,,,
mook9.ie,,,not_found,,,0,,,No,,,,,,
moonchild.ie,,,not_found,,,0,0,,No,,,,,,
moonlightmakers.ie,,,not_found,,,0,,,No,,,,,,
moonrockinsurance.ie,,,not_found,,,0,0,,Yes,insurance,,,,,
moonstones.ie,,,not_found,,,0,1,6848,,,,,,2007-11-29,2007-11-29
moonveilshop.ie,,,not_found,,,0,0,,No,,,,,,
moonwalk.ie,,,not_found,,,0,,,No,,,,,,
moranco.ie,,,not_found,,,0,,,No,,,,,,
morehealthcare.ie,,,not_found,,,0,,,Yes,healthcare,,,,,
morethanabrand.ie,,,not_found,,,0,,,Yes,brand,,,,,
morganengineering.ie,,,not_found,,,0,,,,,,,,,
morganite.ie,,,not_found,,,0,,,,,,,,,
morriscarpentry.ie,,,not_found,,,0,,,,,,,,,
morrow.ie,,,not_found,,,0,13,593,No,,,,,2007-11-29,2025-01-14
mortgageteam.ie,,,not_found,,,0,,,,,,,,,
mosaveo.ie,,,not_found,,,0,,,No,,,,,,
moss9.ie,,,not_found,,,0,0,,No,,,,,,
motify.ie,,,not_found,,,0,10,1596,No,,,,,2017-11-04,2022-04-17
motimahalindian.ie,,,not_found,,,0,,,,,,,,,
motokey.ie,,,not_found,,,0,0,,No,,,,,,
motorbikehirescotland.ie,,,not_found,,,0,,,,,,,,,
motorimpex.ie,,,not_found,,,0,,,,,,,,,
mouldcontrol365.ie,,,not_found,,,0,0,,No,,,,,,
mountainviewcatering.ie,,,not_found,,,0,1,1157,Yes,catering,,,,2023-06-30,2023-06-30
mournesat.ie,,,not_found,,,0,,,,,,,,,
mouse.ie,,,not_found,,,0,,,No,,,,,,
movations.ie,,,not_found,,,0,,,,,,,,,
move4good.ie,,,not_found,,,0,,,,,,,,,
movepay.ie,,,not_found,,,0,0,,No,,,,,,
moviegifts.ie,,,not_found,,,0,1,1158,No,,,,,2023-06-28,2023-06-28
movienighttreats.ie,,,not_found,,,0,0,,No,,,,,,
mowtown.ie,,,not_found,,,0,,,,,,,,,
moxa.ie,,,not_found,,,0,,,No,,,,,,
moxibustion.ie,,,not_found,,,0,,,No,,,,,,
moylin.ie,,,not_found,,,0,,,,,,,,,
mpt-iarthuaiscirt.ie,,,not_found,,,0,,,,,,,,,
mrchairman.ie,,,not_found,,,0,,,Yes,hair,,,,,
mrvapes.ie,,,not_found,,,0,,,,,,,,,
mrwhippyathlone.ie,,,not_found,,,0,10,378,,,,,,2024-03-09,2025-08-17
mudcontrolgrid.ie,,,not_found,,,0,,,,,,,,,
muddybootsnaturemontessori.ie,,,not_found,,,0,,,,,,,,,
mullingardental.ie,,,not_found,,,0,,,,,,,,,
mullinsmotors.ie,,,not_found,,,0,,,,,,,,,
multitask.ie,,,not_found,,,0,,,No,,,,,,
mummiesguide.ie,,,not_found,,,0,0,,Yes,guide,,,,,
munched.ie,,,not_found,,,0,0,,No,,,,,,
munixiq.ie,,,not_found,,,0,,,,,,,,,
munster-renewables.ie,,,not_found,,,0,,,,,,,,,
munsterenergy.ie,,,not_found,,,0,,,,,,,,,
munsterhemp.ie,,,not_found,,,0,,,,,,,,,
munsterprowash.ie,,,not_found,,,0,,,No,,,,,,
munsterrenewables.ie,,,not_found,,,0,,,,,,,,,
munsterwhiskey.ie,,,not_found,,,0,,,,,,,,,
munzo.ie,,,not_found,,,0,0,,No,,,,,,
murphyhughesconstruction.ie,,,not_found,,,0,,,,,,,,,
murphyplumbingheating.ie,,,not_found,,,0,0,,Yes,plumbing,,,,,
murphyspawdoggiedaycare.ie,,,not_found,,,0,0,,Yes,care,,,,,
museumservices.ie,,,not_found,,,0,0,,Yes,services,,,,,
museumstrategy.ie,,,not_found,,,0,,,,,,,,,
mushroomsuppliments.ie,,,not_found,,,0,,,Yes,room,,,,,
music123.ie,,,not_found,,,0,,,,,,,,,
musicdcfe.ie,,,not_found,,,0,,,Yes,music,,,,,
musicformovies.ie,,,not_found,,,0,,,,,,,,,
musicloopy.ie,,,not_found,,,0,,,,,,,,,
musthaveit.ie,,,not_found,,,0,,,,,,,,,
mvpainting.ie,,,not_found,,,0,,,,,,,,,
mvsigns.ie,,,not_found,,,0,,,,,,,,,
myaestheticclinic.ie,,,not_found,,,0,,,Yes,"aesthetic, clinic",,,,,
mybackpack.ie,,,not_found,,,0,,,No,,,,,,
mybidet.ie,,,not_found,,,0,,,No,,,,,,
mybookkeeper.ie,,,not_found,,,0,22,1602,No,bookkeeper,,,,2007-11-29,2022-04-11
mycalculator.ie,,,not_found,,,0,,,,,,,,,
mychange.ie,,,not_found,,,0,0,,No,,,,,,
mychildvisiontax.ie,,,not_found,,,0,,,,,,,,,
myclimatefootprint.ie,,,not_found,,,0,0,,Yes,print,,,,,
mycouncil.ie,,,not_found,,,0,,,,,,,,,
mycuppo.ie,,,not_found,,,0,,,No,,,,,,
mydentalimplants.ie,,,not_found,,,0,0,,Yes,dental,,,,,
mydesignetc.ie,,,not_found,,,0,,,,,,,,,
mydigitalbadges.ie,,,not_found,,,0,,,Yes,digital,,,,,
myesgportfolio.ie,,,not_found,,,0,,,,,,,,,
myesgportfolios.ie,,,not_found,,,0,,,,,,,,,
myfamilycare247.ie,,,not_found,,,0,,,,,,,,,
myfuneralwishes.ie,,,not_found,,,0,,,,,,,,,
mygen.ie,,,not_found,,,0,0,,No,,,,,,
myhappinessmatters.ie,,,not_found,,,0,,,,,,,,,
myhealingtherapis.ie,,,not_found,,,0,0,,Yes,healing,,,,,
myhomeinterior.ie,,,not_found,,,0,,,Yes,home,,,,,
myhomepage.ie,,,not_found,,,0,,,Yes,home,,,,,
myhoroscope.ie,,,not_found,,,0,0,,No,,,,,,
mykitchencabinets.ie,,,not_found,,,0,8,713,No,,,,,2021-12-16,2024-09-16
mylearningnotebook.ie,,,not_found,,,0,,,No,,,,,,
mylittlepiccolo.ie,,,not_found,,,0,2,1439,No,,,,,2022-01-17,2022-09-21
mylittlerobin.ie,,,not_found,,,0,,,,,,,,,
mylocalphysio.ie,,,not_found,,,0,,,,,,,,,
mymap.ie,,,not_found,,,0,222,1309,No,,,,,2019-07-20,2023-01-29
mymezzmedical.ie,,,not_found,,,0,,,,,,,,,
myobodycorporatecare.ie,,,not_found,,,0,,,,,,,,,
myotclinic.ie,,,not_found,,,0,,,Yes,clinic,,,,,
mypeanut.ie,,,not_found,,,0,,,No,,,,,,
myperfecthome.ie,,,not_found,,,0,10,1717,Yes,home,,,,2017-11-04,2021-12-17
mypersonaldata.ie,,,not_found,,,0,18,1724,Yes,data,,,,2017-11-04,2021-12-10
mypharmacy.ie,,,not_found,,,0,,,,,,,,,
myphyseo.ie,,,not_found,,,0,,,No,,,,,,
mypsychotherapycommunity.ie,,,not_found,,,0,,,,,,,,,
myscoopp.ie,,,not_found,,,0,,,,,,,,,
myservicelog.ie,,,not_found,,,0,,,,,,,,,
mysightireland.ie,,,not_found,,,0,,,Yes,ireland,,,,,
mystyle.ie,,,not_found,,,0,,,,,,,,,
myswitzerland.ie,,,not_found,,,0,,,,,,,,,
mytaxhero.ie,,,not_found,,,0,149,467,No,,,,,2024-07-15,2025-05-20
mythoseire.ie,,,not_found,,,0,,,,,,,,,
myunraidimmichserver.ie,,,not_found,,,0,,,,,,,,,
naionragreystones.ie,,,not_found,,,0,,,,,,,,,
naionrarealtnamara.ie,,,not_found,,,0,,,,,,,,,
nakamoto.ie,,,not_found,,,0,,,,,,,,,
namacommission.ie,,,not_found,,,0,,,,,,,,,
nanaschickenhut.ie,,,not_found,,,0,2,1559,No,,,,,2022-02-07,2022-05-24
nanaschickenshack.ie,,,not_found,,,0,0,,No,,,,,,
nancyflow.ie,,,not_found,,,0,,,No,,,,,,
narovonsafetyservices.ie,,,not_found,,,0,,,Yes,services,,,,,
nataliaarnaiz.ie,,,not_found,,,0,,,,,,,,,
nationalcremation.ie,,,not_found,,,0,0,,No,,,,,,
nationalmanufacturingday.ie,,,not_found,,,0,,,No,,,,,,
nationalmanufacturingdayireland.ie,,,not_found,,,0,,,Yes,ireland,,,,,
nationalsavings.ie,,,not_found,,,0,,,No,,,,,,
nativeirishtrees.ie,,,not_found,,,0,641,,Yes,irish,,,,2012-12-04,2025-10-08
naturalhealthdistribution.ie,,,not_found,,,0,0,,Yes,health,,,,,
naturapartnerships.ie,,,not_found,,,0,,,No,,,,,,
natureheals.ie,,,not_found,,,0,,,No,,,,,,
natureways.ie,,,not_found,,,0,3,530,No,,,,,2024-09-19,2025-03-18
naureen.ie,,,not_found,,,0,,,No,,,,,,
navanenergycompany.ie,,,not_found,,,0,,,,,,,,,
navankebab.ie,,,not_found,,,0,0,,No,,,,,,
navigateallhealth.ie,,,not_found,,,0,,,Yes,health,,,,,
navigatenutrition.ie,,,not_found,,,0,,,,,,,,,
nchambers.ie,,,not_found,,,0,,,No,,,,,,
ncsautoparts.ie,,,not_found,,,0,,,,,,,,,
ndau.ie,,,not_found,,,0,7,723,No,,,,,2021-12-17,2024-09-06
ndptesting.ie,,,not_found,,,0,0,,No,,,,,,
ndyoga.ie,,,not_found,,,0,,,Yes,yoga,,,,,
neadu.ie,,,not_found,,,0,,,,,,,,,
nearweb.ie,,,not_found,,,0,,,No,,,,,,
needit.ie,,,not_found,,,0,,,,,,,,,
neighbourhoodnights.ie,,,not_found,,,0,,,No,,,,,,
nem.ie,,,not_found,,,0,,,No,,,,,,
neoceuticalsireland.ie,,,not_found,,,0,,,,,,,,,
neomanex.ie,,,not_found,,,0,0,,No,,,,,,
neonsignsireland.ie,,,not_found,,,0,4,575,Yes,ireland,,,,2024-05-15,2025-02-01
nessaandbobby.ie,,,not_found,,,0,0,,No,,,,,,
netcat.ie,,,not_found,,,0,,,,,,,,,
netconnect.ie,,,not_found,,,0,140,1715,No,,,,,2001-07-25,2021-12-19
netmentorservices.ie,,,not_found,,,0,,,,,,,,,
netsystems.ie,,,not_found,,,0,,,,,,,,,
networkgroup.ie,,,not_found,,,0,,,Yes,"group, work",,,,,
netzerodublin.ie,,,not_found,,,0,,,Yes,dublin,,,,,
netzeroireland.ie,,,not_found,,,0,,,Yes,ireland,,,,,
netzeromidlands.ie,,,not_found,,,0,,,No,,,,,,
neuralid.ie,,,not_found,,,0,,,,,,,,,
neurovitalhealth.ie,,,not_found,,,0,0,,Yes,health,,,,,
neurovitals.ie,,,not_found,,,0,,,No,,,,,,
neutraconsult.ie,,,not_found,,,0,,,No,,,,,,
neutraignite.ie,,,not_found,,,0,,,No,,,,,,
neutrastore.ie,,,not_found,,,0,,,No,,,,,,
nevantoweb.ie,,,not_found,,,0,,,No,,,,,,
newannapurna.ie,,,not_found,,,0,,,,,,,,,
neways.ie,,,not_found,,,0,,,,,,,,,
newbridgeschoolofgrinds.ie,,,not_found,,,0,,,,,,,,,
newempired6.ie,,,not_found,,,0,13,507,,,,,,2024-05-20,2025-04-10
newformmusic.ie,,,not_found,,,0,,,,,,,,,
newheatpumps.ie,,,not_found,,,0,0,,No,,,,,,
newleafrecruitment.ie,,,not_found,,,0,,,,,,,,,
newsjunky.ie,,,not_found,,,0,,,,,,,,,
newsnet.ie,,,not_found,,,0,,,,,,,,,
newspider8.ie,,,not_found,,,0,,,No,,,,,,
newworldwind.ie,,,not_found,,,0,,,No,,,,,,
nexes.ie,,,not_found,,,0,,,No,,,,,,
nexilyt.ie,,,not_found,,,0,,,,,,,,,
nexira.ie,,,not_found,,,0,0,,No,,,,,,
nexlove.ie,,,not_found,,,0,,,No,,,,,,
next-gen-power.ie,,,not_found,,,0,,,No,,,,,,
nexthome.ie,,,not_found,,,0,,,Yes,home,,,,,
nexussolutionsgroup.ie,,,not_found,,,0,,,,,,,,,
nexway.ie,,,not_found,,,0,0,,No,,,,,,
nexwayaccelerator.ie,,,not_found,,,0,0,,No,,,,,,
nfltoursireland.ie,,,not_found,,,0,,,,,,,,,
nftpensions.ie,,,not_found,,,0,,,,,,,,,
nhrconsulting.ie,,,not_found,,,0,,,,,,,,,
niamhandben.ie,,,not_found,,,0,0,,,,,,,,
niamhglynn.ie,,,not_found,,,0,,,,,,,,,
niamhpdesign.ie,,,not_found,,,0,,,,,,,,,
niavohiggins.ie,,,not_found,,,0,,,,,,,,,
nice-website.ie,,,not_found,,,0,,,,,,,,,
nicholasleecollection.ie,,,not_found,,,0,19,1191,,,,,,2017-11-04,2023-05-27
nicholasleeinteriors.ie,,,not_found,,,0,19,1191,,,,,,2017-11-04,2023-05-27
nickysplaice.ie,,,not_found,,,0,,,,,,,,,
nicohub.ie,,,not_found,,,0,,,,,,,,,
nicolescountrychildcare.ie,,,not_found,,,0,,,,,,,,,
nicotineheaven.ie,,,not_found,,,0,,,,,,,,,
niflow.ie,,,not_found,,,0,,,,,,,,,
nighteye.ie,,,not_found,,,0,0,,No,,,,,,
nightin.ie,,,not_found,,,0,,,,,,,,,
nijackeen.ie,,,not_found,,,0,,,No,,,,,,
nikh.ie,,,not_found,,,0,,,,,,,,,
nivara.ie,,,not_found,,,0,,,,,,,,,
nixerr.ie,,,not_found,,,0,,,No,,,,,,
nixrapp.ie,,,not_found,,,0,0,,No,,,,,,
nmfd.ie,,,not_found,,,0,,,No,,,,,,
no-excuses.ie,,,not_found,,,0,,,,,,,,,
no17italianfusion.ie,,,not_found,,,0,,,,,,,,,
no1brew.ie,,,not_found,,,0,,,,,,,,,
noceans.ie,,,not_found,,,0,,,,,,,,,
nocnativeai.ie,,,not_found,,,0,,,No,,,,,,
noeldillonpsychotherapy.ie,,,not_found,,,0,1,829,Yes,therapy,,,,2024-05-23,2024-05-23
noeleen.ie,,,not_found,,,0,,,No,,,,,,
noelwalsh.ie,,,not_found,,,0,,,No,,,,,,
nofuel.ie,,,not_found,,,0,0,,No,,,,,,
nohaccel.ie,,,not_found,,,0,0,,No,,,,,,
noiseimpactassessment.ie,,,not_found,,,0,,,,,,,,,
nokk.ie,,,not_found,,,0,,,No,,,,,,
nolooseendsplanner.ie,,,not_found,,,0,,,No,,,,,,
nolt.ie,,,not_found,,,0,,,No,,,,,,
nomadnesters.ie,,,not_found,,,0,,,No,,,,,,
nommunion.ie,,,not_found,,,0,,,,,,,,,
nondietnutrition.ie,,,not_found,,,0,,,,,,,,,
nonreligiousceremonies.ie,,,not_found,,,0,,,,,,,,,
nonstop.ie,,,not_found,,,0,2,1654,No,,,,,2021-12-18,2022-02-18
noodlenecks.ie,,,not_found,,,0,,,No,,,,,,
nool.ie,,,not_found,,,0,,,,,,,,,
nopowerprep.ie,,,not_found,,,0,,,No,,,,,,
norakids.ie,,,not_found,,,0,,,No,,,,,,
nordictcg.ie,,,not_found,,,0,0,,No,,,,,,
norepropertygroup.ie,,,not_found,,,0,5,523,Yes,"property, group",,,,2024-05-23,2025-03-25
northeastfoodhub.ie,,,not_found,,,0,247,530,Yes,food,,,,2017-11-04,2025-03-18
northpointadvisory.ie,,,not_found,,,0,,,Yes,advisory,,,,,
northpointgroup.ie,,,not_found,,,0,,,Yes,group,,,,,
northweb-offer.ie,,,not_found,,,0,,,,,,,,,
northweb-sales.ie,,,not_found,,,0,,,,,,,,,
northweb.ie,,,not_found,,,0,,,,,,,,,
northwesttech.ie,,,not_found,,,0,,,,,,,,,
noscalpel.ie,,,not_found,,,0,,,No,,,,,,
notarieswaterford.ie,,,not_found,,,0,,,,,,,,,
notarywaterford.ie,,,not_found,,,0,,,,,,,,,
notdogfriendly.ie,,,not_found,,,0,,,,,,,,,
notionsrecruitment.ie,,,not_found,,,0,0,,Yes,recruitment,,,,,
notjustinflipflops.ie,,,not_found,,,0,,,No,,,,,,
notpetfriendly.ie,,,not_found,,,0,,,,,,,,,
notstatesavings.ie,,,not_found,,,0,,,No,,,,,,
nourishlab.ie,,,not_found,,,0,0,,No,,,,,,
novabarberequipment.ie,,,not_found,,,0,4,539,Yes,barber,,,,2024-05-15,2025-03-09
novaebikes.ie,,,not_found,,,0,0,,No,,,,,,
novamed.ie,,,not_found,,,0,,,,,,,,,
novarayio.ie,,,not_found,,,0,,,,,,,,,
novarch.ie,,,not_found,,,0,1,1565,No,,,,,2022-05-18,2022-05-18
novasupply.ie,,,not_found,,,0,,,,,,,,,
novera.ie,,,not_found,,,0,0,,No,,,,,,
noveraconsulting.ie,,,not_found,,,0,0,,Yes,consulting,,,,,
noveradesigns.ie,,,not_found,,,0,,,,,,,,,
novorayio.ie,,,not_found,,,0,,,,,,,,,
nowapower.ie,,,not_found,,,0,0,,No,,,,,,
nowin.ie,,,not_found,,,0,,,,,,,,,
nowon.ie,,,not_found,,,0,,,,,,,,,
noww.ie,,,not_found,,,0,0,,No,,,,,,
nrhs.ie,,,not_found,,,0,,,,,,,,,
nrhschool.ie,,,not_found,,,0,,,,,,,,,
nrnaireland.ie,,,not_found,,,0,0,,Yes,ireland,,,,,
nsnatura.ie,,,not_found,,,0,,,,,,,,,
ntfaireland.ie,,,not_found,,,0,0,,Yes,ireland,,,,,
nuabeautysolutions.ie,,,not_found,,,0,,,,,,,,,
nuabua.ie,,,not_found,,,0,0,,No,,,,,,
nub.ie,,,not_found,,,0,,,,,,,,,
numapets.ie,,,not_found,,,0,,,No,,,,,,
nummish.ie,,,not_found,,,0,,,No,,,,,,
nurohub.ie,,,not_found,,,0,0,,No,,,,,,
nursepeer.ie,,,not_found,,,0,,,,,,,,,
nursinghomedentalcare.ie,,,not_found,,,0,,,Yes,"nursing, dental, care, home",,,,,
nursingstation.ie,,,not_found,,,0,144,2933,Yes,nursing,,,,2013-11-01,2018-08-19
nurtureafrica-server.ie,,,not_found,,,0,0,,No,,,,,,
nurtureinnature.ie,,,not_found,,,0,,,No,,,,,,
nurtureinnaturefestival.ie,,,not_found,,,0,,,No,,,,,,
nutricart.ie,,,not_found,,,0,,,No,,,,,,
nutritics.ie,,,not_found,,,0,,,,,,,,,
nuvoblinds.ie,,,not_found,,,0,,,,,,,,,
nuvofabric.ie,,,not_found,,,0,,,,,,,,,
nuvorollerblinds.ie,,,not_found,,,0,,,,,,,,,
nuvoverticalblinds.ie,,,not_found,,,0,,,,,,,,,
nwpl.ie,,,not_found,,,0,,,No,,,,,,
nyhantraining.ie,,,not_found,,,0,,,,,,,,,
oakandsteelco.ie,,,not_found,,,0,,,No,,,,,,
oakleyhomes.ie,,,not_found,,,0,,,Yes,home,,,,,
obdiag.ie,,,not_found,,,0,,,,,,,,,
obrienroofingtullamore.ie,,,not_found,,,0,7,532,,,,,,2024-05-17,2025-03-16
obsidiansites.ie,,,not_found,,,0,0,,No,,,,,,
occontracting.ie,,,not_found,,,0,,,,,,,,,
oceanofsound.ie,,,not_found,,,0,,,No,,,,,,
oconnellretail.ie,,,not_found,,,0,,,,,,,,,
oconnorformwork.ie,,,not_found,,,0,,,,,,,,,
ocsafety.ie,,,not_found,,,0,,,,,,,,,
ocsafetytraining.ie,,,not_found,,,0,,,Yes,training,,,,,
octheraphy.ie,,,not_found,,,0,,,,,,,,,
oculofacialclinic.ie,,,not_found,,,0,,,,,,,,,
odonnellenergyservices.ie,,,not_found,,,0,0,,Yes,services,,,,,
odpfm.ie,,,not_found,,,0,4,3211,No,,,,,2017-11-04,2017-11-14
odwyerbe.ie,,,not_found,,,0,0,,No,,,,,,
offalycare.ie,,,not_found,,,0,,,Yes,"offaly, care",,,,,
officeoverload.ie,,,not_found,,,0,2,1636,No,,,,,2021-12-17,2022-03-08
offmydrive.ie,,,not_found,,,0,,,,,,,,,
offside.ie,,,not_found,,,0,,,,,,,,,
offtheleashmeath.ie,,,not_found,,,0,,,,,,,,,
offthemap.ie,,,not_found,,,0,,,No,,,,,,
offthewalld5.ie,,,not_found,,,0,,,No,,,,,,
oflahertyelectric.ie,,,not_found,,,0,,,,,,,,,
ogdigital.ie,,,not_found,,,0,,,,,,,,,
ogf.ie,,,not_found,,,0,,,No,,,,,,
ogga.ie,,,not_found,,,0,,,,,,,,,
oggaplay.ie,,,not_found,,,0,,,,,,,,,
oggo.ie,,,not_found,,,0,,,No,,,,,,
oghamvodka.ie,,,not_found,,,0,,,,,,,,,
ohconcept.ie,,,not_found,,,0,2,629,No,,,,,2024-08-11,2024-12-09
ohconcepts.ie,,,not_found,,,0,,,,,,,,,
ohdonuts.ie,,,not_found,,,0,,,No,,,,,,
ohheygal.ie,,,not_found,,,0,,,,,,,,,
ohmygaff.ie,,,not_found,,,0,,,,,,,,,
ohsms.ie,,,not_found,,,0,,,,,,,,,
ohsoprecious.ie,,,not_found,,,0,,,No,,,,,,
ohstudio.ie,,,not_found,,,0,,,,,,,,,
oileanit.ie,,,not_found,,,0,,,,,,,,,
okcoaching.ie,,,not_found,,,0,,,Yes,coaching,,,,,
okeeffebuilt.ie,,,not_found,,,0,,,,,,,,,
okho.ie,,,not_found,,,0,,,No,,,,,,
okwin.ie,,,not_found,,,0,0,,No,,,,,,
oldschoolhousesurgery.ie,,,not_found,,,0,0,,Yes,"school, house",,,,,
oleary.ie,,,not_found,,,0,109,546,,,,,,2001-03-04,2025-03-02
oliveandstone.ie,,,not_found,,,0,,,,,,,,,
olivum.ie,,,not_found,,,0,,,No,,,,,,
olosports.ie,,,not_found,,,0,,,Yes,sports,,,,,
olosportstv.ie,,,not_found,,,0,,,Yes,sports,,,,,
olotv.ie,,,not_found,,,0,,,No,,,,,,
oltech-consulting.ie,,,not_found,,,0,,,,,,,,,
oltechconsulting.ie,,,not_found,,,0,,,,,,,,,
oluini.ie,,,not_found,,,0,0,,No,,,,,,
omconsulting.ie,,,not_found,,,0,0,,Yes,consulting,,,,,
omdb.ie,,,not_found,,,0,,,No,,,,,,
omnidocs.ie,,,not_found,,,0,0,,No,,,,,,
omniflow.ie,,,not_found,,,0,,,No,,,,,,
omnism.ie,,,not_found,,,0,1,778,No,,,,,2024-07-13,2024-07-13
omnitel.ie,,,not_found,,,0,,,No,,,,,,
onairmanagement.ie,,,not_found,,,0,,,,,,,,,
one-seventh.ie,,,not_found,,,0,,,,,,,,,
onedaywebsites.ie,,,not_found,,,0,,,Yes,website,,,,,
onehearthealing.ie,,,not_found,,,0,,,,,,,,,
oneillcarpentry.ie,,,not_found,,,0,,,,,,,,,
oneiro.ie,,,not_found,,,0,,,No,,,,,,
oneoneone.ie,,,not_found,,,0,,,,,,,,,
onepadel.ie,,,not_found,,,0,,,,,,,,,
oneperfectday.ie,,,not_found,,,0,,,,,,,,,
ones.ie,,,not_found,,,0,,,,,,,,,
onespace.ie,,,not_found,,,0,,,,,,,,,
onestad.ie,,,not_found,,,0,,,,,,,,,
onestopbabyshop.ie,,,not_found,,,0,,,,,,,,,
onestopfuture.ie,,,not_found,,,0,,,,,,,,,
onewordcoffee.ie,,,not_found,,,0,,,,,,,,,
online-acupuncture.ie,,,not_found,,,0,,,,,,,,,
online-lawyer.ie,,,not_found,,,0,,,,,,,,,
online-lawyers.ie,,,not_found,,,0,,,,,,,,,
onlineacupuncture.ie,,,not_found,,,0,,,,,,,,,
onlineagogo.ie,,,not_found,,,0,0,,Yes,online,,,,,
onlineclasses.ie,,,not_found,,,0,,,Yes,online,,,,,
onlinecoaching.ie,,,not_found,,,0,,,,,,,,,
onlinedcggrinds.ie,,,not_found,,,0,,,,,,,,,
onlinegpcare.ie,,,not_found,,,0,,,,,,,,,
onlinelawyer.ie,,,not_found,,,0,,,,,,,,,
onlinelawyers.ie,,,not_found,,,0,,,,,,,,,
onlinenow.ie,,,not_found,,,0,1,6849,Yes,online,,,,2007-11-29,2007-11-29
onlinepilates.ie,,,not_found,,,0,0,,Yes,"pilates, online",,,,,
onliner.ie,,,not_found,,,0,,,,,,,,,
onlineretailing.ie,,,not_found,,,0,,,Yes,online,,,,,
onlinesafetytrainingireland.ie,,,not_found,,,0,,,,,,,,,
onlineschoolbooks.ie,,,not_found,,,0,,,,,,,,,
onlinetradespeople.ie,,,not_found,,,0,0,,Yes,online,,,,,
onlyfins.ie,,,not_found,,,0,0,,No,,,,,,
onlyjunk.ie,,,not_found,,,0,,,No,,,,,,
onnelura.ie,,,not_found,,,0,,,No,,,,,,
onsiteonline.ie,,,not_found,,,0,,,,,,,,,
ontheblog.ie,,,not_found,,,0,,,,,,,,,
ontherecord.ie,,,not_found,,,0,,,,,,,,,
onyxmmm.ie,,,not_found,,,0,,,,,,,,,
oonosleep.ie,,,not_found,,,0,,,,,,,,,
opals.ie,,,not_found,,,0,0,,,,,,,,
open-cages.ie,,,not_found,,,0,,,No,,,,,,
openallours.ie,,,not_found,,,0,,,No,,,,,,
openheat.ie,,,not_found,,,0,,,,,,,,,
openingtimes.ie,,,not_found,,,0,,,No,,,,,,
openways.ie,,,not_found,,,0,3,1622,No,,,,,2021-12-20,2022-03-22
operations.ie,,,not_found,,,0,,,No,,,,,,
optaero.ie,,,not_found,,,0,,,No,,,,,,
optimizeelectrical.ie,,,not_found,,,0,,,,,,,,,
optimum-health-coaching.ie,,,not_found,,,0,,,,,,,,,
oranhill.ie,,,not_found,,,0,,,No,,,,,,
orbe.ie,,,not_found,,,0,,,No,,,,,,
orbitvu.ie,,,not_found,,,0,,,No,,,,,,
orbworx.ie,,,not_found,,,0,,,,,,,,,
orcaprivateequity.ie,,,not_found,,,0,,,,,,,,,
orchardviewstone.ie,,,not_found,,,0,,,,,,,,,
orco.ie,,,not_found,,,0,,,,,,,,,
orcobrand.ie,,,not_found,,,0,,,,,,,,,
ordergroveroadcafe.ie,,,not_found,,,0,5,1197,Yes,cafe,,,,2021-12-18,2023-05-21
orderpascal.ie,,,not_found,,,0,10,1436,No,,,,,2021-01-16,2022-09-24
oreillysports.ie,,,not_found,,,0,0,,,,,,,,
oreillyssports.ie,,,not_found,,,0,0,,,,,,,,
orfeng.ie,,,not_found,,,0,,,,,,,,,
organicindia.ie,,,not_found,,,0,0,,No,,,,,,
orgbrain.ie,,,not_found,,,0,,,,,,,,,
oriainpainting.ie,,,not_found,,,0,,,,,,,,,
orianaballoon.ie,,,not_found,,,0,,,,,,,,,
orianamed.ie,,,not_found,,,0,,,,,,,,,
orientalmallow.ie,,,not_found,,,0,,,Yes,allow,,,,,
orlaithaherne.ie,,,not_found,,,0,,,,,,,,,
orlamade.ie,,,not_found,,,0,0,,No,,,,,,
ormondstationery.ie,,,not_found,,,0,0,,No,,,,,,
orthoscape.ie,,,not_found,,,0,,,No,,,,,,
orwengineering.ie,,,not_found,,,0,,,,,,,,,
osakasushi.ie,,,not_found,,,0,,,,,,,,,
osfdi.ie,,,not_found,,,0,0,,No,,,,,,
oshclub.ie,,,not_found,,,0,0,,No,,,,,,
osheaagriparts.ie,,,not_found,,,0,,,Yes,arts,,,,,
osheaagristores.ie,,,not_found,,,0,,,No,,,,,,
osilmed.ie,,,not_found,,,0,,,,,,,,,
osullivantax.ie,,,not_found,,,0,,,,,,,,,
otakucompany.ie,,,not_found,,,0,,,No,,,,,,
otbyhannah.ie,,,not_found,,,0,,,,,,,,,
otovo.ie,,,not_found,,,0,0,,No,,,,,,
oucher.ie,,,not_found,,,0,,,,,,,,,
ourcourses.ie,,,not_found,,,0,0,,No,,,,,,
ourcribs.ie,,,not_found,,,0,1022,532,No,,,,,2011-02-02,2025-03-16
ouririshhome.ie,,,not_found,,,0,,,Yes,"irish, home",,,,,
ourparishes.ie,,,not_found,,,0,,,,,,,,,
ourpetitions.ie,,,not_found,,,0,,,,,,,,,
outbackbarbecues.ie,,,not_found,,,0,,,,,,,,,
outdoorandmoreireland.ie,,,not_found,,,0,,,Yes,ireland,,,,,
outdoorcreative.ie,,,not_found,,,0,,,,,,,,,
outland.ie,,,not_found,,,0,,,,,,,,,
outrank.ie,,,not_found,,,0,3332,1562,No,,,,,2017-05-23,2022-05-21
outsourcingireland.ie,,,not_found,,,0,,,,,,,,,
outweb.ie,,,not_found,,,0,,,No,,,,,,
overwatchtech.ie,,,not_found,,,0,,,,,,,,,
overwatchtechnology.ie,,,not_found,,,0,,,,,,,,,
ovulation.ie,,,not_found,,,0,,,,,,,,,
owcloudsolutions.ie,,,not_found,,,0,,,,,,,,,
owned.ie,,,not_found,,,0,,,,,,,,,
ownhealth.ie,,,not_found,,,0,4,716,Yes,health,,,,2024-09-09,2024-09-13
ownyourhealth.ie,,,not_found,,,0,1,722,Yes,health,,,,2024-09-07,2024-09-07
ownyoursite.ie,,,not_found,,,0,,,No,,,,,,
ozxgroup.ie,,,not_found,,,0,9,533,Yes,group,,,,2021-12-20,2025-03-15
p3defence.ie,,,not_found,,,0,,,,,,,,,
paceview.ie,,,not_found,,,0,0,,No,,,,,,
pacificbay.ie,,,not_found,,,0,,,,,,,,,
packandsend.ie,,,not_found,,,0,1,6849,No,,,,,2007-11-29,2007-11-29
packsend.ie,,,not_found,,,0,1,6849,No,,,,,2007-11-29,2007-11-29
paddersslippers.ie,,,not_found,,,0,,,,,,,,,
paddington.ie,,,not_found,,,0,0,,No,,,,,,
paddingtonbear.ie,,,not_found,,,0,0,,No,,,,,,
paddyapps.ie,,,not_found,,,0,,,,,,,,,
paddypouch.ie,,,not_found,,,0,,,No,,,,,,
paddysbooks.ie,,,not_found,,,0,0,,No,,,,,,
padel-expert.ie,,,not_found,,,0,,,,,,,,,
padel100golf.ie,,,not_found,,,0,,,,,,,,,
padel100hotels.ie,,,not_found,,,0,,,,,,,,,
padelbishopstown.ie,,,not_found,,,0,,,,,,,,,
padelcentral.ie,,,not_found,,,0,0,,No,,,,,,
padelsixnine.ie,,,not_found,,,0,,,,,,,,,
padelvillageclub.ie,,,not_found,,,0,,,,,,,,,
padelwaterford.ie,,,not_found,,,0,,,,,,,,,
padelwicklow.ie,,,not_found,,,0,,,,,,,,,
page1geo.ie,,,not_found,,,0,,,,,,,,,
pageandporter.ie,,,not_found,,,0,,,No,,,,,,
paintandpaneling.ie,,,not_found,,,0,,,,,,,,,
painterag.ie,,,not_found,,,0,,,Yes,paint,,,,,
paintingservices.ie,,,not_found,,,0,,,,,,,,,
paintrightdublin.ie,,,not_found,,,0,,,,,,,,,
pakk.ie,,,not_found,,,0,,,,,,,,,
palladiodoorcollection.ie,,,not_found,,,0,,,,,,,,,
palmerstownnews.ie,,,not_found,,,0,80,3211,,,,,,2011-11-06,2017-11-14
palmerstownrevisionslrd.ie,,,not_found,,,0,,,,,,,,,
palmerstownwindowcleaning.ie,,,not_found,,,0,0,,Yes,cleaning,,,,,
palmoilfreesoap.ie,,,not_found,,,0,,,,,,,,,
pamperedparlour.ie,,,not_found,,,0,,,,,,,,,
pamperedpetparlour.ie,,,not_found,,,0,,,,,,,,,
pandaasiancuisine.ie,,,not_found,,,0,,,No,,,,,,
pandit.ie,,,not_found,,,0,,,,,,,,,
pandoracaralarm.ie,,,not_found,,,0,,,No,,,,,,
pantekgroup.ie,,,not_found,,,0,,,,,,,,,
pao.ie,,,not_found,,,0,,,No,,,,,,
papaentisgrange.ie,,,not_found,,,0,,,,,,,,,
paparichsalthill.ie,,,not_found,,,0,9,510,No,,,,,2024-04-15,2025-04-07
papaspizza.ie,,,not_found,,,0,,,,,,,,,
paper-cut.ie,,,not_found,,,0,,,,,,,,,
paperbasedpackagingsolutions.ie,,,not_found,,,0,0,,Yes,solutions,,,,,
paperbasedsolutions.ie,,,not_found,,,0,,,,,,,,,
parabellumlabs.ie,,,not_found,,,0,,,,,,,,,
parachuteireland.ie,,,not_found,,,0,172,1714,Yes,ireland,,,,2007-11-29,2021-12-20
paradigmsolutions.ie,,,not_found,,,0,,,,,,,,,
paramountcruises.ie,,,not_found,,,0,,,,,,,,,
parishesbcl.ie,,,not_found,,,0,,,,,,,,,
parkavenuemedia.ie,,,not_found,,,0,,,Yes,"avenue, media",,,,,
parkploga.ie,,,not_found,,,0,,,,,,,,,
parksidebc.ie,,,not_found,,,0,,,No,,,,,,
partybark.ie,,,not_found,,,0,,,No,,,,,,
partyhouse.ie,,,not_found,,,0,,,,,,,,,
partys4u.ie,,,not_found,,,0,,,,,,,,,
partywiththemartins.ie,,,not_found,,,0,,,,,,,,,
parvalistx.ie,,,not_found,,,0,,,No,,,,,,
passionpavingandlandscaping.ie,,,not_found,,,0,,,Yes,"landscaping, paving",,,,,
patcostelloebushire.ie,,,not_found,,,0,,,,,,,,,
pathologynucleus.ie,,,not_found,,,0,,,No,,,,,,
pathwaystofunding.ie,,,not_found,,,0,,,,,,,,,
patiopaving.ie,,,not_found,,,0,,,Yes,paving,,,,,
patokeeffe.ie,,,not_found,,,0,,,,,,,,,
patricklawlesswoodworking.ie,,,not_found,,,0,307,524,,,,,,2016-11-17,2025-03-24
patswayimagery.ie,,,not_found,,,0,,,,,,,,,
paul-kelly.ie,,,not_found,,,0,,,,,,,,,
paulanthony.ie,,,not_found,,,0,,,,,,,,,
pausetimephotography.ie,,,not_found,,,0,,,,,,,,,
pavetheway.ie,,,not_found,,,0,,,,,,,,,
pawlettepetpotraits.ie,,,not_found,,,0,,,,,,,,,
payv.ie,,,not_found,,,0,,,,,,,,,
pbcpainters.ie,,,not_found,,,0,15,1361,Yes,paint,,,,2022-04-23,2022-12-08
pbda.ie,,,not_found,,,0,,,,,,,,,
pceautomation.ie,,,not_found,,,0,,,,,,,,,
pct-accessories.ie,,,not_found,,,0,,,,,,,,,
pdalycarpentry.ie,,,not_found,,,0,,,,,,,,,
pdca.ie,,,not_found,,,0,,,No,,,,,,
peaceofmind-ll.ie,,,not_found,,,0,,,No,,,,,,
peachyleanworld.ie,,,not_found,,,0,,,No,,,,,,
peakachievement.ie,,,not_found,,,0,,,,,,,,,
peakcreative.ie,,,not_found,,,0,,,,,,,,,
peaksandvalleys.ie,,,not_found,,,0,0,,No,,,,,,
peaksandvalleystherapy.ie,,,not_found,,,0,0,,Yes,therapy,,,,,
pearhr.ie,,,not_found,,,0,,,,,,,,,
peat.ie,,,not_found,,,0,1,5951,No,,,,,2010-05-14,2010-05-14
pebbelrebel.ie,,,not_found,,,0,,,No,,,,,,
pebblix.ie,,,not_found,,,0,,,,,,,,,
pedestal.ie,,,not_found,,,0,,,,,,,,,
peerpal.ie,,,not_found,,,0,,,,,,,,,
pegasusre.ie,,,not_found,,,0,26,2407,No,,,,,2017-11-04,2020-01-27
pegasusrealestate.ie,,,not_found,,,0,,,,,,,,,
pelvmate.ie,,,not_found,,,0,0,,No,,,,,,
pembrokelegal.ie,,,not_found,,,0,147,763,Yes,legal,,,,2010-10-20,2024-07-28
penalretail.ie,,,not_found,,,0,,,,,,,,,
pendejo.ie,,,not_found,,,0,,,No,,,,,,
peninsulacarpetcleaning.ie,,,not_found,,,0,,,Yes,"cleaning, carpet",,,,,
pensionplanning.ie,,,not_found,,,0,,,No,pension planning,,,,,
pensionstracingcompany.ie,,,not_found,,,0,,,No,,,,,,
peoplefirsthr.ie,,,not_found,,,0,0,,No,,,,,,
peoplesciencebusiness.ie,,,not_found,,,0,0,,Yes,business,,,,,
peptidesuk.ie,,,not_found,,,0,,,,,,,,,
percival.ie,,,not_found,,,0,3,1669,No,,,,,2021-12-21,2022-02-03
perfectalert.ie,,,not_found,,,0,,,,,,,,,
perfectdraft.ie,,,not_found,,,0,,,,,,,,,
perfecttiming.ie,,,not_found,,,0,,,No,,,,,,
performancecyclecoach.ie,,,not_found,,,0,0,,Yes,"performance, coach",,,,,
pergolaireland.ie,,,not_found,,,0,,,Yes,ireland,,,,,
peridot.ie,,,not_found,,,0,,,,,,,,,
periodgiftbox.ie,,,not_found,,,0,,,,,,,,,
perkies.ie,,,not_found,,,0,,,No,,,,,,
perkio.ie,,,not_found,,,0,,,No,,,,,,
perrydesign.ie,,,not_found,,,0,,,,,,,,,
personability.ie,,,not_found,,,0,0,,No,,,,,,
personalisedcushions.ie,,,not_found,,,0,,,,,,,,,
personalisedmugs.ie,,,not_found,,,0,,,,,,,,,
personalisedstuff.ie,,,not_found,,,0,,,No,,,,,,
personalized.ie,,,not_found,,,0,,,,,,,,,
personalizedbabyblankets.ie,,,not_found,,,0,,,,,,,,,
personaltrainingballincollig.ie,,,not_found,,,0,0,,Yes,training,,,,,
persses.ie,,,not_found,,,0,,,No,,,,,,
perssesgalwaywhiskey.ie,,,not_found,,,0,,,Yes,galway,,,,,
persybooths.ie,,,not_found,,,0,,,No,,,,,,
petalar.ie,,,not_found,,,0,,,No,,,,,,
petbnb.ie,,,not_found,,,0,,,No,pet,,,,,
petbusinesspr.ie,,,not_found,,,0,,,,,,,,,
peterandrew.ie,,,not_found,,,0,,,,,,,,,
petergallaghercarsales.ie,,,not_found,,,0,,,,,,,,,
peterlonergan.ie,,,not_found,,,0,,,No,,,,,,
petermoore.ie,,,not_found,,,0,,,No,,,,,,
peterpetra.ie,,,not_found,,,0,,,,,,,,,
peterrabbit.ie,,,not_found,,,0,2,1592,No,,,,,2021-12-19,2022-04-21
petfree.ie,,,not_found,,,0,,,,,,,,,
petfreeaccommodation.ie,,,not_found,,,0,,,,,,,,,
petitswood-infill-lrd.ie,,,not_found,,,0,6,521,Yes,wood,,,,2024-07-30,2025-03-27
petparentgroup.ie,,,not_found,,,0,,,Yes,"group, rent",,,,,
petportraits.ie,,,not_found,,,0,150,2454,,,,,,2007-11-29,2019-12-10
petta-post.ie,,,not_found,,,0,,,,,,,,,
petta.ie,,,not_found,,,0,,,,,,,,,
pettapost.ie,,,not_found,,,0,,,,,,,,,
peurvitae.ie,,,not_found,,,0,,,,,,,,,
pfas.ie,,,not_found,,,0,,,No,,,,,,
pfasfree.ie,,,not_found,,,0,,,No,,,,,,
pfla.ie,,,not_found,,,0,,,,,,,,,
pfssupplies.ie,,,not_found,,,0,,,,,,,,,
pgaproperties.ie,,,not_found,,,0,,,,,,,,,
pgmaintenance.ie,,,not_found,,,0,0,,Yes,maintenance,,,,,
pharmac.ie,,,not_found,,,0,,,,,,,,,
pharmacy101.ie,,,not_found,,,0,,,Yes,pharmacy,,,,,
pharmacynow.ie,,,not_found,,,0,,,Yes,pharmacy,,,,,
phat-tony.ie,,,not_found,,,0,,,No,,,,,,
phattony.ie,,,not_found,,,0,,,No,,,,,,
phenomenalstaffingsolutions.ie,,,not_found,,,0,,,Yes,"solutions, staffing",,,,,
philnutley.ie,,,not_found,,,0,131,526,No,,,,,2007-11-29,2025-03-22
philpottshomebaking.ie,,,not_found,,,0,,,,,,,,,
phoneworldclifden.ie,,,not_found,,,0,,,,,,,,,
photodroneguy.ie,,,not_found,,,0,,,,,,,,,
photographerinireland.ie,,,not_found,,,0,,,,,,,,,
photographyart.ie,,,not_found,,,0,,,,,,,,,
phswaterandenergysaving.ie,,,not_found,,,0,,,No,,,,,,
phswaterandenergysavings.ie,,,not_found,,,0,,,No,,,,,,
physiodundalk.ie,,,not_found,,,0,,,Yes,physio,,,,,
physioennis.ie,,,not_found,,,0,,,Yes,physio,,,,,
physiomarketing.ie,,,not_found,,,0,,,,,,,,,
phyterberryaronia.ie,,,not_found,,,0,,,No,,,,,,
piamargot.ie,,,not_found,,,0,,,No,,,,,,
picka.ie,,,not_found,,,0,,,,,,,,,
pickinggarden.ie,,,not_found,,,0,,,,,,,,,
picklrs.ie,,,not_found,,,0,,,,,,,,,
pieholdings.ie,,,not_found,,,0,,,No,,,,,,
pierce-connaughton.ie,,,not_found,,,0,,,No,,,,,,
pigelettoknits.ie,,,not_found,,,0,0,,No,,,,,,
piip.ie,,,not_found,,,0,,,No,,,,,,
pinkpilatesdublin.ie,,,not_found,,,0,0,,Yes,"pilates, dublin",,,,,
pitchlist.ie,,,not_found,,,0,,,,,,,,,
pitsstop.ie,,,not_found,,,0,,,,,,,,,
pittsburghsteelers.ie,,,not_found,,,0,0,,No,,,,,,
pivotpoint.ie,,,not_found,,,0,0,,No,,,,,,
pixelparade.ie,,,not_found,,,0,,,No,,,,,,
pixpix.ie,,,not_found,,,0,0,,No,,,,,,
pizzaacademyhaven.ie,,,not_found,,,0,8,520,No,,,,,2024-04-15,2025-03-28
pizzabiteslimerick.ie,,,not_found,,,0,,,Yes,limerick,,,,,
pizzacornerballycollin.ie,,,not_found,,,0,,,,,,,,,
pizzakebabedenderry.ie,,,not_found,,,0,,,,,,,,,
pizzaparadise.ie,,,not_found,,,0,,,,,,,,,
pizzaworld.ie,,,not_found,,,0,,,,,,,,,
pjhynessons.ie,,,not_found,,,0,,,No,,,,,,
placeabet.ie,,,not_found,,,0,,,No,,,,,,
planetireland.ie,,,not_found,,,0,,,,,,,,,
planmyroom.ie,,,not_found,,,0,,,,,,,,,
planourwedding.ie,,,not_found,,,0,,,,,,,,,
plantbunny.ie,,,not_found,,,0,,,,,,,,,
plantershop.ie,,,not_found,,,0,,,,,,,,,
plasticisnotfantastic.ie,,,not_found,,,0,1,1678,No,,,,,2022-01-25,2022-01-25
playfest.ie,,,not_found,,,0,,,No,,,,,,
playfulminds.ie,,,not_found,,,0,0,,No,,,,,,
playlistweddingband.ie,,,not_found,,,0,,,,,,,,,
playtabletennis.ie,,,not_found,,,0,,,No,,,,,,
playthings.ie,,,not_found,,,0,,,,,,,,,
pleiadianwarrior.ie,,,not_found,,,0,,,,,,,,,
pleiadianwarrioroffical.ie,,,not_found,,,0,,,,,,,,,
plinko.ie,,,not_found,,,0,,,,,,,,,
plspharma.ie,,,not_found,,,0,,,,,,,,,
plumbermeath.ie,,,not_found,,,0,,,,,,,,,
plumbersdundalk.ie,,,not_found,,,0,,,,,,,,,
plumbr.ie,,,not_found,,,0,,,Yes,plumb,,,,,
plusrad.ie,,,not_found,,,0,,,,,,,,,
pmat.ie,,,not_found,,,0,116,1439,No,,,,,2017-11-04,2022-09-21
pmcb.ie,,,not_found,,,0,,,,,,,,,
pmmachinery.ie,,,not_found,,,0,,,,,,,,,
pointvillagecarpark.ie,,,not_found,,,0,,,No,,,,,,
polimorph.ie,,,not_found,,,0,,,,,,,,,
polishconsulatekilkenny.ie,,,not_found,,,0,,,,,,,,,
polishedporcelain.ie,,,not_found,,,0,,,,,,,,,
politees.ie,,,not_found,,,0,0,,No,,,,,,
polycarbonate365.ie,,,not_found,,,0,,,,,,,,,
polyvagalinspiredyoga.ie,,,not_found,,,0,,,,,,,,,
poobags.ie,,,not_found,,,0,,,No,,,,,,
poochesareus.ie,,,not_found,,,0,,,,,,,,,
poochiepetsitter.ie,,,not_found,,,0,0,,No,,,,,,
pooja.ie,,,not_found,,,0,,,,,,,,,
poolbegantibiotics.ie,,,not_found,,,0,,,No,,,,,,
poolbegbio.ie,,,not_found,,,0,,,No,,,,,,
poolbegdata.ie,,,not_found,,,0,,,Yes,data,,,,,
poolbegtherapeutics.ie,,,not_found,,,0,,,No,,,,,,
poolbegtrials.ie,,,not_found,,,0,,,No,,,,,,
poolbegvaccines.ie,,,not_found,,,0,,,No,,,,,,
poop.ie,,,not_found,,,0,,,,,,,,,
popupdublin.ie,,,not_found,,,0,,,,,,,,,
popupwebsites.ie,,,not_found,,,0,,,,,,,,,
portableloos.ie,,,not_found,,,0,,,,,,,,,
portalnews.ie,,,not_found,,,0,,,No,,,,,,
portaloos.ie,,,not_found,,,0,0,,No,,,,,,
portarlingtonmusicalsociety.ie,,,not_found,,,0,0,,,,,,,,
portlaoisemedicalcentre.ie,,,not_found,,,0,,,,,,,,,
pos2.ie,,,not_found,,,0,,,,,,,,,
pos3.ie,,,not_found,,,0,,,,,,,,,
poseyparlour.ie,,,not_found,,,0,,,No,,,,,,
poshposy.ie,,,not_found,,,0,,,,,,,,,
positivehorsemanship.ie,,,not_found,,,0,,,,,,,,,
positivepsychologyinaction.ie,,,not_found,,,0,,,,,,,,,
postalpackaging.ie,,,not_found,,,0,,,,,,,,,
postpartumcoach.ie,,,not_found,,,0,,,,,,,,,
postpartumdoula.ie,,,not_found,,,0,,,,,,,,,
postpartumireland.ie,,,not_found,,,0,,,,,,,,,
potatoland.ie,,,not_found,,,0,0,,No,,,,,,
pottingerparts.ie,,,not_found,,,0,,,Yes,arts,,,,,
pottingersales.ie,,,not_found,,,0,0,,Yes,sales,,,,,
pouchesdirect.ie,,,not_found,,,0,,,No,,,,,,
pouchpoint.ie,,,not_found,,,0,,,No,,,,,,
powdercoat.ie,,,not_found,,,0,,,,,,,,,
powerfinewines.ie,,,not_found,,,0,,,,,,,,,
powerfullogos.ie,,,not_found,,,0,,,,,,,,,
powerof10.ie,,,not_found,,,0,,,,,,,,,
poweroften.ie,,,not_found,,,0,,,,,,,,,
powersceilingsandpartitions.ie,,,not_found,,,0,,,No,,,,,,
powertocompare.ie,,,not_found,,,0,,,,,,,,,
powerwashingandlandscapingcork.ie,,,not_found,,,0,,,,,,,,,
powerwashingkilkenny.ie,,,not_found,,,0,6,525,Yes,kilkenny,,,,2024-03-27,2025-03-23
ppcp.ie,,,not_found,,,0,0,,No,,,,,,
ppeproducts.ie,,,not_found,,,0,,,No,,,,,,
pranawellness.ie,,,not_found,,,0,,,Yes,wellness,,,,,
pranic-psychotherapy.ie,,,not_found,,,0,,,Yes,therapy,,,,,
pranicpsychotherapy.ie,,,not_found,,,0,,,Yes,therapy,,,,,
prebioireland.ie,,,not_found,,,0,,,,,,,,,
prebooktaxi.ie,,,not_found,,,0,,,No,,,,,,
precisionscreed.ie,,,not_found,,,0,15,1435,No,,,,,2021-12-11,2022-09-25
precisionstrutireland.ie,,,not_found,,,0,0,,Yes,ireland,,,,,
predictionbyinvention.ie,,,not_found,,,0,,,No,,,,,,
preempt.ie,,,not_found,,,0,,,No,,,,,,
pregnancytest.ie,,,not_found,,,0,,,,,,,,,
pregnancytips.ie,,,not_found,,,0,0,,No,,,,,,
prelovedsalvage.ie,,,not_found,,,0,,,No,,,,,,
premierbuyinggroup.ie,,,not_found,,,0,,,,,,,,,
premierpaintingwaterford.ie,,,not_found,,,0,,,,,,,,,
premierpetcareplan.ie,,,not_found,,,0,0,,Yes,care,,,,,
premierwash.ie,,,not_found,,,0,,,,,,,,,
premierwealthmanagement.ie,,,not_found,,,0,,,,,,,,,
premiumbathrooms.ie,,,not_found,,,0,,,,,,,,,
premiumbeef.ie,,,not_found,,,0,,,,,,,,,
preprodgeohivelocator.ie,,,not_found,,,0,,,,,,,,,
presenceproject.ie,,,not_found,,,0,,,,,,,,,
pressuremedia.ie,,,not_found,,,0,,,,,,,,,
pressurewashingireland.ie,,,not_found,,,0,0,,Yes,ireland,,,,,
prestigehomecare.ie,,,not_found,,,0,,,Yes,"care, home",,,,,
previse.ie,,,not_found,,,0,,,No,,,,,,
previsetraining.ie,,,not_found,,,0,,,Yes,training,,,,,
pricewatch.ie,,,not_found,,,0,12,3145,,,,,,2007-06-27,2018-01-18
pricewatchers.ie,,,not_found,,,0,0,,,,,,,,
priestess.ie,,,not_found,,,0,,,,,,,,,
primebeef.ie,,,not_found,,,0,,,,,,,,,
primecr.ie,,,not_found,,,0,,,No,,,,,,
primegrove.ie,,,not_found,,,0,,,No,,,,,,
primeirish.ie,,,not_found,,,0,,,,,,,,,
primeirishbeef.ie,,,not_found,,,0,,,,,,,,,
primeirishmeat.ie,,,not_found,,,0,,,,,,,,,
primeirishmeats.ie,,,not_found,,,0,,,,,,,,,
primemaths.ie,,,not_found,,,0,,,,,,,,,
print-for-me.ie,,,not_found,,,0,,,,,,,,,
printerworld.ie,,,not_found,,,0,,,,,,,,,
printmerch.ie,,,not_found,,,0,,,Yes,print,,,,,
printnet.ie,,,not_found,,,0,891,3826,Yes,print,,,,1999-08-27,2016-03-09
printrsign.ie,,,not_found,,,0,,,,,,,,,
priority360.ie,,,not_found,,,0,,,,,,,,,
priorstate.ie,,,not_found,,,0,,,No,,,,,,
pristineequinevaleting.ie,,,not_found,,,0,,,,,,,,,
privacylaw.ie,,,not_found,,,0,18,1617,No,,,,,2017-11-04,2022-03-27
privaris.ie,,,not_found,,,0,,,No,,,,,,
privatehireireland.ie,,,not_found,,,0,0,,Yes,ireland,,,,,
privatemail.ie,,,not_found,,,0,,,,,,,,,
privatesale.ie,,,not_found,,,0,20,9272,No,private sale,,,,2001-02-26,2001-04-11
pro-build.ie,,,not_found,,,0,,,,,,,,,
proactionphotos.ie,,,not_found,,,0,,,Yes,"action, photo",,,,,
procura.ie,,,not_found,,,0,0,,No,,,,,,
procurementpassport.ie,,,not_found,,,0,,,,,,,,,
productcarehome.ie,,,not_found,,,0,,,Yes,"home, care",,,,,
productionservice.ie,,,not_found,,,0,20,1666,Yes,"production, service",,,,2017-11-04,2022-02-06
productionserviceireland.ie,,,not_found,,,0,18,1607,Yes,"production, service, ireland",,,,2017-11-04,2022-04-06
productionservicesireland.ie,,,not_found,,,0,18,1627,Yes,"production, services, ireland",,,,2017-11-04,2022-03-17
professionalacademy.ie,,,not_found,,,0,,,No,,,,,,
professionalbuilder.ie,,,not_found,,,0,,,,,,,,,
professionalprogressionacademy.ie,,,not_found,,,0,,,No,,,,,,
profitable.ie,,,not_found,,,0,,,,,,,,,
profitmasters.ie,,,not_found,,,0,,,,,,,,,
profixmaintenance.ie,,,not_found,,,0,,,Yes,maintenance,,,,,
progressreading360.ie,,,not_found,,,0,0,,No,,,,,,
proiq.ie,,,not_found,,,0,,,,,,,,,
project35.ie,,,not_found,,,0,,,No,,,,,,
projectd.ie,,,not_found,,,0,,,,,,,,,
projecterrigal.ie,,,not_found,,,0,0,,No,,,,,,
projector.ie,,,not_found,,,0,,,,,,,,,
projectorexpert.ie,,,not_found,,,0,,,No,,,,,,
projectum.ie,,,not_found,,,0,,,,,,,,,
promarketing.ie,,,not_found,,,0,,,,,,,,,
promotionnmt.ie,,,not_found,,,0,0,,No,,,,,,
propertyphotos.ie,,,not_found,,,0,,,,,,,,,
propertyrates.ie,,,not_found,,,0,,,,,,,,,
propertyrentregister.ie,,,not_found,,,0,,,Yes,"property, rent",,,,,
propertysolicitorcork.ie,,,not_found,,,0,,,Yes,"solicitor, property, cork",,,,,
proroofers.ie,,,not_found,,,0,,,Yes,roofers (Construction),,,,,
proshot.ie,,,not_found,,,0,,,,,,,,,
prosteampropertymaintenance.ie,,,not_found,,,0,,,,,,,,,
prosteer.ie,,,not_found,,,0,0,,No,,,,,,
protectandsave.ie,,,not_found,,,0,0,,No,,,,,,
proteinbox.ie,,,not_found,,,0,,,No,,,,,,
proteinfoods.ie,,,not_found,,,0,,,Yes,Protein foods,,,,,
proteinpicknmix.ie,,,not_found,,,0,,,,,,,,,
prove.ie,,,not_found,,,0,,,,,,,,,
provenproperties.ie,,,not_found,,,0,,,,,,,,,
proviegirl.ie,,,not_found,,,0,,,,,,,,,
prudentvillage.ie,,,not_found,,,0,,,,,,,,,
prytana.ie,,,not_found,,,0,,,,,,,,,
psychiatryireland.ie,,,not_found,,,0,,,,,,,,,
psychicreadings.ie,,,not_found,,,0,,,No,,,,,,
psychoptics.ie,,,not_found,,,0,,,No,,,,,,
psychoticmasks.ie,,,not_found,,,0,,,No,,,,,,
pubandclubspy.ie,,,not_found,,,0,,,,,,,,,
pubgames.ie,,,not_found,,,0,0,,Yes,game,,,,,
publicbodydigitalawards.ie,,,not_found,,,0,,,,,,,,,
pubsireland.ie,,,not_found,,,0,,,Yes,ireland,,,,,
puentesolas.ie,,,not_found,,,0,,,,,,,,,
puervitae.ie,,,not_found,,,0,,,,,,,,,
puffbar.ie,,,not_found,,,0,,,,,,,,,
puffymind.ie,,,not_found,,,0,,,,,,,,,
puja.ie,,,not_found,,,0,,,,,,,,,
pulledloaded.ie,,,not_found,,,0,,,,,,,,,
pulselaserclean.ie,,,not_found,,,0,,,Yes,clean,,,,,
pumpswap.ie,,,not_found,,,0,,,No,,,,,,
punc.ie,,,not_found,,,0,,,No,,,,,,
pure80s.ie,,,not_found,,,0,,,No,,,,,,
puredetailing.ie,,,not_found,,,0,,,No,,,,,,
purefloirda.ie,,,not_found,,,0,,,No,,,,,,
pureflorida.ie,,,not_found,,,0,,,No,,,,,,
pureholidays.ie,,,not_found,,,0,,,,,,,,,
purelydiamonds.ie,,,not_found,,,0,21,1637,No,,,,,2017-11-04,2022-03-07
puremortgages.ie,,,not_found,,,0,,,,,,,,,
purenaturalhonest.ie,,,not_found,,,0,,,,,,,,,
purepadelwaterford.ie,,,not_found,,,0,,,,,,,,,
purepensions.ie,,,not_found,,,0,,,,,,,,,
pureqistudio.ie,,,not_found,,,0,,,Yes,studio,,,,,
pureweb.ie,,,not_found,,,0,0,,No,,,,,,
purisafe.ie,,,not_found,,,0,0,,No,,,,,,
purr.ie,,,not_found,,,0,217,720,No,,,,,2009-09-04,2024-09-09
q-pack.ie,,,not_found,,,0,0,,No,,,,,,
q-tec.ie,,,not_found,,,0,,,,,,,,,
q9.ie,,,not_found,,,0,,,,,,,,,
qafield.ie,,,not_found,,,0,0,,No,,,,,,
qai.ie,,,not_found,,,0,,,,,,,,,
qde.ie,,,not_found,,,0,,,,,,,,,
qfnordering.ie,,,not_found,,,0,,,,,,,,,
qliving.ie,,,not_found,,,0,,,,,,,,,
qls.ie,,,not_found,,,0,,,,,,,,,
qpack.ie,,,not_found,,,0,0,,No,,,,,,
qparts.ie,,,not_found,,,0,,,Yes,arts,,,,,
qrgraves.ie,,,not_found,,,0,,,,,,,,,
qrikpa.ie,,,not_found,,,0,0,,No,,,,,,
qrip.ie,,,not_found,,,0,,,,,,,,,
qualityrealty.ie,,,not_found,,,0,,,,,,,,,
qualitytraining.ie,,,not_found,,,0,0,,Yes,training,,,,,
que.ie,,,not_found,,,0,,,No,,,,,,
queers.ie,,,not_found,,,0,,,,,,,,,
questiondocumentsireland.ie,,,not_found,,,0,20,3211,Yes,ireland,,,,2017-11-04,2017-11-14
quicklee.ie,,,not_found,,,0,,,No,,,,,,
quickparkdublin.ie,,,not_found,,,0,,,Yes,dublin,,,,,
quickphonefixcavan.ie,,,not_found,,,0,,,,,,,,,
quickpickpizzaonline.ie,,,not_found,,,0,,,,,,,,,
quicktour.ie,,,not_found,,,0,,,Yes,tour,,,,,
quietbox.ie,,,not_found,,,0,,,No,,,,,,
quietfriday.ie,,,not_found,,,0,,,No,,,,,,
quietfridays.ie,,,not_found,,,0,,,No,,,,,,
quikbasket.ie,,,not_found,,,0,,,,,,,,,
quikplates.ie,,,not_found,,,0,,,No,,,,,,
quillsirishgiftstore.ie,,,not_found,,,0,,,Yes,irish,,,,,
quillsirishstore.ie,,,not_found,,,0,,,Yes,irish,,,,,
quillsirishstores.ie,,,not_found,,,0,,,Yes,irish,,,,,
quinnfinancial.ie,,,not_found,,,0,,,,,,,,,
quirk.ie,,,not_found,,,0,4,1661,,,,,,2021-12-13,2022-02-10
quiz-room.ie,,,not_found,,,0,,,Yes,room,,,,,
quizguys.ie,,,not_found,,,0,,,No,,,,,,
quotapulse.ie,,,not_found,,,0,,,,,,,,,
quotemate.ie,,,not_found,,,0,0,,No,,,,,,
quranacademy.ie,,,not_found,,,0,,,,,,,,,
qwe.ie,,,not_found,,,0,,,,,,,,,
rabri.ie,,,not_found,,,0,,,No,,,,,,
rachelshaw.ie,,,not_found,,,0,,,No,,,,,,
rackcoffee.ie,,,not_found,,,0,,,,,,,,,
radianthues.ie,,,not_found,,,0,,,No,,,,,,
radicalneurodivergence.ie,,,not_found,,,0,,,,,,,,,
radicalneurodiversity.ie,,,not_found,,,0,,,,,,,,,
radicalresults.ie,,,not_found,,,0,,,,,,,,,
raffleitnow.ie,,,not_found,,,0,,,,,,,,,
rafteryspub.ie,,,not_found,,,0,,,Yes,after,,,,,
ragavan.ie,,,not_found,,,0,,,,,,,,,
raienergy.ie,,,not_found,,,0,8,721,No,,,,,2017-11-04,2024-09-08
raileyconsultancy.ie,,,not_found,,,0,,,,,,,,,
rainbetcasino.ie,,,not_found,,,0,,,,,,,,,
rainbowclinic.ie,,,not_found,,,0,,,Yes,clinic,,,,,
rainforestfriendly.ie,,,not_found,,,0,,,No,,,,,,
raisingthegame.ie,,,not_found,,,0,0,,Yes,game,,,,,
raisingthegameagriculture.ie,,,not_found,,,0,0,,Yes,"agriculture, game",,,,,
raisingthegameapprenticeships.ie,,,not_found,,,0,0,,Yes,"rent, game",,,,,
raisingthegamebeef.ie,,,not_found,,,0,0,,Yes,game,,,,,
raisingthegamebutcheryskills.ie,,,not_found,,,0,0,,Yes,game,,,,,
raisingthegamecareerdevelopment.ie,,,not_found,,,0,0,,Yes,"game, care",,,,,
raisingthegameclub.ie,,,not_found,,,0,0,,Yes,game,,,,,
raisingthegamecookingskills.ie,,,not_found,,,0,0,,Yes,game,,,,,
raisingthegameculinaryarts.ie,,,not_found,,,0,0,,Yes,"arts, game",,,,,
raisingthegamefarms.ie,,,not_found,,,0,0,,Yes,"arms, game",,,,,
raisingthegamefutureofsustainablefood.ie,,,not_found,,,0,0,,Yes,"food, game",,,,,
raisingthegamemeat.ie,,,not_found,,,0,0,,Yes,game,,,,,
raisingthegamerestaurantathome.ie,,,not_found,,,0,0,,Yes,"restaurant, game, home",,,,,
raisingthegamesapprenticeships.ie,,,not_found,,,0,0,,Yes,"rent, game",,,,,
raisingthegamesbeef.ie,,,not_found,,,0,0,,Yes,game,,,,,
raisingthegamesmeat.ie,,,not_found,,,0,0,,Yes,game,,,,,
raisingthegamesrestaurantathome.ie,,,not_found,,,0,0,,Yes,"restaurant, game, home",,,,,
raisingthegamessustainableagriculture.ie,,,not_found,,,0,0,,Yes,"agriculture, game",,,,,
raisingthegamesustainableagriculture.ie,,,not_found,,,0,0,,Yes,"agriculture, game",,,,,
ranelaghlaw.ie,,,not_found,,,0,,,,,,,,,
ranelaghmediation.ie,,,not_found,,,0,,,,,,,,,
rapidtrades.ie,,,not_found,,,0,,,,,,,,,
rapidtrivia.ie,,,not_found,,,0,0,,No,,,,,,
rarekind.ie,,,not_found,,,0,0,,No,,,,,,
rashasbeauty.ie,,,not_found,,,0,,,,,,,,,
raspberry.ie,,,not_found,,,0,,,No,,,,,,
ratecards.ie,,,not_found,,,0,,,,,,,,,
rateme.ie,,,not_found,,,0,,,No,,,,,,
rathbornelrdsubstationamendment.ie,,,not_found,,,0,2,544,,,,,,2024-08-28,2025-03-04
rathgarthaitherapy.ie,,,not_found,,,0,,,,,,,,,
rathgarvillage.ie,,,not_found,,,0,,,,,,,,,
rathminescampus.ie,,,not_found,,,0,,,,,,,,,
rathwoodevents.ie,,,not_found,,,0,,,,,,,,,
ratoathlrd.ie,,,not_found,,,0,40,,,,,,,2025-12-07,2026-01-04
ravebingo.ie,,,not_found,,,0,,,,,,,,,
rayzethegame.ie,,,not_found,,,0,,,Yes,game,,,,,
razorbilltechnology.ie,,,not_found,,,0,,,,,,,,,
razrbill.ie,,,not_found,,,0,,,,,,,,,
rcamedia.ie,,,not_found,,,0,,,,,,,,,
rccc.ie,,,not_found,,,0,,,No,,,,,,
rcflogistics.ie,,,not_found,,,0,,,,,,,,,
rcpainting.ie,,,not_found,,,0,,,Yes,painting,,,,,
rdlearninganddevelopment.ie,,,not_found,,,0,,,,,,,,,
rdt.ie,,,not_found,,,0,,,No,,,,,,
re-call.ie,,,not_found,,,0,,,,,,,,,
re-pod.ie,,,not_found,,,0,,,,,,,,,
reachingouttoourtrees.ie,,,not_found,,,0,,,,,,,,,
reachjobs.ie,,,not_found,,,0,,,No,,,,,,
reachli.ie,,,not_found,,,0,0,,No,,,,,,
reachvixdigital.ie,,,not_found,,,0,,,,,,,,,
reactivemetrics.ie,,,not_found,,,0,0,,No,,,,,,
ready-golf.ie,,,not_found,,,0,,,,,,,,,
ready-to-work.ie,,,not_found,,,0,,,,,,,,,
readyfitdoors.ie,,,not_found,,,0,,,No,,,,,,
realesource.ie,,,not_found,,,0,,,,,,,,,
realestateireland.ie,,,not_found,,,0,,,,,,,,,
realestateservice.ie,,,not_found,,,0,,,,,,,,,
realhotbitches.ie,,,not_found,,,0,0,,Yes,real,,,,,
realirishchicken.ie,,,not_found,,,0,5,2546,Yes,"irish, real",,,,2017-11-04,2019-09-10
reality360.ie,,,not_found,,,0,,,Yes,real,,,,,
realtoo.ie,,,not_found,,,0,,,,,,,,,
rebalanceholistictherapy.ie,,,not_found,,,0,,,Yes,"holistic, therapy",,,,,
rebelarcheryclubcork.ie,,,not_found,,,0,,,Yes,cork,,,,,
rebootretail.ie,,,not_found,,,0,0,,No,,,,,,
rebuild-ex.ie,,,not_found,,,0,0,,Yes,build,,,,,
rebuild.ie,,,not_found,,,0,,,Yes,build,,,,,
rebuildphysio.ie,,,not_found,,,0,,,,,,,,,
rec23.ie,,,not_found,,,0,,,No,,,,,,
recalldental.ie,,,not_found,,,0,,,,,,,,,
rechargeyoga.ie,,,not_found,,,0,14,735,Yes,yoga,,,,2021-12-14,2024-08-25
recklessinlove.ie,,,not_found,,,0,,,No,,,,,,
recon.ie,,,not_found,,,0,,,No,,,,,,
reconnectandrenew.ie,,,not_found,,,0,,,,,,,,,
recoverycorner.ie,,,not_found,,,0,,,Yes,recovery,,,,,
recoverysws.ie,,,not_found,,,0,,,,,,,,,
recpro.ie,,,not_found,,,0,7,524,No,,,,,2024-05-15,2025-03-24
recruitmentagency.ie,,,not_found,,,0,,,Yes,"recruitment, agency",,,,,
redermic.ie,,,not_found,,,0,,,,,,,,,
redherringclonmel.ie,,,not_found,,,0,,,,,,,,,
redlineconsulting.ie,,,not_found,,,0,16,1434,Yes,consulting,,,,2021-12-14,2022-09-26
redundo.ie,,,not_found,,,0,0,,No,,,,,,
redwoodsolar.ie,,,not_found,,,0,0,,Yes,wood,,,,,
reekon.ie,,,not_found,,,0,,,,,,,,,
reeks.ie,,,not_found,,,0,,,,,,,,,
reeltruth.ie,,,not_found,,,0,,,,,,,,,
refillireland.ie,,,not_found,,,0,,,Yes,ireland,,,,,
reflectgeneralmaintenance.ie,,,not_found,,,0,,,Yes,maintenance,,,,,
reforestation.ie,,,not_found,,,0,,,No,,,,,,
regenerate.ie,,,not_found,,,0,,,,,,,,,
regenerateireland.ie,,,not_found,,,0,,,Yes,ireland,,,,,
registeredofficeireland.ie,,,not_found,,,0,,,Yes,ireland,,,,,
registeririshcompany.ie,,,not_found,,,0,,,Yes,irish,,,,,
rehabphysiowicklow.ie,,,not_found,,,0,0,,Yes,"wicklow, physio, rehab",,,,,
rehoboth.ie,,,not_found,,,0,,,,,,,,,
reign.ie,,,not_found,,,0,,,No,,,,,,
reikihealingireland.ie,,,not_found,,,0,90,4623,Yes,"healing, ireland, reiki",,,,2011-05-02,2014-01-02
rekka.ie,,,not_found,,,0,,,,,,,,,
reklamera.ie,,,not_found,,,0,,,,,,,,,
relationshipmentoring.ie,,,not_found,,,0,,,No,,,,,,
relativevalues.ie,,,not_found,,,0,,,No,,,,,,
releasedesign.ie,,,not_found,,,0,,,,,,,,,
reluctanthealth.ie,,,not_found,,,0,,,,,,,,,
remamakes.ie,,,not_found,,,0,,,No,,,,,,
remaxblanchardstown.ie,,,not_found,,,0,,,,,,,,,
remodellinglandscapes.ie,,,not_found,,,0,,,Yes,landscape,,,,,
remotely.ie,,,not_found,,,0,,,,,,,,,
renaogalway.ie,,,not_found,,,0,,,Yes,galway,,,,,
renewablehubs.ie,,,not_found,,,0,,,,,,,,,
renewconcepts.ie,,,not_found,,,0,,,No,,,,,,
rensafiltration.ie,,,not_found,,,0,,,No,,,,,,
rentaros.ie,,,not_found,,,0,,,,,,,,,
renthunter.ie,,,not_found,,,0,,,,,,,,,
rentova.ie,,,not_found,,,0,,,Yes,rent,,,,,
rentstream.ie,,,not_found,,,0,,,Yes,rent,,,,,
rentthisholidayhome.ie,,,not_found,,,0,,,,,,,,,
renttobuy.ie,,,not_found,,,0,,,Yes,rent,,,,,
renttoownhomes.ie,,,not_found,,,0,,,Yes,"rent, home",,,,,
renture.ie,,,not_found,,,0,,,,,,,,,
renvylelodges.ie,,,not_found,,,0,,,,,,,,,
reobrix.ie,,,not_found,,,0,0,,No,,,,,,
repa.ie,,,not_found,,,0,,,,,,,,,
repfitness.ie,,,not_found,,,0,,,Yes,fitness,,,,,
rephone.ie,,,not_found,,,0,,,No,,,,,,
repod.ie,,,not_found,,,0,,,,,,,,,
representcomms.ie,,,not_found,,,0,,,No,,,,,,
republicofunitedireland.ie,,,not_found,,,0,,,,,,,,,
resack.ie,,,not_found,,,0,,,,,,,,,
researchera.ie,,,not_found,,,0,,,No,,,,,,
resellerhosting.ie,,,not_found,,,0,,,No,,,,,,
resellvouchers.ie,,,not_found,,,0,,,,,,,,,
reshopx.ie,,,not_found,,,0,,,,,,,,,
residentspace.ie,,,not_found,,,0,,,,,,,,,
resilienceinstitute.ie,,,not_found,,,0,,,No,,,,,,
resilientbychoice.ie,,,not_found,,,0,,,No,,,,,,
resilon.ie,,,not_found,,,0,,,,,,,,,
resinbonddublin.ie,,,not_found,,,0,,,Yes,dublin,,,,,
responsiblepersontraining.ie,,,not_found,,,0,,,Yes,training,,,,,
restoriron.ie,,,not_found,,,0,,,,,,,,,
resultsfm.ie,,,not_found,,,0,,,No,,,,,,
resurface.ie,,,not_found,,,0,,,No,,,,,,
retailconnex.ie,,,not_found,,,0,,,No,,,,,,
retech.ie,,,not_found,,,0,,,Yes,tech,,,,,
retinaassociatesofireland.ie,,,not_found,,,0,,,,,,,,,
retinalassociatesofireland.ie,,,not_found,,,0,,,,,,,,,
retirementinireland.ie,,,not_found,,,0,,,Yes,ireland,,,,,
retrocampervanhire.ie,,,not_found,,,0,,,,,,,,,
retrogamerireland.ie,,,not_found,,,0,,,Yes,"ireland, game",,,,,
retrohitsradio.ie,,,not_found,,,0,,,,,,,,,
retrotip.ie,,,not_found,,,0,,,,,,,,,
revari.ie,,,not_found,,,0,,,No,,,,,,
revenue-audit.ie,,,not_found,,,0,,,Yes,audit,,,,,
reveriestudio.ie,,,not_found,,,0,,,Yes,studio,,,,,
revicomply.ie,,,not_found,,,0,,,,,,,,,
revspizza.ie,,,not_found,,,0,,,No,,,,,,
rewildesque.ie,,,not_found,,,0,,,No,,,,,,
rewildnation.ie,,,not_found,,,0,,,No,,,,,,
rexa.ie,,,not_found,,,0,,,No,,,,,,
rfcproperty.ie,,,not_found,,,0,,,,,,,,,
rfcpropertysupport.ie,,,not_found,,,0,,,,,,,,,
rfes.ie,,,not_found,,,0,,,No,,,,,,
rfn.ie,,,not_found,,,0,,,,,,,,,
rgbtv.ie,,,not_found,,,0,,,,,,,,,
rhcoaching.ie,,,not_found,,,0,,,Yes,coaching,,,,,
rhondahale.ie,,,not_found,,,0,,,,,,,,,
rhythmmakers.ie,,,not_found,,,0,,,,,,,,,
rialtochinese.ie,,,not_found,,,0,,,,,,,,,
rianireland.ie,,,not_found,,,0,,,,,,,,,
richardoconnelldesign.ie,,,not_found,,,0,,,Yes,design,,,,,
richplanning.ie,,,not_found,,,0,,,No,,,,,,
richyouali.ie,,,not_found,,,0,,,No,,,,,,
ricscouriers.ie,,,not_found,,,0,,,,,,,,,
rightway.ie,,,not_found,,,0,139,511,No,,,,,2021-12-22,2025-04-05
rik.ie,,,not_found,,,0,,,,,,,,,
rikvip.ie,,,not_found,,,0,,,No,,,,,,
ril.ie,,,not_found,,,0,,,,,,,,,
rileysnooker.ie,,,not_found,,,0,,,No,,,,,,
ringringclub.ie,,,not_found,,,0,,,,,,,,,
ringstone.ie,,,not_found,,,0,,,No,,,,,,
rinnsemicon.ie,,,not_found,,,0,,,,,,,,,
rinnsemiconductors.ie,,,not_found,,,0,,,,,,,,,
rippa.ie,,,not_found,,,0,,,No,,,,,,
rit.ie,,,not_found,,,0,,,,,,,,,
riteprice.ie,,,not_found,,,0,,,No,,,,,,
riversideholisticcentre.ie,,,not_found,,,0,,,,,,,,,
riversideretail.ie,,,not_found,,,0,,,,,,,,,
riverstownpizza.ie,,,not_found,,,0,,,,,,,,,
rjspavingandlandscaping.ie,,,not_found,,,0,,,Yes,"landscaping, paving",,,,,
rksmedtech.ie,,,not_found,,,0,,,,,,,,,
rmd.ie,,,not_found,,,0,,,,,,,,,
rnlelectrical.ie,,,not_found,,,0,,,,,,,,,
roadreport.ie,,,not_found,,,0,,,,,,,,,
robcrowecoaching.ie,,,not_found,,,0,,,,,,,,,
robert-angel.ie,,,not_found,,,0,,,Yes,angel,,,,,
robertangel.ie,,,not_found,,,0,,,Yes,angel,,,,,
robertday.ie,,,not_found,,,0,,,No,,,,,,
robertmohr.ie,,,not_found,,,0,,,No,,,,,,
robinhoodaccounting.ie,,,not_found,,,0,,,Yes,accounting,,,,,
robotaxis.ie,,,not_found,,,0,,,,,,,,,
roboterchirurg.ie,,,not_found,,,0,,,,,,,,,
roboticurology.ie,,,not_found,,,0,,,No,,,,,,
robsbbq.ie,,,not_found,,,0,,,,,,,,,
rochester-ginger.ie,,,not_found,,,0,,,No,,,,,,
rock-shield.ie,,,not_found,,,0,,,No,,,,,,
rockbottomskinclub.ie,,,not_found,,,0,,,No,,,,,,
rockcaptive.ie,,,not_found,,,0,,,No,,,,,,
rockenviromental.ie,,,not_found,,,0,,,,,,,,,
rockfieldhomes.ie,,,not_found,,,0,,,,,,,,,
rodscon.ie,,,not_found,,,0,,,No,,,,,,
rodsfromgod.ie,,,not_found,,,0,,,,,,,,,
roguepicks.ie,,,not_found,,,0,,,No,,,,,,
roidteam.ie,,,not_found,,,0,,,,,,,,,
roisinhannigan.ie,,,not_found,,,0,,,,,,,,,
roisinnicheallaigh.ie,,,not_found,,,0,,,,,,,,,
rollingplates.ie,,,not_found,,,0,,,,,,,,,
rollingslow.ie,,,not_found,,,0,,,,,,,,,
ronanconboy.ie,,,not_found,,,0,,,,,,,,,
rons.ie,,,not_found,,,0,,,No,,,,,,
ronspotparking.ie,,,not_found,,,0,,,,,,,,,
roof-flexroofingandguttering.ie,,,not_found,,,0,,,,,,,,,
roofingsupplies.ie,,,not_found,,,0,,,Yes,roofing,,,,,
roofpowerwashingservices.ie,,,not_found,,,0,,,Yes,"services, roof",,,,,
roofsteelsheets.ie,,,not_found,,,0,,,,,,,,,
roomswap.ie,,,not_found,,,0,,,,,,,,,
rootandrise.ie,,,not_found,,,0,,,,,,,,,
rootrests.ie,,,not_found,,,0,,,No,,,,,,
rootrise.ie,,,not_found,,,0,,,No,,,,,,
rorymurphy.ie,,,not_found,,,0,,,,,,,,,
rosaflahfit.ie,,,not_found,,,0,,,No,,,,,,
rose-land.ie,,,not_found,,,0,,,,,,,,,
rosenbergstudios.ie,,,not_found,,,0,,,Yes,studio,,,,,
rosentistudios.ie,,,not_found,,,0,,,Yes,studio,,,,,
rosequartz.ie,,,not_found,,,0,0,,,,,,,,
roseveltraining.ie,,,not_found,,,0,,,Yes,training,,,,,
rosie.ie,,,not_found,,,0,,,No,,,,,,
roslynbettystown.ie,,,not_found,,,0,,,,,,,,,
rosscare.ie,,,not_found,,,0,,,Yes,care,,,,,
rotisser.ie,,,not_found,,,0,,,No,,,,,,
rotterdam.ie,,,not_found,,,0,,,No,,,,,,
roundel.ie,,,not_found,,,0,,,,,,,,,
roundstoneapartments.ie,,,not_found,,,0,,,,,,,,,
route14.ie,,,not_found,,,0,,,,,,,,,
rowanmcswiney.ie,,,not_found,,,0,,,,,,,,,
royalrestaurantsandyford.ie,,,not_found,,,0,,,,,,,,,
royalroofingandhomemaintenance.ie,,,not_found,,,0,,,,,,,,,
royalsandyford.ie,,,not_found,,,0,,,,,,,,,
royalsushi-ramen.ie,,,not_found,,,0,,,,,,,,,
royalthaitakeaway.ie,,,not_found,,,0,,,,,,,,,
royaluisneachvizslas.ie,,,not_found,,,0,,,,,,,,,
royspins.ie,,,not_found,,,0,,,,,,,,,
rpcagney.ie,,,not_found,,,0,,,,,,,,,
rprooferskerry.ie,,,not_found,,,0,,,,,,,,,
rprooferslimerick.ie,,,not_found,,,0,,,,,,,,,
rptraining.ie,,,not_found,,,0,,,,,,,,,
rsgx.ie,,,not_found,,,0,,,,,,,,,
rsgxgroup.ie,,,not_found,,,0,,,,,,,,,
rsucgt.ie,,,not_found,,,0,,,,,,,,,
rsworks.ie,,,not_found,,,0,,,,,,,,,
rtgf.ie,,,not_found,,,0,,,,,,,,,
rucking.ie,,,not_found,,,0,,,No,,,,,,
rugbyxv.ie,,,not_found,,,0,,,No,,,,,,
ruhe.ie,,,not_found,,,0,,,No,,,,,,
ruhesleep.ie,,,not_found,,,0,,,No,,,,,,
rume.ie,,,not_found,,,0,,,,,,,,,
runathy.ie,,,not_found,,,0,,,,,,,,,
runnercare.ie,,,not_found,,,0,,,Yes,care,,,,,
runonwords.ie,,,not_found,,,0,,,No,,,,,,
ruralrelics.ie,,,not_found,,,0,,,No,,,,,,
rushbrookpress.ie,,,not_found,,,0,,,No,,,,,,
rushhs.ie,,,not_found,,,0,,,,,,,,,
rutwell.ie,,,not_found,,,0,,,No,,,,,,
ryanamplification.ie,,,not_found,,,0,,,No,,,,,,
ryancrowley.ie,,,not_found,,,0,,,,,,,,,
ryanforanlennon.ie,,,not_found,,,0,,,No,,,,,,
ryans-garage.ie,,,not_found,,,0,,,,,,,,,
s-architecture.ie,,,not_found,,,0,,,,,,,,,
s00222134.ie,,,not_found,,,0,,,No,,,,,,
sabziwala.ie,,,not_found,,,0,,,No,,,,,,
sacredpathways.ie,,,not_found,,,0,,,,,,,,,
safar.ie,,,not_found,,,0,,,,,,,,,
safaris.ie,,,not_found,,,0,,,,,,,,,
safeaware.ie,,,not_found,,,0,,,Yes,aware,,,,,
safebia.ie,,,not_found,,,0,,,No,,,,,,
safebrands.ie,,,not_found,,,0,,,,,,,,,
safebuild.ie,,,not_found,,,0,,,Yes,build,,,,,
safebuildsolutions.ie,,,not_found,,,0,,,Yes,"solutions, build",,,,,
safeeventsglobal.ie,,,not_found,,,0,,,Yes,events,,,,,
safegear.ie,,,not_found,,,0,,,,,,,,,
safeguardacademy.ie,,,not_found,,,0,,,,,,,,,
safeseal.ie,,,not_found,,,0,,,No,,,,,,
safesecurestorage.ie,,,not_found,,,0,,,No,,,,,,
safeserve.ie,,,not_found,,,0,,,No,,,,,,
safesigns.ie,,,not_found,,,0,,,,,,,,,
safetline.ie,,,not_found,,,0,,,,,,,,,
safety-boots.ie,,,not_found,,,0,,,,,,,,,
safetycertificationcourses.ie,,,not_found,,,0,,,,,,,,,
safetymentor.ie,,,not_found,,,0,,,,,,,,,
safetyres.ie,,,not_found,,,0,,,No,,,,,,
safetytrainingexperts.ie,,,not_found,,,0,,,,,,,,,
safetytrainingnow.ie,,,not_found,,,0,,,,,,,,,
sagerx.ie,,,not_found,,,0,,,,,,,,,
sagetherapeutics.ie,,,not_found,,,0,,,,,,,,,
saglobalhealthcare.ie,,,not_found,,,0,,,,,,,,,
saicos.ie,,,not_found,,,0,,,,,,,,,
salesandmarketingacademy.ie,,,not_found,,,0,,,Yes,"marketing, sales",,,,,
salesandmarketingjobs.ie,,,not_found,,,0,,,Yes,"marketing, sales",,,,,
salesandmarketingmentorship.ie,,,not_found,,,0,,,Yes,"marketing, sales",,,,,
salesbot.ie,,,not_found,,,0,,,Yes,sales,,,,,
salesreps.ie,,,not_found,,,0,,,,,,,,,
sallinschiropractic.ie,,,not_found,,,0,,,Yes,chiropractic,,,,,
salsabay.ie,,,not_found,,,0,,,,,,,,,
saltboy.ie,,,not_found,,,0,,,No,,,,,,
saltwatertheatre.ie,,,not_found,,,0,,,Yes,theatre,,,,,
saltybones.ie,,,not_found,,,0,,,No,,,,,,
samedayvape.ie,,,not_found,,,0,,,No,,,,,,
samsroofingplasteringandconstructionltd.ie,,,not_found,,,0,,,,,,,,,
samuithai.ie,,,not_found,,,0,,,No,,,,,,
sanctuaryadvisory.ie,,,not_found,,,0,,,,,,,,,
sanctumsage.ie,,,not_found,,,0,,,,,,,,,
sandeepspaceireland.ie,,,not_found,,,0,,,,,,,,,
sandfordaedevelopment.ie,,,not_found,,,0,,,No,,,,,,
sandfordlegal.ie,,,not_found,,,0,,,,,,,,,
saorcollective.ie,,,not_found,,,0,,,No,,,,,,
sapphires.ie,,,not_found,,,0,0,,,,,,,,
sarahgreenhamtaylor.ie,,,not_found,,,0,,,,,,,,,
sarahtynandesign.ie,,,not_found,,,0,,,Yes,design,,,,,
saraleelawadee.ie,,,not_found,,,0,,,,,,,,,
saravanaabhavan.ie,,,not_found,,,0,,,,,,,,,
sashwindowconservation.ie,,,not_found,,,0,,,No,,,,,,
sastabrand.ie,,,not_found,,,0,,,,,,,,,
sastabrands.ie,,,not_found,,,0,,,,,,,,,
sastaexpress.ie,,,not_found,,,0,,,,,,,,,
sastafood.ie,,,not_found,,,0,,,,,,,,,
sastaireland.ie,,,not_found,,,0,,,,,,,,,
sastamarket.ie,,,not_found,,,0,,,,,,,,,
sastamarketplace.ie,,,not_found,,,0,,,,,,,,,
saunaonwheels.ie,,,not_found,,,0,,,,,,,,,
saunarental.ie,,,not_found,,,0,,,Yes,rental,,,,,
saunaworld.ie,,,not_found,,,0,,,,,,,,,
sauveshoes.ie,,,not_found,,,0,,,No,,,,,,
savaglobal.ie,,,not_found,,,0,,,,,,,,,
savingglobal.ie,,,not_found,,,0,,,No,,,,,,
savingscertificates.ie,,,not_found,,,0,,,No,,,,,,
say-fwc.ie,,,not_found,,,0,,,No,,,,,,
sbcbathrooms.ie,,,not_found,,,0,,,,,,,,,
sburns.ie,,,not_found,,,0,,,No,,,,,,
scan2view.ie,,,not_found,,,0,,,,,,,,,
scealta.ie,,,not_found,,,0,,,,,,,,,
schoolbook.ie,,,not_found,,,0,,,,,,,,,
schoolbooksdiscount.ie,,,not_found,,,0,,,,,,,,,
schoolbooksdiscountcode.ie,,,not_found,,,0,,,,,,,,,
schoolbooksirish.ie,,,not_found,,,0,,,,,,,,,
schoolbookslowcost.ie,,,not_found,,,0,,,,,,,,,
schoolbooksshop.ie,,,not_found,,,0,,,,,,,,,
schooldogs.ie,,,not_found,,,0,,,Yes,school,,,,,
schooldogsireland.ie,,,not_found,,,0,,,Yes,"ireland, school",,,,,
schoolsurvey.ie,,,not_found,,,0,,,Yes,school,,,,,
schooltherapydogs.ie,,,not_found,,,0,,,Yes,"therapy, school",,,,,
sciens.ie,,,not_found,,,0,,,No,,,,,,
scileanna.ie,,,not_found,,,0,,,No,,,,,,
scoopdog.ie,,,not_found,,,0,,,No,,,,,,
scooterclaims.ie,,,not_found,,,0,,,,,,,,,
scotch-shrunk.ie,,,not_found,,,0,,,,,,,,,
scotchshrunk.ie,,,not_found,,,0,,,,,,,,,
scotlandgolftours.ie,,,not_found,,,0,,,Yes,tour,,,,,
scotti.ie,,,not_found,,,0,,,,,,,,,
scoutout.ie,,,not_found,,,0,,,No,,,,,,
scraped.ie,,,not_found,,,0,,,No,,,,,,
scraper.ie,,,not_found,,,0,,,No,,,,,,
scrapper.ie,,,not_found,,,0,,,No,,,,,,
scribbl.ie,,,not_found,,,0,,,,,,,,,
scru.ie,,,not_found,,,0,,,No,,,,,,
scrufftobuff.ie,,,not_found,,,0,,,No,,,,,,
scullyinc.ie,,,not_found,,,0,,,,,,,,,
seabreezelodge.ie,,,not_found,,,0,,,No,,,,,,
seaduckanalytics.ie,,,not_found,,,0,,,Yes,analytics,,,,,
seafieldholidayhome.ie,,,not_found,,,0,,,,,,,,,
seamus.ie,,,not_found,,,0,,,,,,,,,
seamusennis.ie,,,not_found,,,0,,,,,,,,,
seancollard.ie,,,not_found,,,0,,,No,,,,,,
seanmccarthymemorialfestival.ie,,,not_found,,,0,,,,,,,,,
seanseosamhkennedy.ie,,,not_found,,,0,,,,,,,,,
seantullyelectrical.ie,,,not_found,,,0,,,Yes,electrical,,,,,
seapointadvisory.ie,,,not_found,,,0,,,,,,,,,
seapointresearch.ie,,,not_found,,,0,,,,,,,,,
searchengineoptimisation.ie,,,not_found,,,0,,,,,,,,,
searchnow.ie,,,not_found,,,0,,,,,,,,,
searelief.ie,,,not_found,,,0,,,No,,,,,,
searsha.ie,,,not_found,,,0,,,,,,,,,
seasonalworkersnetwork.ie,,,not_found,,,0,,,Yes,work,,,,,
seaswimming.ie,,,not_found,,,0,,,,,,,,,
seatpin.ie,,,not_found,,,0,,,,,,,,,
secoru.ie,,,not_found,,,0,,,,,,,,,
sector3.ie,,,not_found,,,0,,,No,,,,,,
sectorthree.ie,,,not_found,,,0,,,No,,,,,,
secularceremonies.ie,,,not_found,,,0,,,,,,,,,
secularwedding.ie,,,not_found,,,0,,,,,,,,,
securedriveway.ie,,,not_found,,,0,,,,,,,,,
securevision.ie,,,not_found,,,0,,,,,,,,,
securevisionireland.ie,,,not_found,,,0,,,,,,,,,
securitybollards.ie,,,not_found,,,0,,,,,,,,,
securitypro.ie,,,not_found,,,0,,,No,security,,,,,
securityteam.ie,,,not_found,,,0,,,No,security,,,,,
seekerscientific.ie,,,not_found,,,0,,,,,,,,,
segcards.ie,,,not_found,,,0,,,No,,,,,,
segeantslotcottages.ie,,,not_found,,,0,,,No,,,,,,
selectcakes.ie,,,not_found,,,0,,,No,,,,,,
selfbuildpro.ie,,,not_found,,,0,,,Yes,build,,,,,
semcd.ie,,,not_found,,,0,,,No,,,,,,
senatormarkduffy.ie,,,not_found,,,0,,,No,,,,,,
sendaletter.ie,,,not_found,,,0,,,,,,,,,
sendme.ie,,,not_found,,,0,,,No,,,,,,
seniorcyclehistory.ie,,,not_found,,,0,,,,,,,,,
sensorysupporthire.ie,,,not_found,,,0,,,No,,,,,,
sensorysupportshire.ie,,,not_found,,,0,,,No,,,,,,
sentinelmind.ie,,,not_found,,,0,,,,,,,,,
sentinelplus.ie,,,not_found,,,0,,,,,,,,,
seoconsulting.ie,,,not_found,,,0,,,Yes,consulting,,,,,
seoltamusic.ie,,,not_found,,,0,,,,,,,,,
seoulista.ie,,,not_found,,,0,,,No,,,,,,
seoulistabeauty.ie,,,not_found,,,0,,,Yes,beauty,,,,,
sepmmaintenance.ie,,,not_found,,,0,,,Yes,maintenance,,,,,
serenesportsphotography.ie,,,not_found,,,0,,,Yes,"photography, sports",,,,,
sereynoldsfarm.ie,,,not_found,,,0,,,,,,,,,
serotoninsauna.ie,,,not_found,,,0,,,,,,,,,
serveehome.ie,,,not_found,,,0,,,,,,,,,
server-scrappage.ie,,,not_found,,,0,,,No,,,,,,
serverscrappage.ie,,,not_found,,,0,,,No,,,,,,
servicetrust.ie,,,not_found,,,0,,,Yes,service,,,,,
servicetrustireland.ie,,,not_found,,,0,,,Yes,"service, ireland",,,,,
setantacollege.ie,,,not_found,,,0,,,No,,,,,,
setdinners.ie,,,not_found,,,0,,,,,,,,,
severino.ie,,,not_found,,,0,,,No,,,,,,
sexoffencesolicitors.ie,,,not_found,,,0,,,,,,,,,
sexstories.ie,,,not_found,,,0,,,No,,,,,,
sfrstaffing.ie,,,not_found,,,0,,,Yes,staffing,,,,,
shakersdoors.ie,,,not_found,,,0,,,,,,,,,
shamaste.ie,,,not_found,,,0,,,No,,,,,,
shamrockfishingtackle.ie,,,not_found,,,0,,,No,,,,,,
shamrockgrinds.ie,,,not_found,,,0,,,No,,,,,,
shamrocksheld.ie,,,not_found,,,0,,,No,,,,,,
shamrockstories.ie,,,not_found,,,0,,,No,,,,,,
shamrocktranslations.ie,,,not_found,,,0,,,No,,,,,,
shanefurlong.ie,,,not_found,,,0,,,,,,,,,
shanleylaw.ie,,,not_found,,,0,,,,,,,,,
shannonelectrical.ie,,,not_found,,,0,,,,,,,,,
sharecare.ie,,,not_found,,,0,,,,,,,,,
sharegreen.ie,,,not_found,,,0,,,Yes,green,,,,,
sharemytools.ie,,,not_found,,,0,,,No,,,,,,
sharonheadd.ie,,,not_found,,,0,,,,,,,,,
sharonkearns.ie,,,not_found,,,0,,,No,,,,,,
sheds2go.ie,,,not_found,,,0,,,,,,,,,
sheeptravels.ie,,,not_found,,,0,,,Yes,travel,,,,,
sheetshack.ie,,,not_found,,,0,,,No,,,,,,
shelves.ie,,,not_found,,,0,,,No,,,,,,
shiatsuwithsheila.ie,,,not_found,,,0,,,,,,,,,
shiftit.ie,,,not_found,,,0,,,No,,,,,,
shimla.ie,,,not_found,,,0,,,No,,,,,,
shinesalessystem.ie,,,not_found,,,0,,,Yes,sales,,,,,
shipitai.ie,,,not_found,,,0,,,,,,,,,
shippingquotes.ie,,,not_found,,,0,,,,,,,,,
shitlineclothing.ie,,,not_found,,,0,,,No,,,,,,
shoepassion.ie,,,not_found,,,0,,,No,,,,,,
shop24.ie,,,not_found,,,0,,,,,,,,,
shopexpress.ie,,,not_found,,,0,,,,,,,,,
shopspectrum.ie,,,not_found,,,0,,,No,,,,,,
shortstayskildare.ie,,,not_found,,,0,,,No,,,,,,
shortstory.ie,,,not_found,,,0,,,No,,,,,,
shorttermloans.ie,,,not_found,,,0,,,,,,,,,
showerking.ie,,,not_found,,,0,,,No,,,,,,
showmelimerick.ie,,,not_found,,,0,,,Yes,limerick,,,,,
showmewicklowtours.ie,,,not_found,,,0,,,Yes,"wicklow, tour",,,,,
shredfast.ie,,,not_found,,,0,,,No,,,,,,
shroomshop.ie,,,not_found,,,0,,,Yes,room,,,,,
shroomsuppliments.ie,,,not_found,,,0,,,Yes,room,,,,,
shrt.ie,,,not_found,,,0,,,,,,,,,
shurtisgrand.ie,,,not_found,,,0,,,No,,,,,,
sickcert.ie,,,not_found,,,0,,,,,,,,,
sicknote.ie,,,not_found,,,0,,,,,,,,,
sidelineballoons.ie,,,not_found,,,0,,,No,,,,,,
sidelinecutspod.ie,,,not_found,,,0,,,,,,,,,
sigmainfo.ie,,,not_found,,,0,,,No,,,,,,
signature-events.ie,,,not_found,,,0,,,,,,,,,
signature-experiences.ie,,,not_found,,,0,,,,,,,,,
signature-inflatables.ie,,,not_found,,,0,,,,,,,,,
signaturescents.ie,,,not_found,,,0,,,,,,,,,
signaturesound.ie,,,not_found,,,0,,,No,,,,,,
signaturestep.ie,,,not_found,,,0,,,No,,,,,,
signcraftdublin.ie,,,not_found,,,0,,,Yes,dublin,,,,,
silderm.ie,,,not_found,,,0,,,No,,,,,,
silkandstone.ie,,,not_found,,,0,,,,,,,,,
silvacraft.ie,,,not_found,,,0,,,No,,,,,,
silverbrookclose.ie,,,not_found,,,0,,,,,,,,,
silveredgerecruitment.ie,,,not_found,,,0,,,Yes,recruitment,,,,,
silverlinecarwashdublin.ie,,,not_found,,,0,,,Yes,dublin,,,,,
silverlocustpress.ie,,,not_found,,,0,,,No,,,,,,
simon-lindsay.ie,,,not_found,,,0,,,No,,,,,,
simplepathmoney.ie,,,not_found,,,0,,,,,,,,,
simplesachet.ie,,,not_found,,,0,,,No,,,,,,
simplybookkeeping.ie,,,not_found,,,0,,,,,,,,,
simplymarketed.ie,,,not_found,,,0,,,,,,,,,
sinc.ie,,,not_found,,,0,,,No,,,,,,
sing-a-loco.ie,,,not_found,,,0,,,No,,,,,,
singlehearth.ie,,,not_found,,,0,,,,,,,,,
singlesracing.ie,,,not_found,,,0,,,,,,,,,
sinrg.ie,,,not_found,,,0,,,,,,,,,
sinwarsdaughter.ie,,,not_found,,,0,,,,,,,,,
siobhancasey.ie,,,not_found,,,0,,,,,,,,,
siobhanthelifecoach.ie,,,not_found,,,0,,,Yes,coach,,,,,
siolsios.ie,,,not_found,,,0,,,,,,,,,
sip-panels.ie,,,not_found,,,0,,,,,,,,,
sirs.ie,,,not_found,,,0,,,No,,,,,,
siscan.ie,,,not_found,,,0,,,,,,,,,
sisterfilms.ie,,,not_found,,,0,,,Yes,film,,,,,
sitemin.ie,,,not_found,,,0,,,,,,,,,
sitesorted.ie,,,not_found,,,0,,,,,,,,,
sitesure.ie,,,not_found,,,0,,,No,,,,,,
sithappens.ie,,,not_found,,,0,,,,,,,,,
sizzlebbq.ie,,,not_found,,,0,,,No,,,,,,
ska.ie,,,not_found,,,0,,,No,,,,,,
skalepath.ie,,,not_found,,,0,,,No,,,,,,
skelligrock.ie,,,not_found,,,0,,,No,,,,,,
skerriessauna.ie,,,not_found,,,0,,,No,,,,,,
skibbcon.ie,,,not_found,,,0,,,,,,,,,
skibid.ie,,,not_found,,,0,,,No,,,,,,
skillsndrills.ie,,,not_found,,,0,,,No,,,,,,
skillswap.ie,,,not_found,,,0,,,No,,,,,,
skin-laboratory.ie,,,not_found,,,0,,,,,,,,,
skincareandglow.ie,,,not_found,,,0,,,Yes,skincare,,,,,
skinlaboratory.ie,,,not_found,,,0,,,,,,,,,
skinsapiens.ie,,,not_found,,,0,,,No,,,,,,
skinstylus.ie,,,not_found,,,0,,,,,,,,,
skipflow.ie,,,not_found,,,0,,,,,,,,,
skiphireireland.ie,,,not_found,,,0,,,Yes,ireland,,,,,
skodadundalk.ie,,,not_found,,,0,,,No,,,,,,
skodalouth.ie,,,not_found,,,0,,,No,,,,,,
skylarks.ie,,,not_found,,,0,,,No,,,,,,
skylarkslivingltd.ie,,,not_found,,,0,,,No,,,,,,
skylightblinds.ie,,,not_found,,,0,,,,,,,,,
skyrgolf.ie,,,not_found,,,0,,,,,,,,,
skyscrapersustainable.ie,,,not_found,,,0,,,No,,,,,,
slaintemedia.ie,,,not_found,,,0,,,,,,,,,
slaintespuds.ie,,,not_found,,,0,,,No,,,,,,
slattedrubber.ie,,,not_found,,,0,,,,,,,,,
sleepytimeconsulting.ie,,,not_found,,,0,,,,,,,,,
slendermansion.ie,,,not_found,,,0,,,No,,,,,,
slesscarpetscork.ie,,,not_found,,,0,,,Yes,"carpet, cork",,,,,
sligocare.ie,,,not_found,,,0,,,Yes,"sligo, care",,,,,
sligohenstag.ie,,,not_found,,,0,,,,,,,,,
sligojazzproject.ie,,,not_found,,,0,,,Yes,sligo,,,,,
slotravecasinos.ie,,,not_found,,,0,,,No,,,,,,
slowcookers.ie,,,not_found,,,0,,,No,,,,,,
sm-k.ie,,,not_found,,,0,,,,,,,,,
smaequalaccess.ie,,,not_found,,,0,,,Yes,access,,,,,
smallbusinessbigdreams.ie,,,not_found,,,0,,,,,,,,,
smallcompanyrescue.ie,,,not_found,,,0,,,No,,,,,,
smart-infrastructure.ie,,,not_found,,,0,,,,,,,,,
smartbeans.ie,,,not_found,,,0,,,No,,,,,,
smartgeo.ie,,,not_found,,,0,,,,,,,,,
smartinfrastructure.ie,,,not_found,,,0,,,,,,,,,
smartlottoireland.ie,,,not_found,,,0,,,Yes,ireland,,,,,
smartnutrition.ie,,,not_found,,,0,,,,,,,,,
smartsecure.ie,,,not_found,,,0,,,,,,,,,
smartsnacks.ie,,,not_found,,,0,,,Yes,snacks,,,,,
smartspace.ie,,,not_found,,,0,,,Yes,arts,,,,,
smartsparky.ie,,,not_found,,,0,,,,,,,,,
smashersdundalk.ie,,,not_found,,,0,,,,,,,,,
smashinggrass.ie,,,not_found,,,0,,,No,,,,,,
smcbusinessfinance.ie,,,not_found,,,0,,,,,,,,,
smeexchange.ie,,,not_found,,,0,,,,,,,,,
smehelp.ie,,,not_found,,,0,,,No,,,,,,
smilemap.ie,,,not_found,,,0,,,,,,,,,
smilesmap.ie,,,not_found,,,0,,,,,,,,,
smlandscapingandpropertymaintenance.ie,,,not_found,,,0,,,,,,,,,
smokeandscript.ie,,,not_found,,,0,,,No,,,,,,
smootht.ie,,,not_found,,,0,,,No,,,,,,
smrtsnacks.ie,,,not_found,,,0,,,No,,,,,,
smyk.ie,,,not_found,,,0,,,No,,,,,,
snaglistsandsurveys.ie,,,not_found,,,0,,,No,snag lists (Construction),,,,,
snchilldalua.ie,,,not_found,,,0,,,No,,,,,,
sneakercare.ie,,,not_found,,,0,,,Yes,care,,,,,
sneakerz.ie,,,not_found,,,0,,,,,,,,,
sneakscare.ie,,,not_found,,,0,,,Yes,care,,,,,
sneemfestivalsandevents.ie,,,not_found,,,0,,,,,,,,,
snusflow.ie,,,not_found,,,0,,,No,,,,,,
sochtech.ie,,,not_found,,,0,,,,,,,,,
socialbrandassessment.ie,,,not_found,,,0,,,Yes,"assessment, social, brand",,,,,
socialcarecareers.ie,,,not_found,,,0,,,Yes,"social, care",,,,,
socialcarelearning.ie,,,not_found,,,0,,,Yes,"social, care",,,,,
socialdistancealarm.ie,,,not_found,,,0,,,Yes,social,,,,,
socialdistancingalarm.ie,,,not_found,,,0,,,Yes,social,,,,,
socialmediatalks.ie,,,not_found,,,0,,,,,,,,,
socialprint.ie,,,not_found,,,0,,,,,,,,,
socketcentre.ie,,,not_found,,,0,,,,,,,,,
sockets.ie,,,not_found,,,0,,,No,,,,,,
sofelle.ie,,,not_found,,,0,,,No,,,,,,
softmatrix.ie,,,not_found,,,0,,,No,,,,,,
softsound.ie,,,not_found,,,0,,,No,,,,,,
softtrader.ie,,,not_found,,,0,,,,,,,,,
softwareoutcomes.ie,,,not_found,,,0,,,Yes,software,,,,,
soilrestoration.ie,,,not_found,,,0,,,No,,,,,,
soiltechsystems.ie,,,not_found,,,0,,,,,,,,,
sol-pro.ie,,,not_found,,,0,,,,,,,,,
solar-installers.ie,,,not_found,,,0,,,,,,,,,
solarcareireland.ie,,,not_found,,,0,,,,,,,,,
solarenergyassist.ie,,,not_found,,,0,,,Yes,"Solar energy, assist",,,,,
solarfarm-maintenance.ie,,,not_found,,,0,,,Yes,maintenance,,,,,
solarpanelsdublin.ie,,,not_found,,,0,,,Yes,"dublin, solar panels",,,,,
solarpayback.ie,,,not_found,,,0,,,,,,,,,
solarpvassist.ie,,,not_found,,,0,,,Yes,"Solar pv, assist",,,,,
solarwash.ie,,,not_found,,,0,,,No,,,,,,
solasmindandbody.ie,,,not_found,,,0,,,,,,,,,
solasrua.ie,,,not_found,,,0,,,No,,,,,,
solassauna.ie,,,not_found,,,0,,,No,,,,,,
solehustle.ie,,,not_found,,,0,,,No,,,,,,
solenne.ie,,,not_found,,,0,,,,,,,,,
solicitor-cork.ie,,,not_found,,,0,,,Yes,"solicitor, cork",,,,,
solicitor-galway.ie,,,not_found,,,0,,,Yes,"solicitor, galway",,,,,
solicitor-kildare.ie,,,not_found,,,0,,,Yes,solicitor,,,,,
solicitorgalway.ie,,,not_found,,,0,,,Yes,"solicitor, galway",,,,,
solicitorkildare.ie,,,not_found,,,0,,,Yes,solicitor,,,,,
solicitorkilkenny.ie,,,not_found,,,0,,,,,,,,,
solicitorlimerick.ie,,,not_found,,,0,,,,,,,,,
solicitors-cork.ie,,,not_found,,,0,,,Yes,"solicitor, cork",,,,,
solicitorskerry.ie,,,not_found,,,0,,,Yes,"solicitor, kerry",,,,,
solicitorskilkenny.ie,,,not_found,,,0,,,,,,,,,
solicitorstipperary.ie,,,not_found,,,0,,,,,,,,,
solicitorswaterford.ie,,,not_found,,,0,,,,,,,,,
solicitortipperary.ie,,,not_found,,,0,,,,,,,,,
solicitorwaterford.ie,,,not_found,,,0,,,,,,,,,
solictorgalway.ie,,,not_found,,,0,,,Yes,galway,,,,,
solojourney.ie,,,not_found,,,0,,,No,,,,,,
solopreneurfest.ie,,,not_found,,,0,,,,,,,,,
solunamandromassagetherapy.ie,,,not_found,,,0,,,Yes,"massage, therapy",,,,,
solvetrix.ie,,,not_found,,,0,,,No,,,,,,
solvingthedigitaljigsawpuzzle.ie,,,not_found,,,0,,,Yes,digital,,,,,
solvmed.ie,,,not_found,,,0,,,No,,,,,,
somatcha.ie,,,not_found,,,0,,,,,,,,,
soniq.ie,,,not_found,,,0,,,No,,,,,,
sonnyangels.ie,,,not_found,,,0,,,Yes,angel,,,,,
soparigroup.ie,,,not_found,,,0,,,Yes,group,,,,,
sophieashton.ie,,,not_found,,,0,,,,,,,,,
sophiehughes.ie,,,not_found,,,0,,,No,,,,,,
sorbetedit.ie,,,not_found,,,0,,,,,,,,,
soteriahms.ie,,,not_found,,,0,,,No,,,,,,
soulfusion.ie,,,not_found,,,0,,,,,,,,,
soulholidays.ie,,,not_found,,,0,,,No,,,,,,
soulitude.ie,,,not_found,,,0,,,,,,,,,
soulpurposetherapy.ie,,,not_found,,,0,,,Yes,therapy,,,,,
soultravel.ie,,,not_found,,,0,,,Yes,travel,,,,,
soundasleep.ie,,,not_found,,,0,,,No,,,,,,
soundcheck.ie,,,not_found,,,0,,,,,,,,,
soundpc.ie,,,not_found,,,0,,,No,,,,,,
soundproofingireland.ie,,,not_found,,,0,,,,,,,,,
soundwaveslive.ie,,,not_found,,,0,,,No,,,,,,
sourcecrm.ie,,,not_found,,,0,,,,,,,,,
sourcetalent.ie,,,not_found,,,0,,,No,talent (jobs),,,,,
sourcetronics.ie,,,not_found,,,0,,,No,,,,,,
southbanklrd.ie,,,not_found,,,0,,,Yes,bank,,,,,
southcircularroad.ie,,,not_found,,,0,,,,,,,,,
southdublin-floorsanding.ie,,,not_found,,,0,,,,,,,,,
southeasterntreespecialists.ie,,,not_found,,,0,,,,,,,,,
southeastopen.ie,,,not_found,,,0,,,No,,,,,,
southeastpowerwashing.ie,,,not_found,,,0,,,No,,,,,,
southernbridesweddingexpo.ie,,,not_found,,,0,,,No,,,,,,
southerncrushers.ie,,,not_found,,,0,,,,,,,,,
southinktattoo.ie,,,not_found,,,0,,,No,,,,,,
southsidescoop.ie,,,not_found,,,0,,,No,,,,,,
sovereignai.ie,,,not_found,,,0,,,No,,,,,,
soyounever.ie,,,not_found,,,0,,,,,,,,,
sozodigicare.ie,,,not_found,,,0,,,,,,,,,
space-gyms.ie,,,not_found,,,0,,,No,,,,,,
spaceonthequay.ie,,,not_found,,,0,,,,,,,,,
spare.ie,,,not_found,,,0,,,No,Spare,,,,,
sparefixed.ie,,,not_found,,,0,,,No,,,,,,
sparkwebsitedesigns.ie,,,not_found,,,0,,,Yes,"website, design",,,,,
spawellservicestation.ie,,,not_found,,,0,,,,,,,,,
spcflooringireland.ie,,,not_found,,,0,,,Yes,"flooring, ireland",,,,,
speakeasycommunications.ie,,,not_found,,,0,,,No,,,,,,
specializedorganization.ie,,,not_found,,,0,,,No,,,,,,
specializedsecurity.ie,,,not_found,,,0,,,No,,,,,,
specialrecognition.ie,,,not_found,,,0,,,No,,,,,,
specialrecognitionawards.ie,,,not_found,,,0,,,Yes,award,,,,,
speediwash.ie,,,not_found,,,0,,,No,,,,,,
spermdonor.ie,,,not_found,,,0,,,,,,,,,
spickandspan.ie,,,not_found,,,0,,,,,,,,,
spilltherapy.ie,,,not_found,,,0,,,Yes,therapy,,,,,
spiltmilkconsultancy.ie,,,not_found,,,0,,,No,,,,,,
spinenergy.ie,,,not_found,,,0,,,,,,,,,
spirited.ie,,,not_found,,,0,,,,,,,,,
sponsoratree.ie,,,not_found,,,0,,,No,,,,,,
sports-equipment.ie,,,not_found,,,0,,,Yes,sports,,,,,
sportsfactory.ie,,,not_found,,,0,,,Yes,sports,,,,,
sportshypnosis.ie,,,not_found,,,0,,,Yes,sports,,,,,
sportsplits.ie,,,not_found,,,0,,,Yes,sports,,,,,
sportsspecificperformance.ie,,,not_found,,,0,,,Yes,"performance, sports",,,,,
spotlessclinic.ie,,,not_found,,,0,,,Yes,clinic,,,,,
spryter-solutions.ie,,,not_found,,,0,,,,,,,,,
spunkandmox.ie,,,not_found,,,0,,,No,,,,,,
sqt-virtualtraining.ie,,,not_found,,,0,,,Yes,training,,,,,
squadronreinsurance.ie,,,not_found,,,0,,,Yes,insurance,,,,,
ssarch.ie,,,not_found,,,0,,,,,,,,,
sslcertificate.ie,,,not_found,,,0,,,,,,,,,
stabletees.ie,,,not_found,,,0,,,,,,,,,
stacksmith.ie,,,not_found,,,0,,,,,,,,,
staffmasters.ie,,,not_found,,,0,,,,,,,,,
staffordbutcher.ie,,,not_found,,,0,,,,,,,,,
staffuniforms.ie,,,not_found,,,0,,,No,,,,,,
stagehireireland.ie,,,not_found,,,0,,,,,,,,,
stainlesssteels.ie,,,not_found,,,0,,,,,,,,,
stamfordblue.ie,,,not_found,,,0,,,,,,,,,
standoutperformance.ie,,,not_found,,,0,,,,,,,,,
stanleyspares.ie,,,not_found,,,0,,,,,,,,,
stanstedconsultancy.ie,,,not_found,,,0,,,No,,,,,,
stardustmoonbeams.ie,,,not_found,,,0,,,No,,,,,,
stargardens.ie,,,not_found,,,0,,,,,,,,,
starhome.ie,,,not_found,,,0,,,Yes,home,,,,,
starlinkinternet.ie,,,not_found,,,0,,,,,,,,,
starlitediner.ie,,,not_found,,,0,,,No,,,,,,
starroofing.ie,,,not_found,,,0,,,,,,,,,
starstudios.ie,,,not_found,,,0,,,Yes,studio,,,,,
startfor99.ie,,,not_found,,,0,,,No,,,,,,
startupdip.ie,,,not_found,,,0,,,,,,,,,
starzidesigns.ie,,,not_found,,,0,,,,,,,,,
statictv.ie,,,not_found,,,0,,,No,,,,,,
statify.ie,,,not_found,,,0,,,No,,,,,,
stax.ie,,,not_found,,,0,,,,,,,,,
stay-in-range.ie,,,not_found,,,0,,,,,,,,,
staydead.ie,,,not_found,,,0,,,,,,,,,
stayindublincity.ie,,,not_found,,,0,,,Yes,dublin,,,,,
stayinrange.ie,,,not_found,,,0,,,,,,,,,
steamclinic.ie,,,not_found,,,0,,,,,,,,,
stellarconsultancy.ie,,,not_found,,,0,,,No,,,,,,
stellarmarketing.ie,,,not_found,,,0,,,Yes,marketing,,,,,
stepahead.ie,,,not_found,,,0,,,No,,,,,,
stephenbarrygolf.ie,,,not_found,,,0,,,No,,,,,,
stepsafe.ie,,,not_found,,,0,,,,,,,,,
sterlingsageadvisors.ie,,,not_found,,,0,,,No,,,,,,
stevesroofing.ie,,,not_found,,,0,,,,,,,,,
stickr.ie,,,not_found,,,0,,,,,,,,,
stickworks.ie,,,not_found,,,0,,,Yes,work,,,,,
stillhotnotbothered.ie,,,not_found,,,0,,,,,,,,,
stitchai.ie,,,not_found,,,0,,,No,,,,,,
stjudesboxingacadamy.ie,,,not_found,,,0,,,No,,,,,,
stkuriakosetipperaryioc.ie,,,not_found,,,0,,,,,,,,,
stmargarets.ie,,,not_found,,,0,,,,,,,,,
stmartinsbrittasresidentsassociation.ie,,,not_found,,,0,,,,,,,,,
stmartinsbritttasresidentsassociation.ie,,,not_found,,,0,,,,,,,,,
stmartinsresidentsbrittasassociations.ie,,,not_found,,,0,,,,,,,,,
stmochtaslrd.ie,,,not_found,,,0,,,,,,,,,
stonecircle.ie,,,not_found,,,0,,,No,,,,,,
stonecircleweddings.ie,,,not_found,,,0,,,No,,,,,,
stonedriveway.ie,,,not_found,,,0,,,,,,,,,
stopandshop.ie,,,not_found,,,0,,,,,,,,,
stormcareers.ie,,,not_found,,,0,,,Yes,care,,,,,
stormcleaning.ie,,,not_found,,,0,,,,,,,,,
stormguard.ie,,,not_found,,,0,,,,,,,,,
stormlightgroup.ie,,,not_found,,,0,,,Yes,group,,,,,
storybusiness.ie,,,not_found,,,0,,,,,,,,,
stove-spares.ie,,,not_found,,,0,,,,,,,,,
stovepitstop.ie,,,not_found,,,0,,,No,,,,,,
strandman.ie,,,not_found,,,0,,,,,,,,,
stratabiome.ie,,,not_found,,,0,,,,,,,,,
strategyx.ie,,,not_found,,,0,,,No,,,,,,
stratifiers.ie,,,not_found,,,0,,,,,,,,,
stratovaters.ie,,,not_found,,,0,,,No,,,,,,
streamlineireland.ie,,,not_found,,,0,,,Yes,ireland,,,,,
streetscapes.ie,,,not_found,,,0,,,No,,,,,,
striploinsteak.ie,,,not_found,,,0,,,,,,,,,
stronggym.ie,,,not_found,,,0,,,No,,,,,,
strongkids.ie,,,not_found,,,0,,,,,,,,,
strosesrecruitment.ie,,,not_found,,,0,,,,,,,,,
stsolutions.ie,,,not_found,,,0,,,Yes,solutions,,,,,
stuartevans.ie,,,not_found,,,0,,,No,,,,,,
stuck4staff.ie,,,not_found,,,0,,,No,,,,,,
studentsireland.ie,,,not_found,,,0,,,,,,,,,
studiobrowz.ie,,,not_found,,,0,,,,,,,,,
studioisa.ie,,,not_found,,,0,,,,,,,,,
studiosloane.ie,,,not_found,,,0,,,Yes,studio,,,,,
studioxtra.ie,,,not_found,,,0,,,Yes,studio,,,,,
studyforsuccess.ie,,,not_found,,,0,,,No,,,,,,
stuffed.ie,,,not_found,,,0,,,,,,,,,
stuffy.ie,,,not_found,,,0,,,No,,,,,,
successioncapital.ie,,,not_found,,,0,,,No,,,,,,
suggest.ie,,,not_found,,,0,,,,,,,,,
suir.ie,,,not_found,,,0,,,,,,,,,
suitedealfurniture.ie,,,not_found,,,0,,,,,,,,,
sumarisol.ie,,,not_found,,,0,,,No,,,,,,
sumceartbia.ie,,,not_found,,,0,,,No,,,,,,
sumfinance.ie,,,not_found,,,0,,,Yes,finance,,,,,
summerdaze.ie,,,not_found,,,0,,,No,,,,,,
summerfestcarlow.ie,,,not_found,,,0,,,,,,,,,
summerhillovertime.ie,,,not_found,,,0,,,,,,,,,
summitcore.ie,,,not_found,,,0,,,,,,,,,
sunclub.ie,,,not_found,,,0,,,,,,,,,
sunenerg.ie,,,not_found,,,0,,,No,,,,,,
sunergy.ie,,,not_found,,,0,,,No,,,,,,
sunsetbeatweddingband.ie,,,not_found,,,0,,,,,,,,,
sunshineballoons.ie,,,not_found,,,0,,,,,,,,,
sunshinerestaurant.ie,,,not_found,,,0,,,,,,,,,
sunwin.ie,,,not_found,,,0,,,,,,,,,
supbikerun.ie,,,not_found,,,0,,,No,,,,,,
supercut.ie,,,not_found,,,0,,,,,,,,,
supergetaway.ie,,,not_found,,,0,,,,,,,,,
superhatch.ie,,,not_found,,,0,,,No,,,,,,
superintelligence.ie,,,not_found,,,0,,,No,,,,,,
supportireland.ie,,,not_found,,,0,,,,,,,,,
surefiremarketing.ie,,,not_found,,,0,,,,,,,,,
suretisgrand.ie,,,not_found,,,0,,,No,,,,,,
surrogacyireland.ie,,,not_found,,,0,,,Yes,ireland,,,,,
surveillancesystem.ie,,,not_found,,,0,,,,,,,,,
suryayoga.ie,,,not_found,,,0,,,,,,,,,
susanhumphreys.ie,,,not_found,,,0,,,,,,,,,
susdevlearning.ie,,,not_found,,,0,,,No,,,,,,
sushigosandyford.ie,,,not_found,,,0,,,,,,,,,
susieandtom.ie,,,not_found,,,0,,,,,,,,,
sustainabilityjobs.ie,,,not_found,,,0,,,No,,,,,,
sustainableenterprise.ie,,,not_found,,,0,,,,,,,,,
sustainhealthandfitness.ie,,,not_found,,,0,,,Yes,"fitness, health",,,,,
suziemcadam.ie,,,not_found,,,0,,,,,,,,,
swabs.ie,,,not_found,,,0,,,No,,,,,,
swankymediaproductions.ie,,,not_found,,,0,,,,,,,,,
swapd.ie,,,not_found,,,0,,,,,,,,,
swayne.ie,,,not_found,,,0,,,,,,,,,
swg.ie,,,not_found,,,0,,,No,,,,,,
swiftbox.ie,,,not_found,,,0,,,,,,,,,
swiftcarry.ie,,,not_found,,,0,,,,,,,,,
swiftclinic.ie,,,not_found,,,0,,,,,,,,,
swifthomebuyers.ie,,,not_found,,,0,,,Yes,home,,,,,
swingchange.ie,,,not_found,,,0,,,,,,,,,
switch4savings.ie,,,not_found,,,0,,,No,,,,,,
switcherplc.ie,,,not_found,,,0,,,No,,,,,,
switchireland.ie,,,not_found,,,0,,,Yes,ireland,,,,,
switchpack.ie,,,not_found,,,0,,,No,,,,,,
switchwise.ie,,,not_found,,,0,,,No,,,,,,
swlpersonnel.ie,,,not_found,,,0,,,No,,,,,,
swooshrobes.ie,,,not_found,,,0,,,No,,,,,,
swooshwardrobes.ie,,,not_found,,,0,,,,,,,,,
swordsmonumentworks.ie,,,not_found,,,0,,,,,,,,,
sylk.ie,,,not_found,,,0,,,No,,,,,,
syncova.ie,,,not_found,,,0,,,,,,,,,
syncquota.ie,,,not_found,,,0,,,No,,,,,,
synergyhealth.ie,,,not_found,,,0,,,,,,,,,
synergylifesciences.ie,,,not_found,,,0,,,No,,,,,,
synergyx.ie,,,not_found,,,0,,,No,,,,,,
synk.ie,,,not_found,,,0,,,No,,,,,,
syntr.ie,,,not_found,,,0,,,,,,,,,
synwer.ie,,,not_found,,,0,,,,,,,,,
sysinnotech.ie,,,not_found,,,0,,,Yes,tech,,,,,
table-tennis.ie,,,not_found,,,0,,,No,table tennis,,,,,
tablescapes.ie,,,not_found,,,0,,,No,,,,,,
tabletoptogether.ie,,,not_found,,,0,,,No,,,,,,
tadghoflynnjewellery.ie,,,not_found,,,0,,,,,,,,,
taestea.ie,,,not_found,,,0,,,,,,,,,
taghmonfurniturestore.ie,,,not_found,,,0,,,No,,,,,,
taiji.ie,,,not_found,,,0,,,No,,,,,,
tailbaylimited.ie,,,not_found,,,0,,,,,,,,,
tailoredlogistics.ie,,,not_found,,,0,,,No,,,,,,
tailormadeaccounts.ie,,,not_found,,,0,,,Yes,accounts,,,,,
tailormadegroup.ie,,,not_found,,,0,,,Yes,group,,,,,
taispeain.ie,,,not_found,,,0,,,,,,,,,
takeaseatireland.ie,,,not_found,,,0,,,,,,,,,
takebackcontrolofyourlife.ie,,,not_found,,,0,,,,,,,,,
takeitpersonally.ie,,,not_found,,,0,,,No,,,,,,
talamhnatural.ie,,,not_found,,,0,,,No,,,,,,
talamhreiki.ie,,,not_found,,,0,,,Yes,reiki,,,,,
talent365.ie,,,not_found,,,0,,,No,,,,,,
talentspark.ie,,,not_found,,,0,,,No,,,,,,
talesdromorewest.ie,,,not_found,,,0,,,No,,,,,,
talkingshop.ie,,,not_found,,,0,,,No,,,,,,
talkingtoteenagers.ie,,,not_found,,,0,,,No,,,,,,
talktomay.ie,,,not_found,,,0,,,No,,,,,,
tallaghtrecordspublishing.ie,,,not_found,,,0,,,Yes,publishing,,,,,
tallowandlismorefamilypractice.ie,,,not_found,,,0,,,Yes,allow,,,,,
tallowandlismoregp.ie,,,not_found,,,0,,,Yes,allow,,,,,
tanglewoodcottage.ie,,,not_found,,,0,,,,,,,,,
tanzanite.ie,,,not_found,,,0,,,,,,,,,
tapeando.ie,,,not_found,,,0,,,,,,,,,
taptalk.ie,,,not_found,,,0,,,No,,,,,,
taradebrun.ie,,,not_found,,,0,,,No,,,,,,
tarapower.ie,,,not_found,,,0,,,,,,,,,
targetsolutions.ie,,,not_found,,,0,,,,,,,,,
tarmoneggs.ie,,,not_found,,,0,,,No,,,,,,
taskershub.ie,,,not_found,,,0,,,No,,,,,,
taskfairy.ie,,,not_found,,,0,,,,,,,,,
taskflow.ie,,,not_found,,,0,,,No,,,,,,
taskmate.ie,,,not_found,,,0,,,,,,,,,
tastychinesetakeaway.ie,,,not_found,,,0,,,,,,,,,
tastygrubclub.ie,,,not_found,,,0,,,,,,,,,
tastyoptions.ie,,,not_found,,,0,,,,,,,,,
tatantanningstudio.ie,,,not_found,,,0,,,Yes,studio,,,,,
tattyryan.ie,,,not_found,,,0,,,,,,,,,
taughtmedia.ie,,,not_found,,,0,,,,,,,,,
tax-advice.ie,,,not_found,,,0,,,,,,,,,
tax-expert.ie,,,not_found,,,0,,,,,,,,,
taxconsultingireland.ie,,,not_found,,,0,,,Yes,"consulting, ireland",,,,,
taxi4you.ie,,,not_found,,,0,,,,,,,,,
taxitime.ie,,,not_found,,,0,,,No,,,,,,
tcdchapelchoir.ie,,,not_found,,,0,,,,,,,,,
tcdteachingfellows.ie,,,not_found,,,0,,,No,,,,,,
tcfitness.ie,,,not_found,,,0,,,,,,,,,
tckrr.ie,,,not_found,,,0,,,,,,,,,
tcpidhub.ie,,,not_found,,,0,,,,,,,,,
tcsonline.ie,,,not_found,,,0,,,Yes,online,,,,,
tcstudio.ie,,,not_found,,,0,,,Yes,studio,,,,,
tdspestcontrol.ie,,,not_found,,,0,,,No,,,,,,
teachergifts.ie,,,not_found,,,0,7,722,,,,,,2021-12-26,2024-09-06
teachsee.ie,,,not_found,,,0,,,,,,,,,
teallach.ie,,,not_found,,,0,,,No,,,,,,
teamhercoaching.ie,,,not_found,,,0,,,Yes,coaching,,,,,
teamx.ie,,,not_found,,,0,,,No,,,,,,
teashop.ie,,,not_found,,,0,,,,,,,,,
tecbooster.ie,,,not_found,,,0,,,No,,,,,,
techaccessories.ie,,,not_found,,,0,,,,,,,,,
techandaccessories.ie,,,not_found,,,0,,,Yes,"access, tech",,,,,
techbeat.ie,,,not_found,,,0,,,Yes,tech,,,,,
techboosters.ie,,,not_found,,,0,,,Yes,tech,,,,,
techgreener.ie,,,not_found,,,0,,,,,,,,,
techinfinity.ie,,,not_found,,,0,,,,,,,,,
techmenders.ie,,,not_found,,,0,,,Yes,tech,,,,,
techmysoftware.ie,,,not_found,,,0,,,Yes,"software, tech",,,,,
technoso.ie,,,not_found,,,0,,,Yes,tech,,,,,
techsense.ie,,,not_found,,,0,,,Yes,tech,,,,,
techstra.ie,,,not_found,,,0,,,,,,,,,
teddymeddy.ie,,,not_found,,,0,,,,,,,,,
teetotallersireland.ie,,,not_found,,,0,,,Yes,ireland,,,,,
teicbeag.ie,,,not_found,,,0,,,No,,,,,,
teicnua.ie,,,not_found,,,0,,,,,,,,,
telavet.ie,,,not_found,,,0,,,No,,,,,,
telavetglobal.ie,,,not_found,,,0,,,No,,,,,,
teletherapy.ie,,,not_found,,,0,,,,,,,,,
telly-fitter.ie,,,not_found,,,0,,,No,,,,,,
tellyourstory.ie,,,not_found,,,0,,,No,,,,,,
temperaturedetection.ie,,,not_found,,,0,,,No,,,,,,
temperhound.ie,,,not_found,,,0,,,No,,,,,,
templebargigs.ie,,,not_found,,,0,,,No,,,,,,
temporaliq.ie,,,not_found,,,0,,,No,,,,,,
tencent.ie,,,not_found,,,0,,,No,,,,,,
tendertouchservices.ie,,,not_found,,,0,,,Yes,services,,,,,
tenfoods.ie,,,not_found,,,0,,,,,,,,,
tenproducts.ie,,,not_found,,,0,,,,,,,,,
tensoval.ie,,,not_found,,,0,,,No,,,,,,
terabyte.ie,,,not_found,,,0,,,,,,,,,
ternelly.ie,,,not_found,,,0,,,,,,,,,
tesino.ie,,,not_found,,,0,,,No,,,,,,
testandtag.ie,,,not_found,,,0,,,No,,,,,,
testdomainapplication123.ie,,,not_found,,,0,,,,,,,,,
testdomainapplication456.ie,,,not_found,,,0,,,,,,,,,
tested.ie,,,not_found,,,0,,,No,,,,,,
testireland.ie,,,not_found,,,0,,,,,,,,,
testorderyoyoiedomain.ie,,,not_found,,,0,,,,,,,,,
testosteroneireland.ie,,,not_found,,,0,,,Yes,ireland,,,,,
tet.ie,,,not_found,,,0,,,,,,,,,
tettehchoebookkeeping.ie,,,not_found,,,0,,,No,,,,,,
tevo.ie,,,not_found,,,0,,,,,,,,,
textgraphics.ie,,,not_found,,,0,,,Yes,graphics,,,,,
texttheanswer.ie,,,not_found,,,0,,,,,,,,,
tfd.ie,,,not_found,,,0,,,No,,,,,,
thatkindacompany.ie,,,not_found,,,0,,,,,,,,,
thatsbetter.ie,,,not_found,,,0,,,,,,,,,
the-ai-guru.ie,,,not_found,,,0,,,,,,,,,
the-ai-guy.ie,,,not_found,,,0,,,,,,,,,
the-oven.ie,,,not_found,,,0,,,,,,,,,
the36.ie,,,not_found,,,0,,,No,,,,,,
the36restaurant.ie,,,not_found,,,0,,,Yes,restaurant,,,,,
theagiletech.ie,,,not_found,,,0,,,,,,,,,
theaiguru.ie,,,not_found,,,0,,,,,,,,,
theaiguy.ie,,,not_found,,,0,,,,,,,,,
thealllnewfordkuga.ie,,,not_found,,,0,,,,,,,,,
thearenacentre.ie,,,not_found,,,0,,,Yes,arena,,,,,
theartcabin.ie,,,not_found,,,0,,,,,,,,,
theaslgroup.ie,,,not_found,,,0,,,Yes,group,,,,,
theauss.ie,,,not_found,,,0,,,,,,,,,
theautospa.ie,,,not_found,,,0,,,,,,,,,
thebaggageclub.ie,,,not_found,,,0,,,,,,,,,
thebankofjoe.ie,,,not_found,,,0,,,Yes,bank,,,,,
thebedfordhotelbelfast.ie,,,not_found,,,0,,,Yes,"belfast, hotel",,,,,
thebeergals.ie,,,not_found,,,0,,,,,,,,,
thebigchef.ie,,,not_found,,,0,,,,,,,,,
thebikebox.ie,,,not_found,,,0,,,,,,,,,
thebikiniwaxspecialist.ie,,,not_found,,,0,,,No,,,,,,
theblackpittsresidence.ie,,,not_found,,,0,,,No,,,,,,
thebottleworks.ie,,,not_found,,,0,,,,,,,,,
thebraidscompany.ie,,,not_found,,,0,,,No,,,,,,
thebrandcoach.ie,,,not_found,,,0,,,,,,,,,
thebreakupcoach.ie,,,not_found,,,0,,,Yes,coach,,,,,
thebrewbox.ie,,,not_found,,,0,,,,,,,,,
thebubhub.ie,,,not_found,,,0,,,,,,,,,
thebuyandsell.ie,,,not_found,,,0,,,No,,,,,,
thecarriageworks.ie,,,not_found,,,0,,,,,,,,,
thecellblock.ie,,,not_found,,,0,,,No,,,,,,
thechalets.ie,,,not_found,,,0,,,,,,,,,
thecircle.ie,,,not_found,,,0,,,No,,,,,,
theclientgenie.ie,,,not_found,,,0,,,No,,,,,,
thecliffcollection.ie,,,not_found,,,0,,,No,,,,,,
thecliffresidences.ie,,,not_found,,,0,,,No,,,,,,
theclinchedit.ie,,,not_found,,,0,,,,,,,,,
theclstore.ie,,,not_found,,,0,,,No,,,,,,
theclutch.ie,,,not_found,,,0,,,No,,,,,,
thecodehrconsultancy.ie,,,not_found,,,0,,,,,,,,,
thecoffeehub.ie,,,not_found,,,0,,,No,,,,,,
thecoffeeshopcoach.ie,,,not_found,,,0,,,,,,,,,
theconnectors.ie,,,not_found,,,0,,,,,,,,,
thecontinentalsupermarket.ie,,,not_found,,,0,,,Yes,market,,,,,
thecooperspantry.ie,,,not_found,,,0,,,No,,,,,,
thecopytherapist.ie,,,not_found,,,0,,,,,,,,,
thecreatery.ie,,,not_found,,,0,,,,,,,,,
thecreativechameleon.ie,,,not_found,,,0,,,,,,,,,
thecruisesuite.ie,,,not_found,,,0,,,,,,,,,
thecurlews.ie,,,not_found,,,0,,,,,,,,,
thedanishroom.ie,,,not_found,,,0,,,Yes,room,,,,,
thedayedition.ie,,,not_found,,,0,,,No,,,,,,
thedigitalden.ie,,,not_found,,,0,,,Yes,digital,,,,,
thedogsdinner.ie,,,not_found,,,0,,,No,,,,,,
thedogwash.ie,,,not_found,,,0,,,No,,,,,,
thedoorwreathcompany.ie,,,not_found,,,0,,,,,,,,,
thedual.ie,,,not_found,,,0,,,,,,,,,
thedublinsolicitor.ie,,,not_found,,,0,,,Yes,"solicitor, dublin",,,,,
theearlyyearsacademy.ie,,,not_found,,,0,,,No,,,,,,
theemigrantexperience.ie,,,not_found,,,0,,,,,,,,,
theenenergycentre.ie,,,not_found,,,0,,,,,,,,,
theeuropeanjournalofparentalalienationpractice.ie,,,not_found,,,0,,,,,,,,,
thefabricaudit.ie,,,not_found,,,0,,,,,,,,,
thefarmer.ie,,,not_found,,,0,,,,,,,,,
thefinishingtouch.ie,,,not_found,,,0,,,,,,,,,
thefizzlybear.ie,,,not_found,,,0,,,No,,,,,,
thefloatingfishpaddleseat.ie,,,not_found,,,0,,,No,,,,,,
thefoodjunction.ie,,,not_found,,,0,,,Yes,food,,,,,
thefountpen.ie,,,not_found,,,0,,,No,,,,,,
thefractionalmarketer.ie,,,not_found,,,0,,,,,,,,,
thefuneralcelebrants.ie,,,not_found,,,0,,,No,,,,,,
thefurseasons.ie,,,not_found,,,0,,,No,,,,,,
thegaeilgecoach.ie,,,not_found,,,0,,,,,,,,,
thegalway.ie,,,not_found,,,0,,,,,,,,,
thegardencrew.ie,,,not_found,,,0,,,,,,,,,
thegavelcafe.ie,,,not_found,,,0,,,,,,,,,
thegiftingco.ie,,,not_found,,,0,,,,,,,,,
theglitterandcoffeeteacher.ie,,,not_found,,,0,,,,,,,,,
thegreenbus.ie,,,not_found,,,0,,,Yes,green,,,,,
thegroomsroom.ie,,,not_found,,,0,,,Yes,room,,,,,
thehappyteacher.ie,,,not_found,,,0,,,No,teacher,,,,,
theharpclub.ie,,,not_found,,,0,,,,,,,,,
thehealingroom.ie,,,not_found,,,0,,,,,,,,,
theholliesballivor.ie,,,not_found,,,0,,,,,,,,,
theholygrailrestaurant.ie,,,not_found,,,0,,,,,,,,,
thehoneypod.ie,,,not_found,,,0,,,,,,,,,
thehoofbootshop.ie,,,not_found,,,0,,,No,,,,,,
thehouseofphoenix.ie,,,not_found,,,0,,,,,,,,,
thehurlinghub.ie,,,not_found,,,0,,,,,,,,,
theindielist.ie,,,not_found,,,0,,,,,,,,,
theinspiringcommunity.ie,,,not_found,,,0,,,No,,,,,,
theirishgaucho.ie,,,not_found,,,0,,,Yes,irish,,,,,
theisaiahmandate.ie,,,not_found,,,0,,,,,,,,,
theitequalizer.ie,,,not_found,,,0,,,No,,,,,,
thejamesclinic.ie,,,not_found,,,0,,,Yes,clinic,,,,,
thejerseybar.ie,,,not_found,,,0,,,No,,,,,,
thejoyconnection.ie,,,not_found,,,0,,,,,,,,,
thekc.ie,,,not_found,,,0,,,No,,,,,,
thekildare.ie,,,not_found,,,0,,,,,,,,,
thelazydog.ie,,,not_found,,,0,,,No,,,,,,
thelifestylist.ie,,,not_found,,,0,,,,,,,,,
thelimerick.ie,,,not_found,,,0,,,,,,,,,
thelittledoglaughed.ie,,,not_found,,,0,,,No,,,,,,
theloftagency.ie,,,not_found,,,0,,,,,,,,,
thelouth.ie,,,not_found,,,0,,,,,,,,,
thelovelyflorist.ie,,,not_found,,,0,,,,,,,,,
themanbehindtheglass.ie,,,not_found,,,0,,,,,,,,,
themequeen.ie,,,not_found,,,0,,,,,,,,,
themetabolicpsychologist.ie,,,not_found,,,0,,,,,,,,,
themexicanbakery.ie,,,not_found,,,0,,,,,,,,,
themidlifestylist.ie,,,not_found,,,0,,,,,,,,,
themindbodycoach.ie,,,not_found,,,0,,,Yes,coach,,,,,
themindbodymethod.ie,,,not_found,,,0,,,No,,,,,,
themindfulva.ie,,,not_found,,,0,,,No,,,,,,
theminicloset.ie,,,not_found,,,0,,,No,,,,,,
themisconsultants.ie,,,not_found,,,0,,,,,,,,,
themisses.ie,,,not_found,,,0,,,No,,,,,,
themotel.ie,,,not_found,,,0,,,No,,,,,,
thenaturalcurl.ie,,,not_found,,,0,,,No,,,,,,
theneo.ie,,,not_found,,,0,,,No,,,,,,
thenervousystemschool.ie,,,not_found,,,0,,,Yes,school,,,,,
thenetworkgroup.ie,,,not_found,,,0,,,Yes,"group, work",,,,,
thenewfordkuga.ie,,,not_found,,,0,,,,,,,,,
thenexwayproject.ie,,,not_found,,,0,,,No,,,,,,
thenotorioussuit.ie,,,not_found,,,0,,,,,,,,,
thenourishedrebel.ie,,,not_found,,,0,,,,,,,,,
theoatmilkman.ie,,,not_found,,,0,,,,,,,,,
theofflicence.ie,,,not_found,,,0,,,,,,,,,
theonlyfans.ie,,,not_found,,,0,,,,,,,,,
theorphanage.ie,,,not_found,,,0,,,No,,,,,,
thepandemics.ie,,,not_found,,,0,,,No,,,,,,
theparentcircle.ie,,,not_found,,,0,,,,,,,,,
theparkschoolofenglish.ie,,,not_found,,,0,,,Yes,school,,,,,
thepcdock.ie,,,not_found,,,0,,,No,,,,,,
thepensionnerd.ie,,,not_found,,,0,,,,,,,,,
theperfectweddinggift.ie,,,not_found,,,0,,,No,,,,,,
thepetpantry.ie,,,not_found,,,0,,,,,,,,,
thephillynottconvention.ie,,,not_found,,,0,,,No,,,,,,
thephotoexpo.ie,,,not_found,,,0,,,Yes,photo,,,,,
thephotographyrealm.ie,,,not_found,,,0,,,,,,,,,
thepilates-club.ie,,,not_found,,,0,,,,,,,,,
theplatinumportal.ie,,,not_found,,,0,,,,,,,,,
theplayhouse.ie,,,not_found,,,0,,,,,,,,,
theplaypatch.ie,,,not_found,,,0,,,,,,,,,
thepottingshedtearooms.ie,,,not_found,,,0,,,,,,,,,
thepremierpeople.ie,,,not_found,,,0,,,No,,,,,,
theprintingexperts.ie,,,not_found,,,0,,,Yes,print,,,,,
theprivacyguys.ie,,,not_found,,,0,,,No,privacy,,,,,
theprofessionaladvantage.ie,,,not_found,,,0,,,,,,,,,
thepumphouse.ie,,,not_found,,,0,,,,,,,,,
thequickbrownfox.ie,,,not_found,,,0,,,No,,,,,,
therabbitholecafe.ie,,,not_found,,,0,,,Yes,cafe,,,,,
theradiatorcompany.ie,,,not_found,,,0,,,No,radiator company,,,,,
therapist-direct.ie,,,not_found,,,0,,,,,,,,,
therapistdirect.ie,,,not_found,,,0,,,,,,,,,
therapportcompany.ie,,,not_found,,,0,,,,,,,,,
therationalrabbits.ie,,,not_found,,,0,,,,,,,,,
theraveireland.ie,,,not_found,,,0,,,,,,,,,
theredandgreen.ie,,,not_found,,,0,,,,,,,,,
thereputationpeople.ie,,,not_found,,,0,,,,,,,,,
therightblinds.ie,,,not_found,,,0,,,,,,,,,
thermorossi.ie,,,not_found,,,0,,,No,,,,,,
therollover.ie,,,not_found,,,0,,,,,,,,,
theround.ie,,,not_found,,,0,,,No,,,,,,
thesalesandmarketingcompany.ie,,,not_found,,,0,,,Yes,"marketing, sales",,,,,
theseaweedskincompany.ie,,,not_found,,,0,,,No,,,,,,
theselfcarecoach.ie,,,not_found,,,0,,,Yes,"coach, care",,,,,
theshoppingshack.ie,,,not_found,,,0,,,No,,,,,,
thesleeppractitioner.ie,,,not_found,,,0,,,,,,,,,
thesleepymammy.ie,,,not_found,,,0,,,No,,,,,,
thesneakypoint.ie,,,not_found,,,0,,,,,,,,,
thestateofus.ie,,,not_found,,,0,,,,,,,,,
thesteelemind.ie,,,not_found,,,0,,,,,,,,,
thestrategyacademy.ie,,,not_found,,,0,,,,,,,,,
thetellingadvantage.ie,,,not_found,,,0,,,,,,,,,
thetidytouch.ie,,,not_found,,,0,,,No,,,,,,
thetimeisnow.ie,,,not_found,,,0,,,,,,,,,
thetimeisnowblinds.ie,,,not_found,,,0,,,,,,,,,
thetoychest.ie,,,not_found,,,0,,,,,,,,,
thetravellingtailor.ie,,,not_found,,,0,,,,,,,,,
thevaletingcompany.ie,,,not_found,,,0,,,No,,,,,,
thevaletingguy.ie,,,not_found,,,0,,,,,,,,,
theveloracollection.ie,,,not_found,,,0,,,,,,,,,
thevibesvault.ie,,,not_found,,,0,,,No,,,,,,
thevibevault.ie,,,not_found,,,0,,,,,,,,,
thevillagehoteldouglas.ie,,,not_found,,,0,,,Yes,hotel,,,,,
thevisibleself.ie,,,not_found,,,0,,,No,,,,,,
thewakehouse.ie,,,not_found,,,0,,,Yes,house,,,,,
thewaterfordpost.ie,,,not_found,,,0,,,Yes,waterford,,,,,
thewebsitecollective.ie,,,not_found,,,0,,,Yes,website,,,,,
thewellnesswizard.ie,,,not_found,,,0,,,Yes,wellness,,,,,
thewoodfloorstore.ie,,,not_found,,,0,,,Yes,"floor, wood",,,,,
thewoodpodsauna.ie,,,not_found,,,0,,,Yes,wood,,,,,
thewoodssurgery.ie,,,not_found,,,0,,,Yes,wood,,,,,
theydocare.ie,,,not_found,,,0,,,Yes,care,,,,,
theyellowbus.ie,,,not_found,,,0,,,No,,,,,,
theyogurtbar.ie,,,not_found,,,0,,,,,,,,,
thinkev.ie,,,not_found,,,0,,,,,,,,,
thinkhire.ie,,,not_found,,,0,,,No,,,,,,
thinksimple.ie,,,not_found,,,0,,,No,,,,,,
thisiscandid.ie,,,not_found,,,0,,,No,,,,,,
thmotors.ie,,,not_found,,,0,,,,,,,,,
thomaskingston.ie,,,not_found,,,0,,,,,,,,,
thought.ie,,,not_found,,,0,,,No,,,,,,
threadsandtales.ie,,,not_found,,,0,,,,,,,,,
threechainsolutions.ie,,,not_found,,,0,,,Yes,solutions,,,,,
threeratsinatrenchcoat.ie,,,not_found,,,0,,,No,,,,,,
thril.ie,,,not_found,,,0,,,No,,,,,,
thrivable.ie,,,not_found,,,0,,,No,,,,,,
thriveholdings.ie,,,not_found,,,0,,,No,,,,,,
thrivewithfiona.ie,,,not_found,,,0,,,,,,,,,
thryvfuel.ie,,,not_found,,,0,,,No,,,,,,
thunders.ie,,,not_found,,,0,,,,,,,,,
ticktockcoffe.ie,,,not_found,,,0,,,,,,,,,
tidypaws.ie,,,not_found,,,0,,,,,,,,,
tidysolutions.ie,,,not_found,,,0,,,Yes,solutions,,,,,
tidytown.ie,,,not_found,,,0,,,No,,,,,,
tie-the-knot.ie,,,not_found,,,0,,,No,,,,,,
tiernacoffee.ie,,,not_found,,,0,,,No,,,,,,
tiktokshopireland.ie,,,not_found,,,0,,,,,,,,,
timberdirect.ie,,,not_found,,,0,,,No,,,,,,
timberlandsheds.ie,,,not_found,,,0,,,No,,,,,,
time-in-range.ie,,,not_found,,,0,,,,,,,,,
timeflo.ie,,,not_found,,,0,,,No,,,,,,
timeinrange.ie,,,not_found,,,0,,,,,,,,,
timeisnephrons.ie,,,not_found,,,0,,,No,,,,,,
timelesspressurewashing.ie,,,not_found,,,0,,,,,,,,,
timelesstribe.ie,,,not_found,,,0,,,,,,,,,
timetobloomtherapy.ie,,,not_found,,,0,,,Yes,therapy,,,,,
tinacartycoaching.ie,,,not_found,,,0,,,,,,,,,
tinakillydemesnelrd.ie,,,not_found,,,0,,,,,,,,,
tinc.ie,,,not_found,,,0,,,,,,,,,
tingue.ie,,,not_found,,,0,,,,,,,,,
tippcare.ie,,,not_found,,,0,,,Yes,care,,,,,
tipptogether.ie,,,not_found,,,0,,,No,,,,,,
tipptoptuition.ie,,,not_found,,,0,,,No,,,,,,
tipso.ie,,,not_found,,,0,,,No,,,,,,
tipsochips.ie,,,not_found,,,0,,,No,,,,,,
tipsocrisps.ie,,,not_found,,,0,,,No,,,,,,
tiptopfunhouse.ie,,,not_found,,,0,,,Yes,house,,,,,
tirumroofing.ie,,,not_found,,,0,,,,,,,,,
tirumroofingandbuildingservices.ie,,,not_found,,,0,,,,,,,,,
titaniumstrength.ie,,,not_found,,,0,,,,,,,,,
tiziupress.ie,,,not_found,,,0,,,No,,,,,,
tjguitars.ie,,,not_found,,,0,,,No,,,,,,
tlsgroup.ie,,,not_found,,,0,,,,,,,,,
toastednode.ie,,,not_found,,,0,,,,,,,,,
tobainvestments.ie,,,not_found,,,0,,,,,,,,,
tomandlauren.ie,,,not_found,,,0,,,,,,,,,
tombyrne.ie,,,not_found,,,0,,,,,,,,,
tomcooper.ie,,,not_found,,,0,,,,,,,,,
tomkelly.ie,,,not_found,,,0,,,,,,,,,
tommurphyservice.ie,,,not_found,,,0,,,,,,,,,
tommurphyshop.ie,,,not_found,,,0,,,,,,,,,
tommyboweshoes.ie,,,not_found,,,0,,,,,,,,,
tomsfarm.ie,,,not_found,,,0,,,,,,,,,
tonylawlessconsulting.ie,,,not_found,,,0,,,,,,,,,
toolshare.ie,,,not_found,,,0,,,No,,,,,,
toothfull.ie,,,not_found,,,0,,,,,,,,,
toothgemco.ie,,,not_found,,,0,,,,,,,,,
toothpastetabs.ie,,,not_found,,,0,,,,,,,,,
top1.ie,,,not_found,,,0,,,,,,,,,
top20.ie,,,not_found,,,0,,,,,,,,,
top4sport.ie,,,not_found,,,0,,,,,,,,,
top50.ie,,,not_found,,,0,,,,,,,,,
topchoicelandscaping.ie,,,not_found,,,0,,,Yes,landscaping,,,,,
topnotchtiling.ie,,,not_found,,,0,,,,,,,,,
topwheel.ie,,,not_found,,,0,,,,,,,,,
topwheels.ie,,,not_found,,,0,,,,,,,,,
torigraham.ie,,,not_found,,,0,,,,,,,,,
torus.ie,,,not_found,,,0,,,,,,,,,
totum.ie,,,not_found,,,0,,,No,,,,,,
tourmaline.ie,,,not_found,,,0,0,,,,,,,,
tourstoireland.ie,,,not_found,,,0,,,Yes,"ireland, tour",,,,,
towme.ie,,,not_found,,,0,,,No,,,,,,
towmycarireland.ie,,,not_found,,,0,,,,,,,,,
towncountry.ie,,,not_found,,,0,,,,,,,,,
townviewsourcing.ie,,,not_found,,,0,,,,,,,,,
tox.ie,,,not_found,,,0,,,No,,,,,,
toysaris.ie,,,not_found,,,0,,,,,,,,,
tpms.ie,,,not_found,,,0,,,,,,,,,
tracupuncture.ie,,,not_found,,,0,,,,,,,,,
tradala.ie,,,not_found,,,0,,,No,,,,,,
tradeboost.ie,,,not_found,,,0,,,,,,,,,
tradecentral.ie,,,not_found,,,0,,,No,,,,,,
tradeconnex.ie,,,not_found,,,0,,,No,,,,,,
trademarkregister.ie,,,not_found,,,0,,,No,,,,,,
tradeprints.ie,,,not_found,,,0,,,Yes,print,,,,,
traderoo.ie,,,not_found,,,0,,,,,,,,,
tradesmentax.ie,,,not_found,,,0,,,No,,,,,,
traffichire.ie,,,not_found,,,0,,,No,,,,,,
trailerdoctor.ie,,,not_found,,,0,,,Yes,doctor,,,,,
trailtodistinction.ie,,,not_found,,,0,,,No,,,,,,
trainai.ie,,,not_found,,,0,,,Yes,train,,,,,
trainerfinder.ie,,,not_found,,,0,,,,,,,,,
trainingballs.ie,,,not_found,,,0,,,Yes,training,,,,,
tralalalalalalalalee.ie,,,not_found,,,0,,,,,,,,,
trampolinezone.ie,,,not_found,,,0,,,No,,,,,,
tramyard.ie,,,not_found,,,0,,,,,,,,,
tranceformhypnotherapy.ie,,,not_found,,,0,,,Yes,therapy,,,,,
tranquilescapemassage.ie,,,not_found,,,0,,,Yes,massage,,,,,
transfersdublinairport.ie,,,not_found,,,0,,,Yes,"dublin, airport transfers",,,,,
transferss.ie,,,not_found,,,0,,,No,,,,,,
transformertable.ie,,,not_found,,,0,,,No,,,,,,
transformgovpodcast.ie,,,not_found,,,0,,,,,,,,,
transfusion.ie,,,not_found,,,0,,,No,,,,,,
transitionalwomen.ie,,,not_found,,,0,,,,,,,,,
translatingsilence.ie,,,not_found,,,0,,,,,,,,,
transtribe.ie,,,not_found,,,0,,,,,,,,,
traumasensitivesolutions.ie,,,not_found,,,0,,,Yes,solutions,,,,,
travel2america.ie,,,not_found,,,0,,,,,,,,,
travelroutesireland.ie,,,not_found,,,0,,,Yes,"ireland, travel",,,,,
treatytuition.ie,,,not_found,,,0,,,No,,,,,,
treeireland.ie,,,not_found,,,0,,,Yes,ireland,,,,,
treeoflifegoodies.ie,,,not_found,,,0,,,No,,,,,,
treeplantingireland.ie,,,not_found,,,0,,,Yes,ireland,,,,,
trendnest.ie,,,not_found,,,0,,,No,,,,,,
trendyandbendy.ie,,,not_found,,,0,,,No,,,,,,
triban.ie,,,not_found,,,0,,,,,,,,,
trimyxs.ie,,,not_found,,,0,,,,,,,,,
trinitysstory.ie,,,not_found,,,0,,,No,,,,,,
tripunzel.ie,,,not_found,,,0,,,No,,,,,,
trisafe.ie,,,not_found,,,0,,,,,,,,,
trisliadesign.ie,,,not_found,,,0,,,,,,,,,
tristan.ie,,,not_found,,,0,,,No,,,,,,
trojanhuntingandfishing.ie,,,not_found,,,0,,,No,,,,,,
trophiesawardsandgifts.ie,,,not_found,,,0,,,Yes,award,,,,,
truckkey.ie,,,not_found,,,0,,,,,,,,,
truebalance.ie,,,not_found,,,0,0,,No,,,,,,
truecare.ie,,,not_found,,,0,,,,,,,,,
truelove.ie,,,not_found,,,0,,,No,,,,,,
truenatureplaytherapy.ie,,,not_found,,,0,,,,,,,,,
trueyoupsychotherapy.ie,,,not_found,,,0,,,Yes,therapy,,,,,
trupvc.ie,,,not_found,,,0,,,,,,,,,
trustdeluxe.ie,,,not_found,,,0,,,,,,,,,
trustedcars.ie,,,not_found,,,0,,,No,,,,,,
trusteetraining.ie,,,not_found,,,0,,,Yes,training,,,,,
trustpointdigital.ie,,,not_found,,,0,,,,,,,,,
trusttony.ie,,,not_found,,,0,,,,,,,,,
tryactipatch.ie,,,not_found,,,0,,,,,,,,,
tshirtsireland.ie,,,not_found,,,0,,,,,,,,,
tsvisuals.ie,,,not_found,,,0,,,,,,,,,
ttd1.ie,,,not_found,,,0,,,,,,,,,
tu4dublinaccommodation.ie,,,not_found,,,0,,,,,,,,,
tuairisgconsulting.ie,,,not_found,,,0,,,,,,,,,
tuamcyclingclub.ie,,,not_found,,,0,,,,,,,,,
turkeyhairprocedure.ie,,,not_found,,,0,,,,hair Procedure,,,,,
turkeyhairtransplant.ie,,,not_found,,,0,,,,hair transplant,,,,,
turnofevents.ie,,,not_found,,,0,,,Yes,events,,,,,
turquoise.ie,,,not_found,,,0,0,,,,,,,,
tvnow.ie,,,not_found,,,0,,,No,TV Now,,,,,
twigirelandperfume.ie,,,not_found,,,0,,,Yes,ireland,,,,,
twinflameelopements.ie,,,not_found,,,0,,,No,,,,,,
twinsspecial.ie,,,not_found,,,0,,,,,,,,,
twistedpixel.ie,,,not_found,,,0,,,,,,,,,
twochairs.ie,,,not_found,,,0,,,Yes,hair,,,,,
txcarwash.ie,,,not_found,,,0,,,,,,,,,
txcarwashes.ie,,,not_found,,,0,,,,,,,,,
txcarwashvalet.ie,,,not_found,,,0,,,,,,,,,
type2talk.ie,,,not_found,,,0,,,No,,,,,,
typetecbc.ie,,,not_found,,,0,,,No,,,,,,
tyselfdefence.ie,,,not_found,,,0,,,No,,,,,,
tzashi.ie,,,not_found,,,0,,,,,,,,,
ubcd.ie,,,not_found,,,0,,,No,,,,,,
ufimsolutions.ie,,,not_found,,,0,,,,,,,,,
ufuk.ie,,,not_found,,,0,,,No,,,,,,
ukrepmed.ie,,,not_found,,,0,,,No,,,,,,
ultimatebounce.ie,,,not_found,,,0,,,,,,,,,
ultimatebrands.ie,,,not_found,,,0,,,,,,,,,
ultimateelectrician.ie,,,not_found,,,0,,,Yes,electric,,,,,
ultimatepainting.ie,,,not_found,,,0,,,Yes,painting,,,,,
ultimateplumbing.ie,,,not_found,,,0,,,Yes,plumbing,,,,,
ultimaterepairsolutions.ie,,,not_found,,,0,,,,,,,,,
ultimatesolarchoice.ie,,,not_found,,,0,,,No,,,,,,
ultimateweddings.ie,,,not_found,,,0,,,,,,,,,
ultimatewipeout.ie,,,not_found,,,0,,,,,,,,,
ultrafit.ie,,,not_found,,,0,,,No,,,,,,
ulverscroft.ie,,,not_found,,,0,,,No,,,,,,
umbrabazar.ie,,,not_found,,,0,,,,,,,,,
umbraloop.ie,,,not_found,,,0,,,,,,,,,
umbrarise.ie,,,not_found,,,0,,,,,,,,,
umhello.ie,,,not_found,,,0,,,No,,,,,,
unbrandable.ie,,,not_found,,,0,,,Yes,brand,,,,,
unbridledcoaching.ie,,,not_found,,,0,,,,,,,,,
uncharge.ie,,,not_found,,,0,,,No,,,,,,
uncluttered.ie,,,not_found,,,0,,,No,Uncluttered (home cleaning),,,,,
uncode.ie,,,not_found,,,0,,,No,,,,,,
undisputedbrands.ie,,,not_found,,,0,,,,,,,,,
unflaser.ie,,,not_found,,,0,,,,,,,,,
unify4teams.ie,,,not_found,,,0,,,,,,,,,
unimedia.ie,,,not_found,,,0,,,Yes,media,,,,,
uniqueeagledevelopments.ie,,,not_found,,,0,,,No,,,,,,
unityireland.ie,,,not_found,,,0,,,Yes,ireland,,,,,
universityesports.ie,,,not_found,,,0,,,,,,,,,
unwrappedplanet.ie,,,not_found,,,0,,,,,,,,,
upbl.ie,,,not_found,,,0,,,No,,,,,,
updoot.ie,,,not_found,,,0,,,No,,,,,,
upgradeyourhome.ie,,,not_found,,,0,,,Yes,home,,,,,
uptownkillarney.ie,,,not_found,,,0,,,,,,,,,
urbanclinic.ie,,,not_found,,,0,,,Yes,clinic,,,,,
urbandrainsplumbing.ie,,,not_found,,,0,,,Yes,"plumbing, band",,,,,
urbanspaces.ie,,,not_found,,,0,,,No,,,,,,
urbantint.ie,,,not_found,,,0,,,No,,,,,,
urchinardmore.ie,,,not_found,,,0,,,No,,,,,,
urchinbarandadventures.ie,,,not_found,,,0,,,,,,,,,
urchinpub.ie,,,not_found,,,0,,,No,,,,,,
urvlentoki.ie,,,not_found,,,0,,,No,,,,,,
us3spillingtea.ie,,,not_found,,,0,,,,,,,,,
usaitera-maireiki.ie,,,not_found,,,0,,,Yes,reiki,,,,,
usedialed.ie,,,not_found,,,0,,,,,,,,,
uxd.ie,,,not_found,,,0,,,,,,,,,
uxui.ie,,,not_found,,,0,,,,,,,,,
vaas.ie,,,not_found,,,0,,,,,,,,,
vaccine.ie,,,not_found,,,0,,,,,,,,,
valisere.ie,,,not_found,,,0,,,,,,,,,
vallon.ie,,,not_found,,,0,,,,,,,,,
valordo.ie,,,not_found,,,0,,,,,,,,,
van-guy.ie,,,not_found,,,0,,,,,,,,,
vanguy.ie,,,not_found,,,0,,,No,Van,,,,,
vanitymirrors.ie,,,not_found,,,0,,,,,,,,,
vanquishtiles.ie,,,not_found,,,0,,,Yes,tile,,,,,
vantel.ie,,,not_found,,,0,,,No,,,,,,
vapeoutlet.ie,,,not_found,,,0,,,No,,,,,,
vapex.ie,,,not_found,,,0,,,No,,,,,,
vaporized.ie,,,not_found,,,0,,,No,,,,,,
vartrymotors.ie,,,not_found,,,0,,,,,,,,,
vasp.ie,,,not_found,,,0,,,,,,,,,
vat3.ie,,,not_found,,,0,,,,,,,,,
vatcalc.ie,,,not_found,,,0,,,No,,,,,,
vatcalculator.ie,,,not_found,,,0,,,No,,,,,,
vaultfinancial.ie,,,not_found,,,0,,,,,,,,,
vcsireland.ie,,,not_found,,,0,,,Yes,ireland,,,,,
vcsrecruitment.ie,,,not_found,,,0,,,Yes,recruitment,,,,,
vegusto.ie,,,not_found,,,0,,,No,,,,,,
veilyeah.ie,,,not_found,,,0,,,,,,,,,
velocitycycles.ie,,,not_found,,,0,,,No,,,,,,
velorarentals.ie,,,not_found,,,0,,,,,,,,,
velvetcowboy.ie,,,not_found,,,0,,,,,,,,,
velvetcowboystudio.ie,,,not_found,,,0,,,,,,,,,
vendingpro.ie,,,not_found,,,0,,,No,,,,,,
ventilationireland.ie,,,not_found,,,0,,,Yes,ireland,,,,,
venuescanner.ie,,,not_found,,,0,,,No,Venue Scanner,,,,,
verdigris.ie,,,not_found,,,0,,,,,,,,,
verifiedtradesperson.ie,,,not_found,,,0,,,No,tradesperson,,,,,
verkind.ie,,,not_found,,,0,,,,,,,,,
vertexcompliance.ie,,,not_found,,,0,,,No,,,,,,
vertexevents.ie,,,not_found,,,0,,,Yes,events,,,,,
vertexmarquees.ie,,,not_found,,,0,,,No,,,,,,
verticalink.ie,,,not_found,,,0,,,No,,,,,,
verveshowrunner.ie,,,not_found,,,0,,,,,,,,,
vesicahealthcare.ie,,,not_found,,,0,,,Yes,healthcare,,,,,
vew.ie,,,not_found,,,0,,,,,,,,,
viadublinkitchen.ie,,,not_found,,,0,,,Yes,dublin,,,,,
viavero.ie,,,not_found,,,0,,,,,,,,,
vibedrive.ie,,,not_found,,,0,,,,,,,,,
vibrez.ie,,,not_found,,,0,,,,,,,,,
vicenza.ie,,,not_found,,,0,,,,,,,,,
viciprojectmanagement.ie,,,not_found,,,0,,,,,,,,,
vicolaterliving.ie,,,not_found,,,0,,,,,,,,,
victoriahousekildare.ie,,,not_found,,,0,,,,,,,,,
vidamotors.ie,,,not_found,,,0,,,,,,,,,
viembi.ie,,,not_found,,,0,,,No,,,,,,
viewmount.ie,,,not_found,,,0,,,,,,,,,
viewofficespace.ie,,,not_found,,,0,,,No,,,,,,
vijesti.ie,,,not_found,,,0,,,,,,,,,
viking-girl.ie,,,not_found,,,0,,,,,,,,,
vikinggirl.ie,,,not_found,,,0,,,,,,,,,
vikingvaults.ie,,,not_found,,,0,,,No,,,,,,
villagedouglas.ie,,,not_found,,,0,,,,,,,,,
villagehoteldouglas.ie,,,not_found,,,0,,,,,,,,,
vindoko.ie,,,not_found,,,0,,,,,,,,,
vineleaf.ie,,,not_found,,,0,,,,,,,,,
vinissweetcraft.ie,,,not_found,,,0,,,,,,,,,
vinomalahide.ie,,,not_found,,,0,,,,,,,,,
vintagebookclub.ie,,,not_found,,,0,,,No,,,,,,
vintagevaperooms.ie,,,not_found,,,0,,,Yes,room,,,,,
vipdaytours.ie,,,not_found,,,0,,,Yes,tour,,,,,
vipevents.ie,,,not_found,,,0,,,Yes,events,,,,,
viprandtonecork.ie,,,not_found,,,0,,,,,,,,,
viprip.ie,,,not_found,,,0,,,,,,,,,
viralwebsitesireland.ie,,,not_found,,,0,,,,"website, ireland",,,,,
virtual-training.ie,,,not_found,,,0,,,Yes,training,,,,,
virtueintagratedcare.ie,,,not_found,,,0,,,,,,,,,
virtueintegreatedcare.ie,,,not_found,,,0,,,,,,,,,
viscount.ie,,,not_found,,,0,,,No,,,,,,
vision-ireland.ie,,,not_found,,,0,,,Yes,ireland,,,,,
visionstrategy.ie,,,not_found,,,0,,,,,,,,,
visitczechia.ie,,,not_found,,,0,,,,,,,,,
visonaryblinds.ie,,,not_found,,,0,,,,,,,,,
vita-keys.ie,,,not_found,,,0,,,No,,,,,,
vitaldentec.ie,,,not_found,,,0,,,No,,,,,,
vivaflags.ie,,,not_found,,,0,,,No,,,,,,
vivestay.ie,,,not_found,,,0,,,,,,,,,
vizualith.ie,,,not_found,,,0,,,No,,,,,,
vmconstruction.ie,,,not_found,,,0,,,,,,,,,
vocalise.ie,,,not_found,,,0,,,No,,,,,,
voiceaverse.ie,,,not_found,,,0,,,No,,,,,,
voicenanog.ie,,,not_found,,,0,,,,,,,,,
volkswagendundalk.ie,,,not_found,,,0,,,,,,,,,
voltcheck.ie,,,not_found,,,0,,,,,,,,,
voltis.ie,,,not_found,,,0,,,,,,,,,
vonwillebrands.ie,,,not_found,,,0,,,,,,,,,
vosbeauty.ie,,,not_found,,,0,,,,,,,,,
vowsandvision.ie,,,not_found,,,0,,,,,,,,,
voxelf.ie,,,not_found,,,0,,,,,,,,,
vrpm.ie,,,not_found,,,0,,,,,,,,,
vshirt.ie,,,not_found,,,0,,,,,,,,,
vshirts.ie,,,not_found,,,0,,,,,,,,,
vssi.ie,,,not_found,,,0,,,,,,,,,
vylor.ie,,,not_found,,,0,,,,,,,,,
waderseip.ie,,,not_found,,,0,,,,,,,,,
wakwayasaketa.ie,,,not_found,,,0,,,,,,,,,
waleedazza.ie,,,not_found,,,0,,,No,,,,,,
walkertalkerchatshow.ie,,,not_found,,,0,,,,,,,,,
wallpapermurals.ie,,,not_found,,,0,,,No,,,,,,
wallprintsdonegal.ie,,,not_found,,,0,,,Yes,"donegal, print",,,,,
wallsnapz.ie,,,not_found,,,0,,,No,,,,,,
walnut.ie,,,not_found,,,0,,,No,,,,,,
walshhairdesign.ie,,,not_found,,,0,,,Yes,"design, hair",,,,,
wander-wake.ie,,,not_found,,,0,,,,,,,,,
wanderesstravel.ie,,,not_found,,,0,,,,,,,,,
wangle.ie,,,not_found,,,0,,,No,,,,,,
warehouserecruitment.ie,,,not_found,,,0,,,Yes,"recruitment, house",,,,,
warnercentre.ie,,,not_found,,,0,,,,,,,,,
washaway.ie,,,not_found,,,0,,,,,,,,,
watefinancial.ie,,,not_found,,,0,,,,,,,,,
watercremationdirect.ie,,,not_found,,,0,,,,,,,,,
waterfiltersireland.ie,,,not_found,,,0,,,,,,,,,
waterfordbreastfeeding.ie,,,not_found,,,0,,,,,,,,,
waterfordcare.ie,,,not_found,,,0,,,Yes,"waterford, care",,,,,
waterfordinclusiverecoverycity.ie,,,not_found,,,0,,,,,,,,,
waterfordreflexology.ie,,,not_found,,,0,,,Yes,"reflexology, waterford",,,,,
watervilleenergy.ie,,,not_found,,,0,,,No,,,,,,
wayout.ie,,,not_found,,,0,,,,,,,,,
wbd.ie,,,not_found,,,0,,,,,,,,,
wealthsphere.ie,,,not_found,,,0,,,,,,,,,
weapon.ie,,,not_found,,,0,0,,,,,,,,
wearclothing.ie,,,not_found,,,0,,,,,,,,,
wearearcoo.ie,,,not_found,,,0,,,Yes,area,,,,,
wearecoandco.ie,,,not_found,,,0,,,No,,,,,,
wearefoldretreats.ie,,,not_found,,,0,,,,,,,,,
wearekingdomkind.ie,,,not_found,,,0,,,No,,,,,,
weatherguard.ie,,,not_found,,,0,,,No,,,,,,
weavingbalance.ie,,,not_found,,,0,,,No,,,,,,
web-rated.ie,,,not_found,,,0,,,No,,,,,,
webboost.ie,,,not_found,,,0,,,,,,,,,
webdesignerscork.ie,,,not_found,,,0,,,,,,,,,
webhosting24.ie,,,not_found,,,0,,,,,,,,,
webrand.ie,,,not_found,,,0,,,,,,,,,
websitesbyme.ie,,,not_found,,,0,,,Yes,website,,,,,
websiteservice.ie,,,not_found,,,0,,,,,,,,,
websitesmadesimple.ie,,,not_found,,,0,,,,,,,,,
websitesmith.ie,,,not_found,,,0,,,Yes,website,,,,,
websoftconsultants.ie,,,not_found,,,0,,,Yes,consultant,,,,,
webuypre63.ie,,,not_found,,,0,,,,,,,,,
wechat.ie,,,not_found,,,0,,,No,,,,,,
wecreatestudio.ie,,,not_found,,,0,,,Yes,studio,,,,,
weddingbits.ie,,,not_found,,,0,,,No,Wedding,,,,,
weddingfavors.ie,,,not_found,,,0,,,,,,,,,
weddingservices.ie,,,not_found,,,0,,,Yes,services,,,,,
weddingyearcellar.ie,,,not_found,,,0,,,No,,,,,,
weedipandsip.ie,,,not_found,,,0,,,,,,,,,
weekendbreakskildare.ie,,,not_found,,,0,,,No,,,,,,
weekendstock.ie,,,not_found,,,0,,,,,,,,,
wefixthings.ie,,,not_found,,,0,,,,,,,,,
wekare.ie,,,not_found,,,0,,,,,,,,,
wellbeingvillage.ie,,,not_found,,,0,,,Yes,wellbeing,,,,,
wellisland.ie,,,not_found,,,0,,,,,,,,,
wellivea.ie,,,not_found,,,0,,,,,,,,,
wellnessdip.ie,,,not_found,,,0,,,,,,,,,
wesellphones.ie,,,not_found,,,0,,,,,,,,,
westclarecarpets.ie,,,not_found,,,0,,,Yes,carpet,,,,,
westcorkcomicon.ie,,,not_found,,,0,,,,,,,,,
westcorkmortgagebrokers.ie,,,not_found,,,0,,,,,,,,,
westernhousemaintenance.ie,,,not_found,,,0,,,Yes,"maintenance, house",,,,,
westjetacademy.ie,,,not_found,,,0,,,No,,,,,,
westman.ie,,,not_found,,,0,,,,,,,,,
westmeathcare.ie,,,not_found,,,0,,,Yes,"westmeath, care",,,,,
westpaw.ie,,,not_found,,,0,,,No,,,,,,
westpointpropertymaintence.ie,,,not_found,,,0,,,,,,,,,
westwardeng.ie,,,not_found,,,0,,,,,,,,,
westwardengineering.ie,,,not_found,,,0,,,,,,,,,
wewillthrive.ie,,,not_found,,,0,,,No,,,,,,
wexbread.ie,,,not_found,,,0,,,No,,,,,,
wexfordcare.ie,,,not_found,,,0,,,Yes,"wexford, care",,,,,
wexfordradonservices.ie,,,not_found,,,0,,,,,,,,,
wexfordrisk.ie,,,not_found,,,0,,,Yes,wexford,,,,,
wexfordroofing.ie,,,not_found,,,0,,,Yes,"roofing, wexford",,,,,
whatiswhiskey.ie,,,not_found,,,0,,,,,,,,,
whatiswhisky.ie,,,not_found,,,0,,,,,,,,,
whatonearth.ie,,,not_found,,,0,,,,,,,,,
wheeliebin.ie,,,not_found,,,0,,,,,,,,,
wheeliebincleaning.ie,,,not_found,,,0,,,,,,,,,
wheeloftime.ie,,,not_found,,,0,,,,,,,,,
wheelyclean.ie,,,not_found,,,0,,,,,,,,,
whileyfox.ie,,,not_found,,,0,,,,,,,,,
whimsicalfish.ie,,,not_found,,,0,,,,,,,,,
whiskeychats.ie,,,not_found,,,0,,,No,,,,,,
whitefoxdigital.ie,,,not_found,,,0,,,,,,,,,
whiteglavin.ie,,,not_found,,,0,,,,,,,,,
whiterteeth.ie,,,not_found,,,0,,,No,Teeth,,,,,
whiteweddings.ie,,,not_found,,,0,,,,,,,,,
wholescripts.ie,,,not_found,,,0,,,,,,,,,
wicklowbikehireandsales.ie,,,not_found,,,0,,,Yes,"wicklow, sales",,,,,
wicklowcare.ie,,,not_found,,,0,,,Yes,"wicklow, care",,,,,
wicklowholidays.ie,,,not_found,,,0,,,Yes,wicklow,,,,,
wicklowsolicitor.ie,,,not_found,,,0,,,Yes,"solicitor, wicklow",,,,,
wicklowwebwizard.ie,,,not_found,,,0,,,Yes,wicklow,,,,,
wildaboutwestcork.ie,,,not_found,,,0,,,Yes,cork,,,,,
wildatlanticbnb.ie,,,not_found,,,0,,,No,Wild Atlantic BnB,,,,,
wildatlanticcottage.ie,,,not_found,,,0,,,No,Wild Atlantic Cottage,,,,,
wildatlanticstore.ie,,,not_found,,,0,,,,,,,,,
wildatlanticwritersretreat.ie,,,not_found,,,0,,,,,,,,,
wildbornandstill.ie,,,not_found,,,0,,,No,,,,,,
wildbrook.ie,,,not_found,,,0,,,,,,,,,
wildflowerhealing.ie,,,not_found,,,0,,,Yes,healing,,,,,
wildrootstherapy.ie,,,not_found,,,0,,,,,,,,,
wildways.ie,,,not_found,,,0,,,,,,,,,
wildwestlandscaping.ie,,,not_found,,,0,,,Yes,landscaping,,,,,
willfinderz.ie,,,not_found,,,0,,,No,,,,,,
willowvalleygetaways.ie,,,not_found,,,0,,,,,,,,,
willowvalleyretreats.ie,,,not_found,,,0,,,,,,,,,
wiltonsearch.ie,,,not_found,,,0,,,No,,,,,,
winahouseincarrickonshannon.ie,,,not_found,,,0,,,,,,,,,
winahouseinwestport3.ie,,,not_found,,,0,,,Yes,house,,,,,
winakiasportage.ie,,,not_found,,,0,,,Yes,sport,,,,,
winawin.ie,,,not_found,,,0,,,No,,,,,,
windco.ie,,,not_found,,,0,,,,,,,,,
windcoireland.ie,,,not_found,,,0,,,,,,,,,
windwave.ie,,,not_found,,,0,,,No,,,,,,
wineeducationacademy.ie,,,not_found,,,0,,,No,,,,,,
winegpt.ie,,,not_found,,,0,,,No,,,,,,
winnie.ie,,,not_found,,,0,,,,,,,,,
winningways.ie,,,not_found,,,0,,,No,,,,,,
winsolar.ie,,,not_found,,,0,,,,,,,,,
winterstail.ie,,,not_found,,,0,,,No,,,,,,
winterville.ie,,,not_found,,,0,,,,,,,,,
winthewaves.ie,,,not_found,,,0,,,,,,,,,
winways.ie,,,not_found,,,0,,,No,,,,,,
wirelesslan.ie,,,not_found,,,0,,,,,,,,,
wits.ie,,,not_found,,,0,,,No,,,,,,
wmlsinvest.ie,,,not_found,,,0,,,No,,,,,,
womeninpolitics.ie,,,not_found,,,0,,,No,womeninpolitics,,,,,
wondersofwillow.ie,,,not_found,,,0,,,No,,,,,,
woodbrookgolfclub.ie,,,not_found,,,0,,,,,,,,,
wooddecor.ie,,,not_found,,,0,,,Yes,wood,,,,,
woodez.ie,,,not_found,,,0,,,Yes,wood,,,,,
woodlock.ie,,,not_found,,,0,,,,,,,,,
woodsidewoodworks.ie,,,not_found,,,0,,,Yes,"wood, work",,,,,
woodviewgifts.ie,,,not_found,,,0,,,Yes,wood,,,,,
woozza.ie,,,not_found,,,0,,,No,,,,,,
woozzamiddlestreet.ie,,,not_found,,,0,,,No,,,,,,
woozzapizzeria.ie,,,not_found,,,0,,,No,,,,,,
wordly.ie,,,not_found,,,0,,,,,,,,,
wordmatters.ie,,,not_found,,,0,0,,No,,,,,,
wordpressdbs.ie,,,not_found,,,0,,,,,,,,,
wordtune.ie,,,not_found,,,0,4,706,,,,,,2024-03-26,2024-09-22
wordy.ie,,,not_found,,,0,,,No,,,,,,
workasure.ie,,,not_found,,,0,,,Yes,work,,,,,
workflowclarity.ie,,,not_found,,,0,,,,,,,,,
workfolio.ie,,,not_found,,,0,,,Yes,work,,,,,
workingholidayvisa.ie,,,not_found,,,0,,,,,,,,,
workjunction.ie,,,not_found,,,0,,,Yes,work,,,,,
worknest.ie,,,not_found,,,0,,,,,,,,,
workplace-mediation.ie,,,not_found,,,0,,,,,,,,,
worksofart.ie,,,not_found,,,0,,,Yes,work,,,,,
worldofenvelopes.ie,,,not_found,,,0,,,,,,,,,
woven.ie,,,not_found,,,0,,,No,,,,,,
wowwindowsanddoors.ie,,,not_found,,,0,,,,,,,,,
wplants.ie,,,not_found,,,0,,,,,,,,,
wraplegends.ie,,,not_found,,,0,,,,,,,,,
wristbands4u.ie,,,not_found,,,0,,,,,,,,,
writeme.ie,,,not_found,,,0,,,No,,,,,,
writeyourmemoir.ie,,,not_found,,,0,,,,,,,,,
wuji.ie,,,not_found,,,0,,,No,,,,,,
wurlitzer.ie,,,not_found,,,0,,,No,,,,,,
wwt.ie,,,not_found,,,0,,,No,,,,,,
x-rayhub.ie,,,not_found,,,0,,,,,,,,,
x2.ie,,,not_found,,,0,,,,,,,,,
x8.ie,,,not_found,,,0,,,,,,,,,
xau.ie,,,not_found,,,0,,,,,,,,,
xbee.ie,,,not_found,,,0,,,No,,,,,,
xbrtags.ie,,,not_found,,,0,,,,,,,,,
xcmgireland.ie,,,not_found,,,0,,,Yes,ireland,,,,,
xdc.ie,,,not_found,,,0,,,No,,,,,,
xitisfs.ie,,,not_found,,,0,,,No,,,,,,
xn--banraviationadvisory-s4b.ie,,,not_found,,,0,,,,,,,,,
xn--broll-3sa.ie,,,not_found,,,0,,,,,,,,,
xn--buwear-4va.ie,,,not_found,,,0,,,,,,,,,
xn--coffeeir-03a.ie,,,not_found,,,0,,,,,,,,,
xn--crpilates-56a.ie,,,not_found,,,0,,,,,,,,,
xn--dantalegr-81a3f.ie,,,not_found,,,0,,,,,,,,,
xn--dialgireland-3hb.ie,,,not_found,,,0,,,,,,,,,
xn--eola-ypa.ie,,,not_found,,,0,,,,,,,,,
xn--globalventureireltd-nzb.ie,,,not_found,,,0,,,,,,,,,
xn--grnahireann-l7a1i.ie,,,not_found,,,0,,,,,,,,,
xn--iremarbleporelain-9sb.ie,,,not_found,,,0,,,,,,,,,
xn--ivlux-csa.ie,,,not_found,,,0,,,,,,,,,
xn--largas-bva.ie,,,not_found,,,0,,,,,,,,,
xn--minteoirchloe-3nb.ie,,,not_found,,,0,,,,,,,,,
xn--namh-hen-c2a.ie,,,not_found,,,0,,,,,,,,,
xn--riutherapy-96a.ie,,,not_found,,,0,,,,,,,,,
xn--sgh-gna.ie,,,not_found,,,0,,,,,,,,,
xn--slugg-3ta.ie,,,not_found,,,0,,,,,,,,,
xn--voicenang-d7a.ie,,,not_found,,,0,,,,,,,,,
xo2go.ie,,,not_found,,,0,,,,,,,,,
xonox.ie,,,not_found,,,0,,,,,,,,,
xotogo.ie,,,not_found,,,0,,,,,,,,,
xposa.ie,,,not_found,,,0,,,,,,,,,
xquisite.ie,,,not_found,,,0,,,No,,,,,,
xroadscareerguidance.ie,,,not_found,,,0,,,,,,,,,
xymogen.ie,,,not_found,,,0,,,,,,,,,
yachticon.ie,,,not_found,,,0,,,No,,,,,,
yasminedesigns.ie,,,not_found,,,0,,,,,,,,,
yasmineradwan.ie,,,not_found,,,0,,,No,,,,,,
ybfixings.ie,,,not_found,,,0,,,,,,,,,
ybigstore.ie,,,not_found,,,0,,,,,,,,,
ycm.ie,,,not_found,,,0,,,,,,,,,
yeehaw-competitions.ie,,,not_found,,,0,,,,,,,,,
yeehaw-giveaways.ie,,,not_found,,,0,,,,,,,,,
yeehawcompetitions.ie,,,not_found,,,0,,,,,,,,,
yeehawgiveaways.ie,,,not_found,,,0,,,,,,,,,
yerrah.ie,,,not_found,,,0,,,No,,,,,,
yeswecan.ie,,,not_found,,,0,,,No,,,,,,
ygm.ie,,,not_found,,,0,,,,,,,,,
yieldwise.ie,,,not_found,,,0,,,No,,,,,,
yippay.ie,,,not_found,,,0,,,,,,,,,
yocapella.ie,,,not_found,,,0,,,,,,,,,
yogajourney.ie,,,not_found,,,0,,,Yes,yoga,,,,,
yogawithsusan.ie,,,not_found,,,0,,,,,,,,,
yogaworks.ie,,,not_found,,,0,,,Yes,"yoga, work",,,,,
yohupp.ie,,,not_found,,,0,,,No,,,,,,
yosemite.ie,,,not_found,,,0,,,,,,,,,
youboysingreen.ie,,,not_found,,,0,,,Yes,green,,,,,
youngchangemakers.ie,,,not_found,,,0,,,,,,,,,
youngcitizens.ie,,,not_found,,,0,,,,,,,,,
youngtalents.ie,,,not_found,,,0,,,No,,,,,,
your-acupuncturist.ie,,,not_found,,,0,,,Yes,acupuncturist,,,,,
your-btc.ie,,,not_found,,,0,,,,,,,,,
your-crypto.ie,,,not_found,,,0,,,,,,,,,
your-pain.ie,,,not_found,,,0,,,,,,,,,
your-xrp.ie,,,not_found,,,0,,,,,,,,,
youracupuncturist.ie,,,not_found,,,0,,,Yes,acupuncturist,,,,,
yourautismjourney.ie,,,not_found,,,0,,,Yes,autism,,,,,
yourautoagent.ie,,,not_found,,,0,,,Yes,"agent, auto",,,,,
yourbitcoin.ie,,,not_found,,,0,,,,,,,,,
yourbiz.ie,,,not_found,,,0,,,No,,,,,,
yourbond.ie,,,not_found,,,0,,,,,,,,,
yourboudoir.ie,,,not_found,,,0,,,,,,,,,
yourbtc.ie,,,not_found,,,0,,,,,,,,,
yourcrypto.ie,,,not_found,,,0,,,,,,,,,
yourgenderhealth.ie,,,not_found,,,0,,,,,,,,,
yourpain.ie,,,not_found,,,0,,,No,,,,,,
yourperfectday.ie,,,not_found,,,0,,,No,Perfect Day (Weddings),,,,,
yourpour.ie,,,not_found,,,0,,,,,,,,,
yourremoteteam.ie,,,not_found,,,0,,,,,,,,,
yourstor.ie,,,not_found,,,0,,,,,,,,,
yourweddingwebsite.ie,,,not_found,,,0,,,,,,,,,
yourwellbeingarchitect.ie,,,not_found,,,0,,,,,,,,,
youtfirst.ie,,,not_found,,,0,,,,,,,,,
yoxiii.ie,,,not_found,,,0,,,,,,,,,
yoyoasiankitchen.ie,,,not_found,,,0,,,,,,,,,
yummiestakeaway.ie,,,not_found,,,0,,,,,,,,,
yummywaterford.ie,,,not_found,,,0,,,,,,,,,
yzf.ie,,,not_found,,,0,,,,,,,,,
zainytraders.ie,,,not_found,,,0,,,,,,,,,
zamzamkebab.ie,,,not_found,,,0,,,,,,,,,
zaytopyx.ie,,,not_found,,,0,,,,,,,,,
zendaotherapy.ie,,,not_found,,,0,,,,,,,,,
zendog.ie,,,not_found,,,0,,,,,,,,,
zenellebray.ie,,,not_found,,,0,,,,,,,,,
zenflow.ie,,,not_found,,,0,0,,,,,,,,
zenfrogservices.ie,,,not_found,,,0,,,,,,,,,
zenova.ie,,,not_found,,,0,,,,,,,,,
zenparty.ie,,,not_found,,,0,,,,,,,,,
zenwear.ie,,,not_found,,,0,,,,,,,,,
zerospill.ie,,,not_found,,,0,,,,,,,,,
zerto-logistics.ie,,,not_found,,,0,,,,,,,,,
zhiyun-tech.ie,,,not_found,,,0,,,,,,,,,
zhiyun.ie,,,not_found,,,0,,,,,,,,,
zhokvarit.ie,,,not_found,,,0,,,,,,,,,
ziggle.ie,,,not_found,,,0,,,,,,,,,
zikler.ie,,,not_found,,,0,,,,,,,,,
zinzanffe.ie,,,not_found,,,0,,,,,,,,,
zionchef.ie,,,not_found,,,0,,,,,,,,,
zitzmann.ie,,,not_found,,,0,,,,,,,,,
zivo.ie,,,not_found,,,0,,,,,,,,,
zonegroup.ie,,,not_found,,,0,,,,,,,,,
zoomerpublishing.ie,,,not_found,,,0,,,,,,,,,
zooproductions.ie,,,not_found,,,0,,,Yes,production,,,,,
zumbawithstefanie.ie,,,not_found,,,0,,,,,,,,,
zwieger.ie,,,not_found,,,0,,,,,,,,,
cropped-cropped-2024-logo-.ie,,,not_found,,,,,,,,,,,,
